fecha_snapshot,pedido,plan_slot,contenedor_id,fecha_primer_movimiento,plan_llegada_grupasa,bodega,hora_descarga,comentario_plan_grupasa,tipo_asignacion
2026-05-20,5700011067 P5 - 8000203 P2 - 212 P5 - 8000242 P4 F,1,BMOU6903401,2026-03-10,2026-03-13,PLANTA PRINCIPAL,,,persistida
2026-05-20,5700011067 P5 - 8000203 P2 - 212 P5 - 8000242 P4 F,2,BMOU6954733,2026-03-10,2026-03-13,PLANTA PRINCIPAL,,,persistida
2026-05-20,5700011067 P5 - 8000203 P2 - 212 P5 - 8000242 P4 F,3,CAAU5528160,2026-03-10,2026-03-13,PLANTA PRINCIPAL,,,persistida
2026-05-20,5700011067 P5 - 8000203 P2 - 212 P5 - 8000242 P4 F,4,CAIU4773232,2026-03-10,2026-03-13,PLANTA PRINCIPAL,,,persistida
2026-05-20,5700011067 P5 - 8000203 P2 - 212 P5 - 8000242 P4 F,5,CAIU7355473,2026-03-10,2026-03-13,PLANTA PRINCIPAL,,,persistida
2026-05-20,5700011067 P5 - 8000203 P2 - 212 P5 - 8000242 P4 F,6,CAIU8711732,2026-03-10,2026-03-13,PLANTA PRINCIPAL,,,persistida
2026-05-20,5700011067 P5 - 8000203 P2 - 212 P5 - 8000242 P4 F,7,CXDU2149308,2026-03-10,2026-03-13,PLANTA PRINCIPAL,,,persistida
2026-05-20,5700011067 P5 - 8000203 P2 - 212 P5 - 8000242 P4 F,8,DFSU7790298,2026-03-10,2026-03-13,PLANTA PRINCIPAL,,,persistida
2026-05-20,5700011067 P5 - 8000203 P2 - 212 P5 - 8000242 P4 F,9,DRYU9385816,2026-03-10,2026-03-13,PLANTA PRINCIPAL,,,persistida
2026-05-20,5700011067 P5 - 8000203 P2 - 212 P5 - 8000242 P4 F,10,FCIU7382456,2026-03-10,2026-03-13,CAMPO CHINO,,,persistida
2026-05-20,5700011067 P5 - 8000203 P2 - 212 P5 - 8000242 P4 F,11,FFAU1563001,2026-03-10,2026-03-13,CAMPO CHINO,,,persistida
2026-05-20,5700011067 P5 - 8000203 P2 - 212 P5 - 8000242 P4 F,12,FFAU2265378,2026-03-10,2026-03-13,PLANTA PRINCIPAL,,,persistida
2026-05-20,5700011067 P5 - 8000203 P2 - 212 P5 - 8000242 P4 F,13,FFAU3505513,2026-03-10,2026-03-13,PLANTA PRINCIPAL,,,persistida
2026-05-20,5700011067 P5 - 8000203 P2 - 212 P5 - 8000242 P4 F,14,GAOU7436086,2026-03-10,2026-03-13,PLANTA PRINCIPAL,,,persistida
2026-05-20,5700011067 P5 - 8000203 P2 - 212 P5 - 8000242 P4 F,15,MEDU9369775,2026-03-10,2026-03-15,PLANTA PRINCIPAL,,,persistida
2026-05-20,5700011067 P5 - 8000203 P2 - 212 P5 - 8000242 P4 F,16,MSBU7425720,2026-03-10,2026-03-15,PLANTA PRINCIPAL,,,persistida
2026-05-20,5700011067 P5 - 8000203 P2 - 212 P5 - 8000242 P4 F,17,MSCU5239951,2026-03-10,2026-03-15,PLANTA PRINCIPAL,,,persistida
2026-05-20,5700011067 P5 - 8000203 P2 - 212 P5 - 8000242 P4 F,18,MSCU5332133,2026-03-10,2026-03-15,PLANTA PRINCIPAL,,,persistida
2026-05-20,5700011067 P5 - 8000203 P2 - 212 P5 - 8000242 P4 F,19,MSDU5603687,2026-03-10,2026-03-15,PLANTA PRINCIPAL,,,persistida
2026-05-20,5700011067 P5 - 8000203 P2 - 212 P5 - 8000242 P4 F,20,MSDU6533223,2026-03-10,2026-03-15,PLANTA PRINCIPAL,,,persistida
2026-05-20,5700011067 P5 - 8000203 P2 - 212 P5 - 8000242 P4 F,21,MSDU6841015,2026-03-10,2026-03-15,PLANTA PRINCIPAL,,,persistida
2026-05-20,5700011067 P5 - 8000203 P2 - 212 P5 - 8000242 P4 F,22,MSDU6895114,2026-03-10,2026-03-15,PLANTA PRINCIPAL,,,persistida
2026-05-20,5700011067 P5 - 8000203 P2 - 212 P5 - 8000242 P4 F,23,MSDU7528160,2026-03-10,2026-03-15,PLANTA PRINCIPAL,,,persistida
2026-05-20,5700011067 P5 - 8000203 P2 - 212 P5 - 8000242 P4 F,24,MSDU8922250,2026-03-10,2026-03-15,PLANTA PRINCIPAL,,,persistida
2026-05-20,5700011067 P5 - 8000203 P2 - 212 P5 - 8000242 P4 F,25,MSMU4036651,2026-03-10,2026-03-15,PLANTA PRINCIPAL,,,persistida
2026-05-20,5700011067 P5 - 8000203 P2 - 212 P5 - 8000242 P4 F,26,MSMU4189310,2026-03-10,2026-03-15,PLANTA PRINCIPAL,,,persistida
2026-05-20,5700011067 P5 - 8000203 P2 - 212 P5 - 8000242 P4 F,27,MSMU4933572,2026-03-10,2026-03-15,PLANTA PRINCIPAL,,,persistida
2026-05-20,5700011067 P5 - 8000203 P2 - 212 P5 - 8000242 P4 F,28,MSMU6460247,2026-03-10,2026-03-17,CAMPO CHINO,,,persistida
2026-05-20,5700011067 P5 - 8000203 P2 - 212 P5 - 8000242 P4 F,29,MSMU7489836,2026-03-10,2026-03-17,CAMPO CHINO,,,persistida
2026-05-20,5700011067 P5 - 8000203 P2 - 212 P5 - 8000242 P4 F,30,MSMU8096751,2026-03-10,2026-03-17,CAMPO CHINO,,,persistida
2026-05-20,5700011067 P5 - 8000203 P2 - 212 P5 - 8000242 P4 F,31,MSMU8626110,2026-03-10,2026-03-17,CAMPO CHINO,,,persistida
2026-05-20,5700011067 P5 - 8000203 P2 - 212 P5 - 8000242 P4 F,32,MSNU5427490,2026-03-10,2026-03-17,CAMPO CHINO,,,persistida
2026-05-20,5700011067 P5 - 8000203 P2 - 212 P5 - 8000242 P4 F,33,MSNU5427660,2026-03-10,2026-03-17,CAMPO CHINO,,,persistida
2026-05-20,5700011067 P5 - 8000203 P2 - 212 P5 - 8000242 P4 F,34,MSNU5605801,2026-03-10,2026-03-17,CAMPO CHINO,,,persistida
2026-05-20,5700011067 P5 - 8000203 P2 - 212 P5 - 8000242 P4 F,35,MSNU7366943,2026-03-10,2026-03-17,CAMPO CHINO,,,persistida
2026-05-20,5700011067 P5 - 8000203 P2 - 212 P5 - 8000242 P4 F,36,MSNU7384150,2026-03-10,2026-03-17,CAMPO CHINO,,,persistida
2026-05-20,5700011067 P5 - 8000203 P2 - 212 P5 - 8000242 P4 F,37,MSNU9305741,2026-03-10,2026-03-17,CAMPO CHINO,,,persistida
2026-05-20,5700011067 P5 - 8000203 P2 - 212 P5 - 8000242 P4 F,38,MSNU9754737,2026-03-10,2026-03-17,CAMPO CHINO,,,persistida
2026-05-20,5700011067 P5 - 8000203 P2 - 212 P5 - 8000242 P4 F,39,SEKU6778960,2026-03-10,2026-03-17,CAMPO CHINO,,,persistida
2026-05-20,5700011067 P5 - 8000203 P2 - 212 P5 - 8000242 P4 F,40,TCLU4991781,2026-03-10,2026-03-17,CAMPO CHINO,,,persistida
2026-05-20,5700011067 P5 - 8000203 P2 - 212 P5 - 8000242 P4 F,41,TCLU7769905,2026-03-10,2026-03-17,CAMPO CHINO,,,persistida
2026-05-20,5700011067 P5 - 8000203 P2 - 212 P5 - 8000242 P4 F,42,TCNU9368236,2026-03-10,2026-03-17,CAMPO CHINO,,,persistida
2026-05-20,5700011067 P5 - 8000203 P2 - 212 P5 - 8000242 P4 F,43,TEMU7643323,2026-03-10,2026-03-18,CAMPO CHINO,,,persistida
2026-05-20,5700011067 P5 - 8000203 P2 - 212 P5 - 8000242 P4 F,44,TGBU5908254,2026-03-10,2026-03-18,CAMPO CHINO,,,persistida
2026-05-20,5700011067 P5 - 8000203 P2 - 212 P5 - 8000242 P4 F,45,TGBU9599507,2026-03-10,2026-03-18,CAMPO CHINO,,,persistida
2026-05-20,5700011067 P5 - 8000203 P2 - 212 P5 - 8000242 P4 F,46,TLLU7855030,2026-03-10,2026-03-18,CAMPO CHINO,,,persistida
2026-05-20,5700011067 P5 - 8000203 P2 - 212 P5 - 8000242 P4 F,47,TRHU7607931,2026-03-10,2026-03-18,CAMPO CHINO,,,persistida
2026-05-20,5700011067 P5 - 8000203 P2 - 212 P5 - 8000242 P4 F,48,TXGU8922990,2026-03-10,2026-03-18,CAMPO CHINO,,,persistida
2026-05-20,5700011108 P2 GG,1,CAAU5658204,2026-03-20,2026-04-08,CAMPO CHINO,,,persistida
2026-05-20,5700011108 P2 GG,2,CAAU7534352,2026-03-20,2026-04-08,CAMPO CHINO,,,persistida
2026-05-20,5700011108 P2 GG,3,CAAU8149068,2026-03-20,2026-04-08,CAMPO CHINO,,,persistida
2026-05-20,5700011108 P2 GG,4,CAIU7038062,2026-03-20,2026-04-08,CAMPO CHINO,,,persistida
2026-05-20,5700011108 P2 GG,5,CXDU2042270,2026-03-20,2026-04-08,CAMPO CHINO,,,persistida
2026-05-20,5700011108 P2 GG,6,MSBU8277150,2026-03-20,2026-04-08,CAMPO CHINO,,,persistida
2026-05-20,5700011108 P2 GG,7,MSDU6396162,2026-03-20,2026-04-08,CAMPO CHINO,,,persistida
2026-05-20,5700011108 P2 GG,8,MSDU8733370,2026-03-20,2026-04-08,CAMPO CHINO,,,persistida
2026-05-20,5700011108 P2 GG,9,MSDU8762580,2026-03-20,2026-04-08,CAMPO CHINO,,,persistida
2026-05-20,5700011108 P2 GG,10,MSMU4608464,2026-03-20,2026-04-08,CAMPO CHINO,,,persistida
2026-05-20,5700011108 P2 GG,11,MSMU7710422,2026-03-20,2026-04-08,CAMPO CHINO,,,persistida
2026-05-20,5700011108 P2 GG,12,MSMU7799488,2026-03-20,2026-04-09,CAMPO CHINO,,,persistida
2026-05-20,5700011108 P2 GG,13,MSMU8187661,2026-03-20,2026-04-09,CAMPO CHINO,,,persistida
2026-05-20,5700011108 P2 GG,14,MSNU5140746,2026-03-20,2026-04-09,CAMPO CHINO,,,persistida
2026-05-20,5700011108 P2 GG,15,MSNU7832785,2026-03-20,2026-04-09,CAMPO CHINO,,,persistida
2026-05-20,5700011108 P2 GG,16,MSNU9712686,2026-03-20,2026-04-10,CAMPO CHINO,,,persistida
2026-05-20,5700011108 P2 GG,17,TEMU7964030,2026-03-20,2026-04-10,CAMPO CHINO,,,persistida
2026-05-20,5700011108 P2 GG,18,TRHU6380226,2026-03-20,2026-04-10,CAMPO CHINO,,,persistida
2026-05-20,5700011108 P2 GG,19,UETU6591598,2026-03-20,2026-04-10,CAMPO CHINO,,,persistida
2026-05-20,5700011203 / 5700011204,1,SMLU3138557,2026-02-28,2026-02-03,BODEGA SIERRA,,,persistida
2026-05-20,5700011203 / 5700011204,2,SMLU7867243,2026-02-28,2026-02-03,BODEGA SIERRA,,,persistida
2026-05-20,5700011284 P1 P3 GE,1,FCIU7421948,2026-03-21,2026-04-08,CAMPO CHINO,,,persistida
2026-05-20,5700011284 P1 P3 GE,2,MSBU5255115,2026-03-21,2026-04-08,CAMPO CHINO,,,persistida
2026-05-20,5700011284 P1 P3 GE,3,MSDU8613729,2026-03-21,2026-04-08,CAMPO CHINO,,,persistida
2026-05-20,5700011284 P1 P3 GE,4,MSDU8765613,2026-03-21,2026-04-08,CAMPO CHINO,,,persistida
2026-05-20,5700011284 P1 P3 GE,5,MSMU5403896,2026-03-21,2026-04-08,CAMPO CHINO,,,persistida
2026-05-20,5700011284 P1 P3 GE,6,MSMU5483295,2026-03-21,2026-04-08,CAMPO CHINO,,,persistida
2026-05-20,5700011284 P1 P3 GE,7,MSMU7695204,2026-03-21,2026-04-30,CAMPO CHINO,,,persistida
2026-05-20,5700011284 P1 P3 GE,8,MSNU6083044,2026-03-21,2026-04-30,CAMPO CHINO,,,persistida
2026-05-20,5700011284 P1 P3 GE,9,TCNU1420404,2026-03-21,2026-04-30,CAMPO CHINO,,,persistida
2026-05-20,5700011284 P1 P3 GE,10,TGBU7989738,2026-03-21,2026-04-30,CAMPO CHINO,,,persistida
2026-05-20,5700011284 P1 P3 GE,11,TLLU5120366,2026-03-21,2026-04-30,CAMPO CHINO,,,persistida
2026-05-20,5700011284 P1 P3 GE,12,TRHU7222415,2026-03-21,2026-04-30,CAMPO CHINO,,,persistida
2026-05-20,5700011284 P1 P3 GE,13,UETU7674146,2026-03-21,2026-04-30,CAMPO CHINO,,,persistida
2026-05-20,5700011284 P2 GE,1,MSBU7422525,2026-04-07,2026-04-13,,,,persistida
2026-05-20,5700011284 P2 GE,2,MSBU8160707,2026-04-07,2026-04-13,,,,persistida
2026-05-20,5700011284 P2 GE,3,MSBU8337921,2026-04-07,2026-04-14,,,,persistida
2026-05-20,5700011284 P2 GE,4,MSBU8797315,2026-04-07,2026-04-14,,,,persistida
2026-05-20,5700011284 P2 GE,5,MSMU4234214,2026-04-07,2026-04-14,,,,persistida
2026-05-20,5700011284 P2 GE,6,MSMU4306119,2026-04-07,2026-04-14,,,,persistida
2026-05-20,5700011284 P2 GE,7,MSMU5630544,2026-04-07,2026-04-14,,,,persistida
2026-05-20,5700011284 P2 GE,8,MSMU7289057,2026-04-07,2026-04-14,,,,persistida
2026-05-20,5700011284 P2 GE,9,MSNU5115260,2026-04-07,2026-04-14,,,,persistida
2026-05-20,5700011297 - 5700011298,1,SMLU3136960,2026-03-14,2026-03-16,PLANTA PRINCIPAL,,,persistida
2026-05-20,5700011297 - 5700011298,2,SMLU7915043,2026-03-14,2026-03-16,PLANTA PRINCIPAL,,,persistida
2026-05-20,5700011308 P1 ARCLAD GE,1,FANU3425751,2026-02-27,2026-02-27,PLANTA PRINCIPAL,,,persistida
2026-05-20,5700011308 P1 ARCLAD GE,2,HAMU3858615,2026-02-27,2026-03-03,PLANTA PRINCIPAL,,,persistida
2026-05-20,5700011308 P2 ARCLAD GE,1,FFAU4938565,2026-03-09,2026-03-11,PLANTA PRINCIPAL,,,persistida
2026-05-20,5700011308 P2 ARCLAD GE,2,TCLU3379977,2026-03-09,2026-03-11,PLANTA PRINCIPAL,,,persistida
2026-05-20,5700011351 AVERY,1,FYCU7127745,2026-04-07,2026-04-07,PLANTA PRINCIPAL,,,persistida
2026-05-20,8000198 P5 FSC GE,1,CAAU8210851,2026-02-24,2026-03-07,CAMPO CHINO,,,persistida
2026-05-20,8000198 P5 FSC GE,2,HAMU1495932,2026-02-24,2026-03-07,CAMPO CHINO,,,persistida
2026-05-20,8000198 P5 FSC GE,3,HAMU1730477,2026-02-24,2026-03-07,CAMPO CHINO,,,persistida
2026-05-20,8000198 P5 FSC GE,4,HAMU1837655,2026-02-24,2026-03-07,CAMPO CHINO,,,persistida
2026-05-20,8000198 P5 FSC GE,5,HAMU3016350,2026-02-24,2026-03-07,CAMPO CHINO,,,persistida
2026-05-20,8000198 P5 FSC GE,6,HLXU8164846,2026-02-24,2026-03-07,CAMPO CHINO,,,persistida
2026-05-20,8000198 P5 FSC GE,7,HLXU8605453,2026-02-24,2026-03-07,CAMPO CHINO,,,persistida
2026-05-20,8000198 P5 FSC GE,8,TRHU4531180,2026-02-24,2026-03-07,CAMPO CHINO,,,persistida
2026-05-20,8000198 P5 FSC GE,9,UETU6392791,2026-02-24,2026-03-07,CAMPO CHINO,,,persistida
2026-05-20,8000214 P2 FSC GG,1,CAAU9493102,2026-02-23,2026-03-06,CAMPO CHINO,,,persistida
2026-05-20,8000214 P2 FSC GG,2,FFAU5730257,2026-02-23,2026-03-06,CAMPO CHINO,,,persistida
2026-05-20,8000214 P2 FSC GG,3,FSCU8331025,2026-02-23,2026-03-06,CAMPO CHINO,,,persistida
2026-05-20,8000214 P2 FSC GG,4,MSBU5350088,2026-02-23,2026-03-06,CAMPO CHINO,,,persistida
2026-05-20,8000214 P2 FSC GG,5,MSBU6849385,2026-02-23,2026-03-06,CAMPO CHINO,,,persistida
2026-05-20,8000214 P2 FSC GG,6,MSBU6906274,2026-02-23,2026-03-06,CAMPO CHINO,,,persistida
2026-05-20,8000214 P2 FSC GG,7,MSBU6955089,2026-02-23,2026-03-06,CAMPO CHINO,,,persistida
2026-05-20,8000214 P2 FSC GG,8,MSDU6959353,2026-02-23,2026-03-06,CAMPO CHINO,,,persistida
2026-05-20,8000214 P2 FSC GG,9,MSDU8851882,2026-02-23,2026-03-06,CAMPO CHINO,,,persistida
2026-05-20,8000214 P2 FSC GG,10,MSMU4184129,2026-02-23,2026-03-06,CAMPO CHINO,,,persistida
2026-05-20,8000214 P2 FSC GG,11,MSMU4382253,2026-02-23,2026-03-06,CAMPO CHINO,,,persistida
2026-05-20,8000214 P2 FSC GG,12,MSMU5174969,2026-02-23,2026-03-06,CAMPO CHINO,,,persistida
2026-05-20,8000214 P2 FSC GG,13,MSMU5560513,2026-02-23,2026-03-06,CAMPO CHINO,,,persistida
2026-05-20,8000214 P2 FSC GG,14,MSMU6929102,2026-02-23,2026-03-06,CAMPO CHINO,,,persistida
2026-05-20,8000214 P2 FSC GG,15,MSNU5478646,2026-02-23,2026-03-06,CAMPO CHINO,,,persistida
2026-05-20,8000214 P2 FSC GG,16,MSNU9064201,2026-02-23,2026-03-06,CAMPO CHINO,,,persistida
2026-05-20,8000214 P2 FSC GG,17,SEKU6822127,2026-02-23,2026-03-06,CAMPO CHINO,,,persistida
2026-05-20,8000214 P2 FSC GG,18,TGBU6181196,2026-02-23,2026-03-06,CAMPO CHINO,,,persistida
2026-05-20,8000214 P2 FSC GG,19,TLLU8601220,2026-02-23,2026-03-06,CAMPO CHINO,,,persistida
2026-05-20,8000214 P2 FSC GG,20,UETU7928662,2026-02-23,2026-03-06,CAMPO CHINO,,,persistida
2026-05-20,8000215 P1 FSC GG,1,BMOU5503951,2026-02-21,2026-03-05,CAMPO CHINO,,,persistida
2026-05-20,8000215 P1 FSC GG,2,CAAU7523717,2026-02-21,2026-03-05,CAMPO CHINO,,,persistida
2026-05-20,8000215 P1 FSC GG,3,DFSU6595086,2026-02-21,2026-03-05,CAMPO CHINO,,,persistida
2026-05-20,8000215 P1 FSC GG,4,DRYU9712729,2026-02-21,2026-03-05,CAMPO CHINO,,,persistida
2026-05-20,8000215 P1 FSC GG,5,FDCU0091063,2026-02-21,2026-03-05,CAMPO CHINO,,,persistida
2026-05-20,8000215 P1 FSC GG,6,HNSU5026296,2026-02-21,2026-03-05,CAMPO CHINO,,,persistida
2026-05-20,8000215 P1 FSC GG,7,MEDU4779458,2026-02-21,2026-03-05,CAMPO CHINO,,,persistida
2026-05-20,8000215 P1 FSC GG,8,MSBU5084265,2026-02-21,2026-03-05,CAMPO CHINO,,,persistida
2026-05-20,8000215 P1 FSC GG,9,MSBU7111293,2026-02-21,2026-03-05,CAMPO CHINO,,,persistida
2026-05-20,8000215 P1 FSC GG,10,MSBU7536997,2026-02-21,2026-03-05,CAMPO CHINO,,,persistida
2026-05-20,8000215 P1 FSC GG,11,MSBU7544539,2026-02-21,2026-03-05,CAMPO CHINO,,,persistida
2026-05-20,8000215 P1 FSC GG,12,MSCU5148698,2026-02-21,2026-03-05,CAMPO CHINO,,,persistida
2026-05-20,8000215 P1 FSC GG,13,MSDU5915197,2026-02-21,2026-03-05,CAMPO CHINO,,,persistida
2026-05-20,8000215 P1 FSC GG,14,MSDU8264550,2026-02-21,2026-03-05,CAMPO CHINO,,,persistida
2026-05-20,8000215 P1 FSC GG,15,MSDU8560547,2026-02-21,2026-03-05,CAMPO CHINO,,,persistida
2026-05-20,8000215 P1 FSC GG,16,MSMU6920002,2026-02-21,2026-03-05,CAMPO CHINO,,,persistida
2026-05-20,8000215 P1 FSC GG,17,MSMU8207330,2026-02-21,2026-03-05,CAMPO CHINO,,,persistida
2026-05-20,8000215 P1 FSC GG,18,MSNU6814771,2026-02-21,2026-03-05,CAMPO CHINO,,,persistida
2026-05-20,8000215 P1 FSC GG,19,TGBU7494301,2026-02-21,2026-03-05,CAMPO CHINO,,,persistida
2026-05-20,8000215 P1 FSC GG,20,TIIU5155519,2026-02-21,2026-03-05,CAMPO CHINO,,,persistida
2026-05-20,8000215 P1 FSC GG,21,UETU8092788,2026-02-21,2026-03-05,CAMPO CHINO,,,persistida
2026-05-20,8000215 P2 FSC GE,1,MEDU7217520,2026-03-13,2026-03-20,CAMPO CHINO,,,persistida
2026-05-20,8000215 P2 FSC GE,2,MEDU8863470,2026-03-13,2026-03-20,CAMPO CHINO,,,persistida
2026-05-20,8000215 P2 FSC GE,3,MSBU5547879,2026-03-13,2026-03-20,CAMPO CHINO,,,persistida
2026-05-20,8000215 P2 FSC GE,4,MSBU6526593,2026-03-13,2026-03-20,CAMPO CHINO,,,persistida
2026-05-20,8000215 P2 FSC GE,5,MSBU6871692,2026-03-13,2026-03-20,CAMPO CHINO,,,persistida
2026-05-20,8000215 P2 FSC GE,6,MSDU6217040,2026-03-13,2026-03-20,CAMPO CHINO,,,persistida
2026-05-20,8000215 P2 FSC GE,7,MSDU8923642,2026-03-13,2026-03-20,CAMPO CHINO,,,persistida
2026-05-20,8000215 P2 FSC GE,8,MSMU5139274,2026-03-13,2026-03-20,CAMPO CHINO,,,persistida
2026-05-20,8000215 P2 FSC GE,9,MSMU8274576,2026-03-13,2026-03-20,CAMPO CHINO,,,persistida
2026-05-20,8000215 P2 FSC GE,10,MSNU5203778,2026-03-13,2026-03-20,CAMPO CHINO,,,persistida
2026-05-20,8000215 P2 FSC GE,11,MSNU7058724,2026-03-13,2026-03-20,CAMPO CHINO,,,persistida
2026-05-20,8000215 P2 FSC GE,12,MSNU7300859,2026-03-13,2026-03-20,CAMPO CHINO,,,persistida
2026-05-20,8000215 P2 FSC GE,13,TGCU5111330,2026-03-13,2026-03-20,CAMPO CHINO,,,persistida
2026-05-20,8000215 P2 FSC GE,14,TGHU6094365,2026-03-13,2026-03-20,CAMPO CHINO,,,persistida
2026-05-20,8000215 P2 FSC GE,15,TGHU6164499,2026-03-13,2026-03-20,CAMPO CHINO,,,persistida
2026-05-20,8000215 P2 FSC GE,16,BMOU5969180,2026-03-14,2026-03-20,CAMPO CHINO,,,persistida
2026-05-20,8000215 P2 FSC GE,17,MEDU4505056,2026-03-14,2026-03-20,CAMPO CHINO,,,persistida
2026-05-20,8000215 P2 FSC GE,18,MEDU4618237,2026-03-14,2026-03-20,CAMPO CHINO,,,persistida
2026-05-20,8000215 P2 FSC GE,19,MSDU5714171,2026-03-14,2026-03-20,CAMPO CHINO,,,persistida
2026-05-20,8000215 P2 FSC GE,20,MSDU8051200,2026-03-14,2026-03-20,CAMPO CHINO,,,persistida
2026-05-20,8000215 P2 FSC GE,21,MSNU9008846,2026-03-14,2026-03-20,CAMPO CHINO,,,persistida
2026-05-20,8000217 P1 FSC GE,1,MSCU7473038,2026-04-01,2026-04-13,,,,persistida
2026-05-20,8000217 P1 FSC GE,2,MSDU9846561,2026-04-01,2026-04-13,,,,persistida
2026-05-20,8000217 P1 FSC GE,3,OTPU6106562,2026-04-01,2026-04-13,,,,persistida
2026-05-20,8000217 P1 FSC GE,4,SZLU9249764,2026-04-01,2026-04-13,,,,persistida
2026-05-20,8000217 P1 FSC GE,5,SZLU9263994,2026-04-01,2026-04-13,,,,persistida
2026-05-20,8000217 P1 FSC GE,6,SZLU9347251,2026-04-01,2026-04-13,,,,persistida
2026-05-20,8000217 P1 FSC GE,7,SZLU9504643,2026-04-01,2026-04-13,,,,persistida
2026-05-20,8000217 P1 FSC GE,8,SZLU9584818,2026-04-01,2026-04-13,,,,persistida
2026-05-20,8000217 P1 FSC GE,9,TEMU9024312,2026-04-01,2026-04-13,,,,persistida
2026-05-20,8000217 P1 FSC GE,10,TEMU9295042,2026-04-01,2026-04-13,,,,persistida
2026-05-20,8000217 P1 FSC GE,11,TEMU9301546,2026-04-01,2026-04-13,,,,persistida
2026-05-20,8000217 P1 FSC GE,12,TEMU9407796,2026-04-01,2026-04-13,,,,persistida
2026-05-20,8000217 P1 FSC GE,13,TRIU8080242,2026-04-01,2026-04-13,,,,persistida
2026-05-20,8000217 P1 FSC GE,14,TRIU8168781,2026-04-01,2026-04-13,,,,persistida
2026-05-20,8000217 P1 FSC GE,15,TRIU8746072,2026-04-01,2026-04-13,,,,persistida
2026-05-20,8000217 P1 FSC GE,16,TTNU8069423,2026-04-01,2026-04-13,,,,persistida
2026-05-20,8000218 P1 FSC GE,1,CAAU7529206,2026-03-07,2026-03-10,CAMPO CHINO,,,persistida
2026-05-20,8000218 P1 FSC GE,2,CAIU4687052,2026-03-07,2026-03-10,CAMPO CHINO,,,persistida
2026-05-20,8000218 P1 FSC GE,3,FBLU0116328,2026-03-07,2026-03-10,CAMPO CHINO,,,persistida
2026-05-20,8000218 P1 FSC GE,4,FCIU9027867,2026-03-07,2026-03-10,CAMPO CHINO,,,persistida
2026-05-20,8000218 P1 FSC GE,5,FFAU5739655,2026-03-07,2026-03-10,CAMPO CHINO,,,persistida
2026-05-20,8000218 P1 FSC GE,6,MSBU6539841,2026-03-07,2026-03-10,CAMPO CHINO,,,persistida
2026-05-20,8000218 P1 FSC GE,7,MSDU7198407,2026-03-07,2026-03-10,CAMPO CHINO,,,persistida
2026-05-20,8000218 P1 FSC GE,8,MSDU8342925,2026-03-07,2026-03-11,CAMPO CHINO,,,persistida
2026-05-20,8000218 P1 FSC GE,9,MSMU6604684,2026-03-07,2026-03-11,CAMPO CHINO,,,persistida
2026-05-20,8000218 P1 FSC GE,10,MSMU6809302,2026-03-07,2026-03-11,CAMPO CHINO,,,persistida
2026-05-20,8000218 P1 FSC GE,11,MSMU7895286,2026-03-07,2026-03-11,CAMPO CHINO,,,persistida
2026-05-20,8000218 P1 FSC GE,12,MSNU9170760,2026-03-07,2026-03-11,CAMPO CHINO,,,persistida
2026-05-20,8000218 P1 FSC GE,13,TCLU7223513,2026-03-07,2026-03-11,CAMPO CHINO,,,persistida
2026-05-20,8000218 P1 FSC GE,14,TEMU8184933,2026-03-07,2026-03-11,CAMPO CHINO,,,persistida
2026-05-20,8000218 P1 FSC GE,15,TGBU7995448,2026-03-07,2026-03-11,CAMPO CHINO,,,persistida
2026-05-20,8000218 P1 FSC GE,16,TGHU6071307,2026-03-07,2026-03-11,CAMPO CHINO,,,persistida
2026-05-20,8000218 P1 FSC GE,17,TGHU6833589,2026-03-07,2026-03-11,CAMPO CHINO,,,persistida
2026-05-20,8000229 P1 FSC GE,1,CAAU4558670,2026-03-11,2026-03-18,CAMPO CHINO,,,persistida
2026-05-20,8000229 P1 FSC GE,2,FFAU6608388,2026-03-11,2026-03-18,CAMPO CHINO,,,persistida
2026-05-20,8000229 P1 FSC GE,3,MSBU7472526,2026-03-11,2026-03-18,CAMPO CHINO,,,persistida
2026-05-20,8000229 P1 FSC GE,4,MSDU6163556,2026-03-11,2026-03-18,CAMPO CHINO,,,persistida
2026-05-20,8000229 P1 FSC GE,5,MSDU6466470,2026-03-11,2026-03-18,CAMPO CHINO,,,persistida
2026-05-20,8000229 P1 FSC GE,6,MSDU7770298,2026-03-11,2026-03-18,CAMPO CHINO,,,persistida
2026-05-20,8000229 P1 FSC GE,7,MSMU4806011,2026-03-11,2026-03-18,CAMPO CHINO,,,persistida
2026-05-20,8000229 P1 FSC GE,8,MSMU7056409,2026-03-11,2026-03-18,CAMPO CHINO,,,persistida
2026-05-20,8000229 P1 FSC GE,9,MSNU5329998,2026-03-11,2026-03-19,CAMPO CHINO,,,persistida
2026-05-20,8000229 P1 FSC GE,10,TXGU5449749,2026-03-11,2026-03-19,CAMPO CHINO,,,persistida
2026-05-20,8000229 P1 FSC GE,11,UETU6711775,2026-03-11,2026-03-19,CAMPO CHINO,,,persistida
2026-05-20,8000229 P1 FSC GE,12,CAAU4583733,2026-03-12,2026-03-19,CAMPO CHINO,,,persistida
2026-05-20,8000229 P1 FSC GE,13,CAAU7357067,2026-03-12,2026-03-19,CAMPO CHINO,,,persistida
2026-05-20,8000229 P1 FSC GE,14,FFAU1972170,2026-03-12,2026-03-19,CAMPO CHINO,,,persistida
2026-05-20,8000229 P1 FSC GE,15,MSBU5207420,2026-03-12,2026-03-19,CAMPO CHINO,,,persistida
2026-05-20,8000229 P1 FSC GE,16,MSDU6213451,2026-03-12,2026-03-19,CAMPO CHINO,,,persistida
2026-05-20,8000229 P1 FSC GE,17,MSDU6780901,2026-03-12,2026-03-19,CAMPO CHINO,,,persistida
2026-05-20,8000229 P1 FSC GE,18,MSMU8336301,2026-03-12,2026-03-19,CAMPO CHINO,,,persistida
2026-05-20,8000229 P1 FSC GE,19,MSNU8423117,2026-03-12,2026-03-19,CAMPO CHINO,,,persistida
2026-05-20,8000229 P1 FSC GE,20,TRHU8641843,2026-03-12,2026-03-19,CAMPO CHINO,,,persistida
2026-05-20,8000229 P1 FSC GE,21,UETU7401239,2026-03-12,2026-03-19,CAMPO CHINO,,,persistida
2026-05-20,8000235 P1 FSC GE,1,CMAU4584165,2026-02-25,2026-03-07,CAMPO CHINO,,,persistida
2026-05-20,8000235 P1 FSC GE,2,CMAU4719888,2026-02-25,2026-03-07,CAMPO CHINO,,,persistida
2026-05-20,8000235 P1 FSC GE,3,ECMU7056288,2026-02-25,2026-03-07,CAMPO CHINO,,,persistida
2026-05-20,8000235 P1 FSC GE,4,TEMU7598800,2026-02-25,2026-03-07,CAMPO CHINO,,,persistida
2026-05-20,8000235 P1 FSC GE,5,TGCU5466330,2026-02-25,2026-03-07,CAMPO CHINO,,,persistida
2026-05-20,8000236 P1 FSC GE,1,BMOU4603719,2026-03-25,2026-04-06,BODEGA SIERRA,,,persistida
2026-05-20,8000236 P1 FSC GE,2,CAIU4863399,2026-03-25,2026-04-06,BODEGA SIERRA,,,persistida
2026-05-20,8000236 P1 FSC GE,3,CAIU7555614,2026-03-25,2026-04-06,BODEGA SIERRA,,,persistida
2026-05-20,8000236 P1 FSC GE,4,FSCU7112969,2026-03-25,2026-04-06,BODEGA SIERRA,,,persistida
2026-05-20,8000236 P1 FSC GE,5,MEDU7075920,2026-03-25,2026-04-06,BODEGA SIERRA,,,persistida
2026-05-20,8000236 P1 FSC GE,6,MEDU7419239,2026-03-25,2026-04-06,BODEGA SIERRA,,,persistida
2026-05-20,8000236 P1 FSC GE,7,MSBU8125727,2026-03-25,2026-04-06,BODEGA SIERRA,,,persistida
2026-05-20,8000236 P1 FSC GE,8,MSCU5367757,2026-03-25,2026-04-06,BODEGA SIERRA,,,persistida
2026-05-20,8000236 P1 FSC GE,9,MSDU5967117,2026-03-25,2026-04-06,BODEGA SIERRA,,,persistida
2026-05-20,8000236 P1 FSC GE,10,MSDU7429390,2026-03-25,2026-04-06,BODEGA SIERRA,,,persistida
2026-05-20,8000236 P1 FSC GE,11,MSDU7995273,2026-03-25,2026-04-06,BODEGA SIERRA,,,persistida
2026-05-20,8000236 P1 FSC GE,12,MSMU4429535,2026-03-25,2026-04-06,BODEGA SIERRA,,,persistida
2026-05-20,8000236 P1 FSC GE,13,MSMU6569897,2026-03-25,2026-04-06,BODEGA SIERRA,,,persistida
2026-05-20,8000236 P1 FSC GE,14,MSNU5216374,2026-03-25,2026-04-06,BODEGA SIERRA,,,persistida
2026-05-20,8000236 P1 FSC GE,15,MSNU5672081,2026-03-25,2026-04-06,BODEGA SIERRA,,,persistida
2026-05-20,8000236 P1 FSC GE,16,MSNU6764686,2026-03-25,2026-04-07,BODEGA SIERRA,,,persistida
2026-05-20,8000236 P1 FSC GE,17,MSNU8499848,2026-03-25,2026-04-07,BODEGA SIERRA,,,persistida
2026-05-20,8000236 P1 FSC GE,18,SEKU4088694,2026-03-25,2026-04-09,BODEGA SIERRA,,,persistida
2026-05-20,8000236 P1 FSC GE,19,TGBU7170977,2026-03-25,2026-04-09,BODEGA SIERRA,,,persistida
2026-05-20,8000236 P1 FSC GE,20,TGHU6147188,2026-03-25,2026-04-09,BODEGA SIERRA,,,persistida
2026-05-20,8000236 P1 FSC GE,21,TIIU5983724,2026-03-25,2026-04-09,BODEGA SIERRA,,,persistida
2026-05-20,8000236 P1 FSC GE,22,TXGU8901030,2026-03-25,2026-04-10,BODEGA SIERRA,,,persistida
2026-05-20,8000236 P2 FSC GG,1,CMAU9636636,2026-04-07,2026-04-14,,,,persistida
2026-05-20,8000236 P2 FSC GG,2,ECMU5148127,2026-04-07,2026-04-14,,,,persistida
2026-05-20,8000236 P2 FSC GG,3,ECMU5149817,2026-04-07,2026-04-14,,,,persistida
2026-05-20,8000236 P2 FSC GG,4,ECMU5187669,2026-04-07,2026-04-14,,,,persistida
2026-05-20,8000236 P2 FSC GG,5,ECMU5356840,2026-04-07,2026-04-14,,,,persistida
2026-05-20,8000236 P2 FSC GG,6,ECMU5405328,2026-04-07,2026-04-14,,,,persistida
2026-05-20,8000236 P2 FSC GG,7,ECMU5411737,2026-04-07,2026-04-14,,,,persistida
2026-05-20,8000236 P2 FSC GG,8,ECMU5435235,2026-04-07,2026-04-14,,,,persistida
2026-05-20,8000236 P2 FSC GG,9,ECMU5441670,2026-04-07,2026-04-14,,,,persistida
2026-05-20,8000236 P2 FSC GG,10,ECMU7124850,2026-04-07,2026-04-14,,,,persistida
2026-05-20,8000236 P2 FSC GG,11,ECMU7552251,2026-04-07,2026-04-14,,,,persistida
2026-05-20,8000236 P2 FSC GG,12,FFAU5933341,2026-04-07,2026-04-14,,,,persistida
2026-05-20,8000236 P2 FSC GG,13,GCXU6086909,2026-04-07,2026-04-14,,,,persistida
2026-05-20,8000236 P2 FSC GG,14,TIIU4079306,2026-04-07,2026-04-14,,,,persistida
2026-05-20,8000236 P2 FSC GG,15,TIIU4331526,2026-04-07,2026-04-14,,,,persistida
2026-05-20,8000236 P2 FSC GG,16,TIIU4906894,2026-04-07,2026-04-14,,,,persistida
2026-05-20,8000236 P2 FSC GG,17,TXGU6689981,2026-04-07,2026-04-14,,,,persistida
2026-05-20,8000236 P2 FSC GG,18,TXGU7900975,2026-04-07,2026-04-14,,,,persistida
2026-05-20,8000236 P2 FSC GG,19,TXGU8573347,2026-04-07,2026-04-14,,,,persistida
2026-05-20,8000236 P2 FSC GG,20,UETU7330006,2026-04-07,2026-04-14,,,,persistida
2026-05-20,8000236 P3 FSC GG,1,CAAU7091700,2026-04-07,2026-04-13,,,,persistida
2026-05-20,8000236 P3 FSC GG,2,CAAU7827345,2026-04-07,2026-04-13,,,,persistida
2026-05-20,8000236 P3 FSC GG,3,CMAU3849969,2026-04-07,2026-04-13,,,,persistida
2026-05-20,8000236 P3 FSC GG,4,ECMU4811472,2026-04-07,2026-04-13,,,,persistida
2026-05-20,8000236 P3 FSC GG,5,ECMU5140492,2026-04-07,2026-04-13,,,,persistida
2026-05-20,8000236 P3 FSC GG,6,ECMU5168930,2026-04-07,2026-04-13,,,,persistida
2026-05-20,8000236 P3 FSC GG,7,ECMU5172252,2026-04-07,2026-04-13,,,,persistida
2026-05-20,8000236 P3 FSC GG,8,ECMU5173454,2026-04-07,2026-04-13,,,,persistida
2026-05-20,8000236 P3 FSC GG,9,ECMU5307677,2026-04-07,2026-04-13,,,,persistida
2026-05-20,8000236 P3 FSC GG,10,ECMU5370160,2026-04-07,2026-04-13,,,,persistida
2026-05-20,8000236 P3 FSC GG,11,ECMU5380148,2026-04-07,2026-04-13,,,,persistida
2026-05-20,8000236 P3 FSC GG,12,ECMU5437840,2026-04-07,2026-04-13,,,,persistida
2026-05-20,8000236 P3 FSC GG,13,ECMU7017384,2026-04-07,2026-04-13,,,,persistida
2026-05-20,8000236 P3 FSC GG,14,ECMU7119508,2026-04-07,2026-04-13,,,,persistida
2026-05-20,8000236 P3 FSC GG,15,ECMU7208061,2026-04-07,2026-04-13,,,,persistida
2026-05-20,8000236 P3 FSC GG,16,ECMU7361168,2026-04-07,2026-04-13,,,,persistida
2026-05-20,8000236 P3 FSC GG,17,ECMU7692649,2026-04-07,2026-04-13,,,,persistida
2026-05-20,8000236 P3 FSC GG,18,TIIU4598615,2026-04-07,2026-04-13,,,,persistida
2026-05-20,8000236 P3 FSC GG,19,TIIU4973995,2026-04-07,2026-04-13,,,,persistida
2026-05-20,8000236 P3 FSC GG,20,UETU6181905,2026-04-07,2026-04-13,,,,persistida
2026-05-20,8000236 P4 FSC GE,1,BEAU5937341,2026-03-26,2026-04-10,,,,persistida
2026-05-20,8000236 P4 FSC GE,2,FFAU3894570,2026-03-26,2026-04-10,,,,persistida
2026-05-20,8000236 P4 FSC GE,3,MSBU5222810,2026-03-26,2026-04-10,,,,persistida
2026-05-20,8000236 P4 FSC GE,4,MSBU5560166,2026-03-26,2026-04-10,,,,persistida
2026-05-20,8000236 P4 FSC GE,5,MSDU5590872,2026-03-26,2026-04-10,,,,persistida
2026-05-20,8000236 P4 FSC GE,6,MSDU5622455,2026-03-26,2026-04-10,,,,persistida
2026-05-20,8000236 P4 FSC GE,7,MSDU8803776,2026-03-26,2026-04-10,,,,persistida
2026-05-20,8000236 P4 FSC GE,8,MSMU4963875,2026-03-26,2026-04-10,,,,persistida
2026-05-20,8000236 P4 FSC GE,9,MSMU5840601,2026-03-26,2026-04-10,,,,persistida
2026-05-20,8000236 P4 FSC GE,10,MSMU6730297,2026-03-26,2026-04-10,,,,persistida
2026-05-20,8000236 P4 FSC GE,11,MSMU8647788,2026-03-26,2026-04-10,,,,persistida
2026-05-20,8000236 P4 FSC GE,12,MSMU8912578,2026-03-26,2026-04-11,,,,persistida
2026-05-20,8000236 P4 FSC GE,13,MSNU5139180,2026-03-26,2026-04-11,,,,persistida
2026-05-20,8000236 P4 FSC GE,14,MSNU5843116,2026-03-26,2026-04-11,,,,persistida
2026-05-20,8000236 P4 FSC GE,15,MSNU8498482,2026-03-26,2026-04-11,,,,persistida
2026-05-20,8000236 P4 FSC GE,16,TIIU5095718,2026-03-26,2026-04-11,,,,persistida
2026-05-20,8000236 P4 FSC GE,17,TRHU7765979,2026-03-26,2026-04-11,,,,persistida
2026-05-20,8000236 P4 FSC GE,18,TXGU6784593,2026-03-26,2026-04-11,,,,persistida
2026-05-20,8000236 P4 FSC GE,19,TXGU7261745,2026-03-26,2026-04-13,,,,persistida
2026-05-20,8000236 P4 FSC GE,20,UETU6136275,2026-03-26,2026-04-13,,,,persistida
2026-05-20,8000239 P1 FSC GE,1,AMCU9327044,2026-03-19,2026-04-06,CAMPO CHINO,,,persistida
2026-05-20,8000239 P1 FSC GE,2,APRU6140475,2026-03-19,2026-04-06,CAMPO CHINO,,,persistida
2026-05-20,8000239 P1 FSC GE,3,BMOU9628406,2026-03-19,2026-04-06,CAMPO CHINO,,,persistida
2026-05-20,8000239 P1 FSC GE,4,CGMU5094767,2026-03-19,2026-04-06,CAMPO CHINO,,,persistida
2026-05-20,8000239 P1 FSC GE,5,CGMU5270700,2026-03-19,2026-04-07,CAMPO CHINO,,,persistida
2026-05-20,8000239 P1 FSC GE,6,CGMU5356825,2026-03-19,2026-04-07,CAMPO CHINO,,,persistida
2026-05-20,8000239 P1 FSC GE,7,CGMU5415759,2026-03-19,2026-04-07,CAMPO CHINO,,,persistida
2026-05-20,8000239 P1 FSC GE,8,CGMU5786209,2026-03-19,2026-04-07,CAMPO CHINO,,,persistida
2026-05-20,8000239 P1 FSC GE,9,CGMU6568916,2026-03-19,2026-04-07,CAMPO CHINO,,,persistida
2026-05-20,8000239 P1 FSC GE,10,CGMU6584516,2026-03-19,2026-04-08,CAMPO CHINO,,,persistida
2026-05-20,8000239 P1 FSC GE,11,CGMU6593760,2026-03-19,2026-04-08,CAMPO CHINO,,,persistida
2026-05-20,8000239 P1 FSC GE,12,CGMU7027752,2026-03-19,2026-04-08,CAMPO CHINO,,,persistida
2026-05-20,8000239 P1 FSC GE,13,CGMU8002851,2026-03-19,2026-04-08,CAMPO CHINO,,,persistida
2026-05-20,8000239 P1 FSC GE,14,CGMU9313251,2026-03-19,2026-04-09,CAMPO CHINO,,,persistida
2026-05-20,8000239 P1 FSC GE,15,CMAU6466032,2026-03-19,2026-04-09,CAMPO CHINO,,,persistida
2026-05-20,8000239 P1 FSC GE,16,CMAU7678490,2026-03-19,2026-04-09,CAMPO CHINO,,,persistida
2026-05-20,8000239 P1 FSC GE,17,CXRU1628450,2026-03-19,2026-04-09,CAMPO CHINO,,,persistida
2026-05-20,8000239 P1 FSC GE,18,FBIU5082801,2026-03-19,2026-04-09,CAMPO CHINO,,,persistida
2026-05-20,8000239 P1 FSC GE,19,GESU9452515,2026-03-19,2026-04-09,CAMPO CHINO,,,persistida
2026-05-20,8000239 P1 FSC GE,20,SEGU9409391,2026-03-19,2026-04-09,CAMPO CHINO,,,persistida
2026-05-20,8000239 P1 FSC GE,21,SEGU9425643,2026-03-19,2026-04-11,CAMPO CHINO,,,persistida
2026-05-20,8000239 P1 FSC GE,22,SEKU9248516,2026-03-19,2026-04-11,CAMPO CHINO,,,persistida
2026-05-20,8000239 P1 FSC GE,23,SZLU9916403,2026-03-19,2026-04-11,CAMPO CHINO,,,persistida
2026-05-20,8000239 P1 FSC GE,24,TCLU1242558,2026-03-19,2026-04-11,CAMPO CHINO,,,persistida
2026-05-20,8000239 P1 FSC GE,25,TEMU9109111,2026-03-19,2026-04-11,CAMPO CHINO,,,persistida
2026-05-20,8000239 P1 FSC GE,26,TEMU9268685,2026-03-19,2026-04-11,CAMPO CHINO,,,persistida
2026-05-20,8000239 P1 FSC GE,27,TRHU6012501,2026-03-19,2026-04-11,CAMPO CHINO,,,persistida
2026-05-20,8000239 P1 FSC GE,28,TRIU8767814,2026-03-19,2026-04-11,CAMPO CHINO,,,persistida
2026-05-20,8000239 P1 FSC GE,29,TTNU8467432,2026-03-19,2026-04-11,CAMPO CHINO,,,persistida
2026-05-20,8000239 P1 FSC GE,30,TTNU8659142,2026-03-19,2026-04-11,CAMPO CHINO,,,persistida
2026-05-20,8000239 P1 FSC GE,31,TTNU8958800,2026-03-19,2026-04-11,CAMPO CHINO,,,persistida
2026-05-20,8000239 P1 FSC GE,32,SZLU9663840,2026-03-20,2026-04-11,CAMPO CHINO,,,persistida
2026-05-20,8000239 P1 FSC GE,33,SZLU9866540,2026-03-20,2026-04-11,CAMPO CHINO,,,persistida
2026-05-20,8000242 P2 P3 FSC GG,1,MSBU5608275,2026-03-04,2026-03-11,CAMPO CHINO,,,persistida
2026-05-20,8000242 P2 P3 FSC GG,2,MSMU5615133,2026-03-04,2026-03-11,CAMPO CHINO,,,persistida
2026-05-20,8000251 P1 - 8000252 P1 FSC GE,1,BMOU6563430,2026-04-07,2026-04-09,,,,persistida
2026-05-20,8000251 P1 - 8000252 P1 FSC GE,2,CAAU5519702,2026-04-07,2026-04-09,,,,persistida
2026-05-20,8000251 P1 - 8000252 P1 FSC GE,3,CAAU6822631,2026-04-07,2026-04-09,,,,persistida
2026-05-20,8000251 P1 - 8000252 P1 FSC GE,4,CAIU4584938,2026-04-07,2026-04-09,,,,persistida
2026-05-20,8000251 P1 - 8000252 P1 FSC GE,5,CAIU7545257,2026-04-07,2026-04-10,,,,persistida
2026-05-20,8000251 P1 - 8000252 P1 FSC GE,6,CAIU7718687,2026-04-07,2026-04-10,,,,persistida
2026-05-20,8000251 P1 - 8000252 P1 FSC GE,7,CAIU7824380,2026-04-07,2026-04-10,,,,persistida
2026-05-20,8000251 P1 - 8000252 P1 FSC GE,8,MEDU4822554,2026-04-07,2026-04-10,,,,persistida
2026-05-20,8000251 P1 - 8000252 P1 FSC GE,9,MEDU9485991,2026-04-07,2026-04-10,,,,persistida
2026-05-20,8000251 P1 - 8000252 P1 FSC GE,10,MSDU7865080,2026-04-07,2026-04-10,,,,persistida
2026-05-20,8000251 P1 - 8000252 P1 FSC GE,11,MSMU5542675,2026-04-07,2026-04-10,,,,persistida
2026-05-20,8000251 P1 - 8000252 P1 FSC GE,12,MSMU6999455,2026-04-07,2026-04-10,,,,persistida
2026-05-20,8000251 P1 - 8000252 P1 FSC GE,13,MSMU7884851,2026-04-07,2026-04-10,,,,persistida
2026-05-20,8000251 P1 - 8000252 P1 FSC GE,14,MSMU8085377,2026-04-07,2026-04-10,,,,persistida
2026-05-20,8000251 P1 - 8000252 P1 FSC GE,15,MSMU8928907,2026-04-07,2026-04-10,,,,persistida
2026-05-20,8000251 P1 - 8000252 P1 FSC GE,16,MSNU8034049,2026-04-07,2026-04-10,,,,persistida
2026-05-20,8000251 P1 - 8000252 P1 FSC GE,17,TCNU8790838,2026-04-07,2026-04-11,,,,persistida
2026-05-20,8000251 P1 - 8000252 P1 FSC GE,18,TGBU7193925,2026-04-07,2026-04-11,,,,persistida
2026-05-20,8000251 P1 - 8000252 P1 FSC GE,19,TGBU9655160,2026-04-07,2026-04-11,,,,persistida
2026-05-20,8000251 P1 - 8000252 P1 FSC GE,20,TRHU5601425,2026-04-07,2026-04-11,,,,persistida
2026-05-20,8000251 P1 - 8000252 P1 FSC GE,21,TXGU8644219,2026-04-07,2026-04-11,,,,persistida
2026-05-20,8000251 P1 - 8000252 P1 FSC GE,22,UETU6315809,2026-04-07,2026-04-11,,,,persistida
2026-05-20,8000251 P1 - 8000252 P1 FSC GE,23,UETU7401054,2026-04-07,2026-04-11,,,,persistida
2026-05-20,8000256 P1 FSC GE,1,TCKU6524496,2026-03-20,2026-03-28,CAMPO CHINO,,,persistida
2026-05-20,8000261 P1 P2 P3 P4 P5 FSC GG,1,CAAU4722989,2026-03-11,2026-03-23,CAMPO CHINO,,,persistida
2026-05-20,8000261 P1 P2 P3 P4 P5 FSC GG,2,CAAU7081791,2026-03-11,2026-03-23,CAMPO CHINO,,,persistida
2026-05-20,8000261 P1 P2 P3 P4 P5 FSC GG,3,CAAU9168988,2026-03-11,2026-03-23,CAMPO CHINO,,,persistida
2026-05-20,8000261 P1 P2 P3 P4 P5 FSC GG,4,HASU4861580,2026-03-11,2026-03-23,CAMPO CHINO,,,persistida
2026-05-20,8000261 P1 P2 P3 P4 P5 FSC GG,5,MRKU2824918,2026-03-11,2026-03-23,CAMPO CHINO,,,persistida
2026-05-20,8000261 P1 P2 P3 P4 P5 FSC GG,6,MRKU4857612,2026-03-11,2026-03-23,CAMPO CHINO,,,persistida
2026-05-20,8000261 P1 P2 P3 P4 P5 FSC GG,7,MRKU4884238,2026-03-11,2026-03-23,CAMPO CHINO,,,persistida
2026-05-20,8000261 P1 P2 P3 P4 P5 FSC GG,8,MRKU5520570,2026-03-11,2026-03-23,CAMPO CHINO,,,persistida
2026-05-20,8000261 P1 P2 P3 P4 P5 FSC GG,9,MRKU5799634,2026-03-11,2026-03-23,CAMPO CHINO,,,persistida
2026-05-20,8000261 P1 P2 P3 P4 P5 FSC GG,10,MRKU5838330,2026-03-11,2026-03-23,CAMPO CHINO,,,persistida
2026-05-20,8000261 P1 P2 P3 P4 P5 FSC GG,11,MRKU6138562,2026-03-11,2026-03-23,CAMPO CHINO,,,persistida
2026-05-20,8000261 P1 P2 P3 P4 P5 FSC GG,12,MRKU6337965,2026-03-11,2026-03-23,CAMPO CHINO,,,persistida
2026-05-20,8000261 P1 P2 P3 P4 P5 FSC GG,13,MRSU3110137,2026-03-11,2026-03-23,CAMPO CHINO,,,persistida
2026-05-20,8000261 P1 P2 P3 P4 P5 FSC GG,14,MRSU3910700,2026-03-11,2026-03-23,CAMPO CHINO,,,persistida
2026-05-20,8000261 P1 P2 P3 P4 P5 FSC GG,15,MRSU4145760,2026-03-11,2026-03-23,CAMPO CHINO,,,persistida
2026-05-20,8000261 P1 P2 P3 P4 P5 FSC GG,16,MRSU4552391,2026-03-11,2026-03-23,CAMPO CHINO,,,persistida
2026-05-20,8000261 P1 P2 P3 P4 P5 FSC GG,17,MRSU6069090,2026-03-11,2026-03-23,CAMPO CHINO,,,persistida
2026-05-20,8000261 P1 P2 P3 P4 P5 FSC GG,18,MRSU6570460,2026-03-11,2026-03-23,CAMPO CHINO,,,persistida
2026-05-20,8000261 P1 P2 P3 P4 P5 FSC GG,19,SEGU4261866,2026-03-11,2026-03-23,CAMPO CHINO,,,persistida
2026-05-20,8000261 P1 P2 P3 P4 P5 FSC GG,20,TCNU4471236,2026-03-11,2026-03-24,CAMPO CHINO,,,persistida
2026-05-20,8000261 P1 P2 P3 P4 P5 FSC GG,21,TIIU4692344,2026-03-11,2026-03-24,CAMPO CHINO,,,persistida
2026-05-20,8000261 P1 P2 P3 P4 P5 FSC GG,22,TLLU5983407,2026-03-11,2026-03-24,CAMPO CHINO,,,persistida
2026-05-20,8000261 P1 P2 P3 P4 P5 FSC GG,23,FFAU5721893,2026-03-12,2026-03-24,CAMPO CHINO,,,persistida
2026-05-20,8000261 P1 P2 P3 P4 P5 FSC GG,24,GAOU7278951,2026-03-12,2026-03-24,CAMPO CHINO,,,persistida
2026-05-20,8000261 P1 P2 P3 P4 P5 FSC GG,25,GCXU5553824,2026-03-12,2026-03-24,CAMPO CHINO,,,persistida
2026-05-20,8000261 P1 P2 P3 P4 P5 FSC GG,26,GCXU5752744,2026-03-12,2026-03-24,CAMPO CHINO,,,persistida
2026-05-20,8000261 P1 P2 P3 P4 P5 FSC GG,27,MRKU2642765,2026-03-12,2026-03-24,CAMPO CHINO,,,persistida
2026-05-20,8000261 P1 P2 P3 P4 P5 FSC GG,28,MRKU3677508,2026-03-12,2026-03-24,CAMPO CHINO,,,persistida
2026-05-20,8000261 P1 P2 P3 P4 P5 FSC GG,29,MRKU4866260,2026-03-12,2026-03-24,CAMPO CHINO,,,persistida
2026-05-20,8000261 P1 P2 P3 P4 P5 FSC GG,30,MRKU5169276,2026-03-12,2026-03-24,CAMPO CHINO,,,persistida
2026-05-20,8000261 P1 P2 P3 P4 P5 FSC GG,31,MRKU6379805,2026-03-12,2026-03-25,CAMPO CHINO,,,persistida
2026-05-20,8000261 P1 P2 P3 P4 P5 FSC GG,32,MRKU6492370,2026-03-12,2026-03-25,CAMPO CHINO,,,persistida
2026-05-20,8000261 P1 P2 P3 P4 P5 FSC GG,33,MRSU4204610,2026-03-12,2026-03-25,CAMPO CHINO,,,persistida
2026-05-20,8000261 P1 P2 P3 P4 P5 FSC GG,34,MRSU4715307,2026-03-12,2026-03-25,CAMPO CHINO,,,persistida
2026-05-20,8000261 P1 P2 P3 P4 P5 FSC GG,35,MRSU7118244,2026-03-12,2026-03-25,CAMPO CHINO,,,persistida
2026-05-20,8000261 P1 P2 P3 P4 P5 FSC GG,36,MTSU9624380,2026-03-12,2026-03-25,CAMPO CHINO,,,persistida
2026-05-20,8000261 P1 P2 P3 P4 P5 FSC GG,37,TCKU6959879,2026-03-12,2026-03-25,CAMPO CHINO,,,persistida
2026-05-20,8000261 P1 P2 P3 P4 P5 FSC GG,38,TCKU7766637,2026-03-12,2026-03-25,CAMPO CHINO,,,persistida
2026-05-20,8000261 P1 P2 P3 P4 P5 FSC GG,39,TCNU1830688,2026-03-12,2026-03-25,CAMPO CHINO,,,persistida
2026-05-20,8000261 P1 P2 P3 P4 P5 FSC GG,40,TGBU6688220,2026-03-12,2026-03-25,CAMPO CHINO,,,persistida
2026-05-20,8000271 P1 FSC GE,1,BEAU4549070,2026-03-07,2026-03-12,CAMPO CHINO,,,persistida
2026-05-20,8000271 P1 FSC GE,2,BSIU8298964,2026-03-07,2026-03-12,CAMPO CHINO,,,persistida
2026-05-20,8000271 P1 FSC GE,3,DFSU7418866,2026-03-07,2026-03-12,CAMPO CHINO,,,persistida
2026-05-20,8000271 P1 FSC GE,4,FANU1183469,2026-03-07,2026-03-12,CAMPO CHINO,,,persistida
2026-05-20,8000271 P1 FSC GE,5,FANU1494455,2026-03-07,2026-03-12,CAMPO CHINO,,,persistida
2026-05-20,8000271 P1 FSC GE,6,FANU1494882,2026-03-07,2026-03-12,CAMPO CHINO,,,persistida
2026-05-20,8000271 P1 FSC GE,7,FANU3252445,2026-03-07,2026-03-12,CAMPO CHINO,,,persistida
2026-05-20,8000271 P1 FSC GE,8,FANU3261196,2026-03-07,2026-03-12,CAMPO CHINO,,,persistida
2026-05-20,8000271 P1 FSC GE,9,FANU3355720,2026-03-07,2026-03-12,CAMPO CHINO,,,persistida
2026-05-20,8000271 P1 FSC GE,10,FFAU1231692,2026-03-07,2026-03-12,CAMPO CHINO,,,persistida
2026-05-20,8000271 P1 FSC GE,11,GCXU5981890,2026-03-07,2026-03-13,CAMPO CHINO,,,persistida
2026-05-20,8000271 P1 FSC GE,12,HAMU1764944,2026-03-07,2026-03-13,CAMPO CHINO,,,persistida
2026-05-20,8000271 P1 FSC GE,13,HAMU5149310,2026-03-07,2026-03-13,CAMPO CHINO,,,persistida
2026-05-20,8000271 P1 FSC GE,14,HLBU2271752,2026-03-07,2026-03-13,CAMPO CHINO,,,persistida
2026-05-20,8000271 P1 FSC GE,15,HLBU2683385,2026-03-07,2026-03-13,CAMPO CHINO,,,persistida
2026-05-20,8000271 P1 FSC GE,16,HLBU3219086,2026-03-07,2026-03-13,CAMPO CHINO,,,persistida
2026-05-20,8000271 P1 FSC GE,17,TCNU1383701,2026-03-07,2026-03-13,CAMPO CHINO,,,persistida
2026-05-20,8000271 P1 FSC GE,18,TEMU7499601,2026-03-07,2026-03-13,CAMPO CHINO,,,persistida
2026-05-20,8000271 P1 FSC GE,19,TGBU6115960,2026-03-07,2026-03-13,CAMPO CHINO,,,persistida
2026-05-20,8000271 P1 FSC GE,20,TXGU6900034,2026-03-07,2026-03-13,CAMPO CHINO,,,persistida
2026-05-20,8000272 P1 FSC GE,1,FANU3644908,2026-04-07,2026-04-14,,,,persistida
2026-05-20,8000272 P1 FSC GE,2,FANU3783966,2026-04-07,2026-04-14,,,,persistida
2026-05-20,8000272 P1 FSC GE,3,FDCU0171641,2026-04-07,2026-04-14,,,,persistida
2026-05-20,8000272 P1 FSC GE,4,FSCU8084136,2026-04-07,2026-04-14,,,,persistida
2026-05-20,8000272 P1 FSC GE,5,HAMU1575658,2026-04-07,2026-04-14,,,,persistida
2026-05-20,8000272 P1 FSC GE,6,HAMU2386659,2026-04-07,2026-04-14,,,,persistida
2026-05-20,8000272 P1 FSC GE,7,HAMU3696710,2026-04-07,2026-04-14,,,,persistida
2026-05-20,8000272 P1 FSC GE,8,HAMU3946320,2026-04-07,2026-04-14,,,,persistida
2026-05-20,8000272 P1 FSC GE,9,SEKU6416581,2026-04-07,2026-04-14,,,,persistida
2026-05-20,8000272 P1 FSC GE,10,TXGU7351670,2026-04-07,2026-04-14,,,,persistida
2026-05-20,8000272 P1 FSC GE,11,UETU6478853,2026-04-07,2026-04-14,,,,persistida
2026-05-20,SPLIT 8000220 P1 FSC GE,1,FANU3449305,2026-03-10,2026-03-10,CAMPO CHINO,,,persistida
2026-05-20,URG SPLIT 8000220 P2 FSC GE,1,FANU3745903,2026-03-19,2026-03-19,CAMPO CHINO,,,persistida
2026-05-20,URG SPLIT 8000220 P2 FSC GE,2,FANU3529057,2026-03-23,2026-03-19,CAMPO CHINO,,,persistida
2026-05-20,URG SPLIT 8000220 P2 FSC GE,3,HAMU1540501,2026-03-23,2026-03-19,CAMPO CHINO,,,persistida
2026-05-20,URG SPLIT 8000220 P2 FSC GE,4,HAMU2193876,2026-03-23,2026-03-19,CAMPO CHINO,,,persistida
2026-05-20,URG SPLIT 8000220 P2 FSC GE,5,HAMU2198970,2026-03-23,2026-03-19,CAMPO CHINO,,,persistida
2026-05-20,URG SPLIT 8000220 P2 FSC GE,6,HAMU2447008,2026-03-23,2026-03-19,CAMPO CHINO,,,persistida
2026-05-20,URG SPLIT 8000220 P2 FSC GE,7,HAMU2484932,2026-03-23,2026-03-19,CAMPO CHINO,,,persistida
2026-05-20,URG SPLIT 8000220 P2 FSC GE,8,HAMU2551650,2026-03-23,2026-03-28,CAMPO CHINO,,,persistida
2026-05-20,URG SPLIT 8000220 P2 FSC GE,9,HAMU2559820,2026-03-23,2026-03-28,CAMPO CHINO,,,persistida
2026-05-20,URG SPLIT 8000220 P2 FSC GE,10,HAMU3097671,2026-03-23,2026-03-28,CAMPO CHINO,,,persistida
2026-05-20,URG SPLIT 8000220 P2 FSC GE,11,HAMU3228513,2026-03-23,2026-03-28,CAMPO CHINO,,,persistida
2026-05-20,URG SPLIT 8000220 P2 FSC GE,12,HAMU3285827,2026-03-23,2026-03-28,CAMPO CHINO,,,persistida
2026-05-20,URG SPLIT 8000220 P2 FSC GE,13,HAMU3414056,2026-03-23,2026-03-28,CAMPO CHINO,,,persistida
2026-05-20,URG SPLIT 8000220 P2 FSC GE,14,HAMU3769689,2026-03-23,2026-03-28,CAMPO CHINO,,,persistida
2026-05-20,URG SPLIT 8000220 P2 FSC GE,15,HAMU3822206,2026-03-23,2026-03-28,CAMPO CHINO,,,persistida
2026-05-20,URG SPLIT 8000220 P2 FSC GE,16,HAMU3843019,2026-03-23,2026-03-28,CAMPO CHINO,,,persistida
2026-05-20,URG SPLIT 8000220 P2 FSC GE,17,HAMU4447096,2026-03-23,2026-03-28,CAMPO CHINO,,,persistida
2026-05-20,URG SPLIT 8000220 P2 FSC GE,18,HAMU5122290,2026-03-23,2026-03-28,CAMPO CHINO,,,persistida
2026-05-20,URG SPLIT 8000220 P2 FSC GE,19,UETU6854544,2026-03-23,2026-03-28,CAMPO CHINO,,,persistida
2026-05-20,URGENTE 5700011274 P1 GE,1,BMOU9248200,2026-04-07,2026-04-06,BODEGA SIERRA,,,persistida
2026-05-20,URGENTE 5700011274 P1 GE,2,BMOU9329621,2026-04-07,2026-04-06,BODEGA SIERRA,,,persistida
2026-05-20,URGENTE 5700011274 P1 GE,3,BMOU9350193,2026-04-07,2026-04-06,BODEGA SIERRA,,,persistida
2026-05-20,URGENTE 5700011274 P1 GE,4,BMOU9351590,2026-04-07,2026-04-06,BODEGA SIERRA,,,persistida
2026-05-20,URGENTE 5700011274 P1 GE,5,OTPU6083370,2026-04-07,2026-04-06,BODEGA SIERRA,,,persistida
2026-05-20,URGENTE 5700011274 P1 GE,6,OTPU6321020,2026-04-07,2026-04-06,BODEGA SIERRA,,,persistida
2026-05-20,URGENTE 5700011274 P1 GE,7,OTPU6323608,2026-04-07,2026-04-06,BODEGA SIERRA,,,persistida
2026-05-20,URGENTE 5700011274 P1 GE,8,OTPU6375509,2026-04-07,2026-04-06,BODEGA SIERRA,,,persistida
2026-05-20,URGENTE 5700011274 P1 GE,9,OTPU6720360,2026-04-07,2026-04-06,BODEGA SIERRA,,,persistida
2026-05-20,URGENTE 5700011274 P1 GE,10,OTPU6720966,2026-04-07,2026-04-06,BODEGA SIERRA,,,persistida
2026-05-20,URGENTE 5700011274 P1 GE,11,OTPU6721828,2026-04-07,2026-04-06,BODEGA SIERRA,,,persistida
2026-05-20,URGENTE 5700011274 P1 GE,12,OTPU6783434,2026-04-07,2026-04-06,BODEGA SIERRA,,,persistida
2026-05-20,URGENTE 5700011274 P1 GE,13,OTPU6784657,2026-04-07,2026-04-06,BODEGA SIERRA,,,persistida
2026-05-20,URGENTE 5700011274 P1 GE,14,OTPU6785890,2026-04-07,2026-04-06,BODEGA SIERRA,,,persistida
2026-05-20,URGENTE 5700011274 P1 GE,15,SEGU9299078,2026-04-07,2026-04-06,BODEGA SIERRA,,,persistida
2026-05-20,URGENTE 5700011274 P1 GE,16,SEGU9620589,2026-04-07,2026-04-06,BODEGA SIERRA,,,persistida
2026-05-20,URGENTE 5700011274 P1 GE,17,SEGU9630611,2026-04-07,2026-04-06,BODEGA SIERRA,,,persistida
2026-05-20,URGENTE 5700011274 P1 GE,18,SEGU9631027,2026-04-07,2026-04-06,BODEGA SIERRA,,,persistida
2026-05-20,URGENTE 5700011274 P1 GE,19,SEGU9676525,2026-04-07,2026-04-07,BODEGA SIERRA,,,persistida
2026-05-20,URGENTE 5700011274 P1 GE,20,SEGU9720968,2026-04-07,2026-04-07,BODEGA SIERRA,,,persistida
2026-05-20,URGENTE 5700011274 P1 GE,21,SEGU9741209,2026-04-07,2026-04-07,BODEGA SIERRA,,,persistida
2026-05-20,URGENTE 5700011274 P1 GE,22,SEKU9216015,2026-04-07,2026-04-07,BODEGA SIERRA,,,persistida
2026-05-20,URGENTE 5700011274 P1 GE,23,SEKU9216720,2026-04-07,2026-04-07,BODEGA SIERRA,,,persistida
2026-05-20,URGENTE 5700011274 P1 GE,24,SEKU9218698,2026-04-07,2026-04-14,BODEGA SIERRA,,,persistida
2026-05-20,URGENTE 5700011274 P1 GE,25,SEKU9219605,2026-04-07,2026-04-14,BODEGA SIERRA,,,persistida
