contenedor_id,pedido,naviera,puerto,deposito_vacio,plan_llegada_patio,plan_devolucion_vacio,comentario_plan_galagans,fecha_snapshot
BMOU5503951,8000215 P1 FSC GG,MSC,RE-54392,MEDLOG,2026-02-21,2026-03-05,,2026-08-21
CAAU7523717,8000215 P1 FSC GG,MSC,RE-54392,MEDLOG,2026-02-21,2026-03-05,,2026-08-21
DFSU6595086,8000215 P1 FSC GG,MSC,RE-54392,MEDLOG,2026-02-21,2026-03-05,,2026-08-21
DRYU9712729,8000215 P1 FSC GG,MSC,RE-54392,MEDLOG,2026-02-21,2026-03-05,,2026-08-21
FDCU0091063,8000215 P1 FSC GG,MSC,RE-54392,MEDLOG,2026-02-21,2026-03-05,,2026-08-21
HNSU5026296,8000215 P1 FSC GG,MSC,RE-54392,MEDLOG,2026-02-21,2026-03-05,,2026-08-21
MEDU4779458,8000215 P1 FSC GG,MSC,RE-54392,MEDLOG,2026-02-21,2026-03-05,,2026-08-21
MSBU5084265,8000215 P1 FSC GG,MSC,RE-54392,MEDLOG,2026-02-21,2026-03-05,,2026-08-21
MSBU7111293,8000215 P1 FSC GG,MSC,RE-54392,MEDLOG,2026-02-21,2026-03-05,,2026-08-21
MSBU7536997,8000215 P1 FSC GG,MSC,RE-54392,MEDLOG,2026-02-21,2026-03-05,,2026-08-21
MSBU7544539,8000215 P1 FSC GG,MSC,RE-54392,MEDLOG,2026-02-21,2026-03-05,,2026-08-21
MSCU5148698,8000215 P1 FSC GG,MSC,RE-54392,MEDLOG,2026-02-21,2026-03-05,,2026-08-21
MSDU5915197,8000215 P1 FSC GG,MSC,RE-54392,MEDLOG,2026-02-21,2026-03-05,,2026-08-21
MSDU8264550,8000215 P1 FSC GG,MSC,RE-54392,MEDLOG,2026-02-21,2026-03-05,,2026-08-21
MSDU8560547,8000215 P1 FSC GG,MSC,RE-54392,MEDLOG,2026-02-21,2026-03-05,,2026-08-21
MSMU6920002,8000215 P1 FSC GG,MSC,RE-54392,MEDLOG,2026-02-21,2026-03-05,,2026-08-21
MSMU8207330,8000215 P1 FSC GG,MSC,RE-54392,MEDLOG,2026-02-21,2026-03-05,,2026-08-21
MSNU6814771,8000215 P1 FSC GG,MSC,RE-54392,MEDLOG,2026-02-21,2026-03-05,,2026-08-21
TGBU7494301,8000215 P1 FSC GG,MSC,RE-54392,MEDLOG,2026-02-21,2026-03-05,,2026-08-21
TIIU5155519,8000215 P1 FSC GG,MSC,RE-54392,MEDLOG,2026-02-21,2026-03-05,,2026-08-21
UETU8092788,8000215 P1 FSC GG,MSC,RE-54392,MEDLOG,2026-02-21,2026-03-05,,2026-08-21
MSBU5350088,8000214 P2 FSC GG,MSC,RE-54128,MEDLOG,2026-02-23,2026-03-06,,2026-08-21
FFAU5730257,8000214 P2 FSC GG,MSC,RE-54128,MEDLOG,2026-02-23,2026-03-06,,2026-08-21
MSMU6929102,8000214 P2 FSC GG,MSC,RE-54128,MEDLOG,2026-02-23,2026-03-06,,2026-08-21
UETU7928662,8000214 P2 FSC GG,MSC,RE-54128,MEDLOG,2026-02-23,2026-03-06,,2026-08-21
MSNU9064201,8000214 P2 FSC GG,MSC,RE-54128,MEDLOG,2026-02-23,2026-03-06,,2026-08-21
CAAU9493102,8000214 P2 FSC GG,MSC,RE-54128,MEDLOG,2026-02-23,2026-03-06,,2026-08-21
MSMU5560513,8000214 P2 FSC GG,MSC,RE-54128,MEDLOG,2026-02-23,2026-03-06,,2026-08-21
MSBU6955089,8000214 P2 FSC GG,MSC,RE-54128,MEDLOG,2026-02-23,2026-03-06,,2026-08-21
SEKU6822127,8000214 P2 FSC GG,MSC,RE-54128,MEDLOG,2026-02-23,2026-03-06,,2026-08-21
MSBU6849385,8000214 P2 FSC GG,MSC,RE-54128,MEDLOG,2026-02-23,2026-03-06,,2026-08-21
FSCU8331025,8000214 P2 FSC GG,MSC,RE-54128,MEDLOG,2026-02-23,2026-03-06,,2026-08-21
MSMU4382253,8000214 P2 FSC GG,MSC,RE-54128,MEDLOG,2026-02-23,2026-03-06,,2026-08-21
MSBU6906274,8000214 P2 FSC GG,MSC,RE-54128,MEDLOG,2026-02-23,2026-03-06,,2026-08-21
MSNU5478646,8000214 P2 FSC GG,MSC,RE-54128,MEDLOG,2026-02-23,2026-03-06,,2026-08-21
MSDU6959353,8000214 P2 FSC GG,MSC,RE-54128,MEDLOG,2026-02-23,2026-03-06,,2026-08-21
MSMU5174969,8000214 P2 FSC GG,MSC,RE-54128,MEDLOG,2026-02-23,2026-03-06,,2026-08-21
TGBU6181196,8000214 P2 FSC GG,MSC,RE-54128,MEDLOG,2026-02-23,2026-03-06,,2026-08-21
MSDU8851882,8000214 P2 FSC GG,MSC,RE-54128,MEDLOG,2026-02-23,2026-03-06,,2026-08-21
MSMU4184129,8000214 P2 FSC GG,MSC,RE-54128,MEDLOG,2026-02-23,2026-03-06,,2026-08-21
TLLU8601220,8000214 P2 FSC GG,MSC,RE-54128,MEDLOG,2026-02-23,2026-03-06,,2026-08-21
CAAU8210851,8000198 P5 FSC GE,HALO,RE-03838,TERCON,2026-02-24,2026-03-07,,2026-08-21
HAMU1495932,8000198 P5 FSC GE,HALO,RE-03838,TERCON,2026-02-24,2026-03-07,,2026-08-21
HAMU1730477,8000198 P5 FSC GE,HALO,RE-03838,TERCON,2026-02-24,2026-03-07,,2026-08-21
HAMU1837655,8000198 P5 FSC GE,HALO,RE-03838,TERCON,2026-02-24,2026-03-07,,2026-08-21
HAMU3016350,8000198 P5 FSC GE,HALO,RE-03838,TERCON,2026-02-24,2026-03-07,,2026-08-21
HLXU8164846,8000198 P5 FSC GE,HALO,RE-03838,TERCON,2026-02-24,2026-03-07,,2026-08-21
HLXU8605453,8000198 P5 FSC GE,HALO,RE-03838,TERCON,2026-02-24,2026-03-07,,2026-08-21
TRHU4531180,8000198 P5 FSC GE,HALO,RE-03838,TERCON,2026-02-24,2026-03-07,,2026-08-21
UETU6392791,8000198 P5 FSC GE,HALO,RE-03838,TERCON,2026-02-24,2026-03-07,,2026-08-21
TEMU7598800,8000235 P1 FSC GE,CMA CGM,RE-54923,BLASTI,2026-02-25,2026-03-07,,2026-08-21
CMAU4584165,8000235 P1 FSC GE,CMA CGM,RE-54923,BLASTI,2026-02-25,2026-03-07,,2026-08-21
TGCU5466330,8000235 P1 FSC GE,CMA CGM,RE-54923,BLASTI,2026-02-25,2026-03-07,,2026-08-21
ECMU7056288,8000235 P1 FSC GE,CMA CGM,RE-54923,BLASTI,2026-02-25,2026-03-07,,2026-08-21
CMAU4719888,8000235 P1 FSC GE,CMA CGM,RE-54923,BLASTI,2026-02-25,2026-03-07,,2026-08-21
HAMU3858615,5700011308 P1 ARCLAD GE,HALO,RE-05556,TPG,2026-02-27,2026-03-03,,2026-08-21
FANU3425751,5700011308 P1 ARCLAD GE,HALO,RE-05556,TPG,2026-02-27,2026-02-27,,2026-08-21
SMLU7867243,5700011203 / 5700011204,,,RFS,2026-02-28,2026-03-02,,2026-08-21
SMLU3138557,5700011203 / 5700011204,,,RFS,2026-02-28,2026-03-02,,2026-08-21
MSBU5608275,8000242 P2 P3 FSC GG,MSC,RE-05051,MEDLOG,2026-03-04,2026-03-11,,2026-08-21
MSMU5615133,8000242 P2 P3 FSC GG,MSC,RE-05051,MEDLOG,2026-03-04,2026-03-11,,2026-08-21
DFSU7418866,8000271 P1 FSC GE,HALO,RE-05719,TPG,2026-03-07,2026-03-19,,2026-08-21
TEMU7499601,8000271 P1 FSC GE,HALO,RE-05719,TPG,2026-03-07,2026-03-12,,2026-08-21
TGBU6115960,8000271 P1 FSC GE,HALO,RE-05719,TPG,2026-03-07,2026-03-12,,2026-08-21
FFAU1231692,8000271 P1 FSC GE,HALO,RE-05719,TPG,2026-03-07,2026-03-18,,2026-08-21
BSIU8298964,8000271 P1 FSC GE,HALO,RE-05719,TPG,2026-03-07,2026-03-18,,2026-08-21
HLBU2683385,8000271 P1 FSC GE,HALO,RE-05719,TPG,2026-03-07,2026-03-17,,2026-08-21
HLBU2271752,8000271 P1 FSC GE,HALO,RE-05719,TPG,2026-03-07,2026-03-12,,2026-08-21
HLBU3219086,8000271 P1 FSC GE,HALO,RE-05719,TPG,2026-03-07,2026-03-17,,2026-08-21
FANU1494882,8000271 P1 FSC GE,HALO,RE-05719,TPG,2026-03-07,2026-03-19,,2026-08-21
FANU3261196,8000271 P1 FSC GE,HALO,RE-05719,TPG,2026-03-07,2026-03-19,,2026-08-21
FANU3355720,8000271 P1 FSC GE,HALO,RE-05719,TPG,2026-03-07,2026-03-19,,2026-08-21
TXGU6900034,8000271 P1 FSC GE,HALO,RE-05719,TPG,2026-03-07,2026-03-18,,2026-08-21
HAMU5149310,8000271 P1 FSC GE,HALO,RE-05719,TPG,2026-03-07,2026-03-12,,2026-08-21
FANU1183469,8000271 P1 FSC GE,HALO,RE-05719,TPG,2026-03-07,2026-03-17,,2026-08-21
GCXU5981890,8000271 P1 FSC GE,HALO,RE-05719,TPG,2026-03-07,2026-03-19,,2026-08-21
FANU3252445,8000271 P1 FSC GE,HALO,RE-05719,TPG,2026-03-07,2026-03-17,,2026-08-21
HAMU1764944,8000271 P1 FSC GE,HALO,RE-05719,TPG,2026-03-07,2026-03-18,,2026-08-21
FANU1494455,8000271 P1 FSC GE,HALO,RE-05719,TPG,2026-03-07,2026-03-12,,2026-08-21
TCNU1383701,8000271 P1 FSC GE,HALO,RE-05719,TPG,2026-03-07,2026-03-18,,2026-08-21
BEAU4549070,8000271 P1 FSC GE,HALO,RE-05719,TPG,2026-03-07,2026-03-19,,2026-08-21
MSMU6604684,8000218 P1 FSC GE,MSC,RE-54910,MEDLOG,2026-03-07,2026-03-11,,2026-08-21
CAAU7529206,8000218 P1 FSC GE,MSC,RE-54910,MEDLOG,2026-03-07,2026-03-11,,2026-08-21
TGHU6833589,8000218 P1 FSC GE,MSC,RE-54910,MEDLOG,2026-03-07,2026-03-11,,2026-08-21
MSMU7895286,8000218 P1 FSC GE,MSC,RE-54910,MEDLOG,2026-03-07,2026-03-11,,2026-08-21
CAIU4687052,8000218 P1 FSC GE,MSC,RE-54910,MEDLOG,2026-03-07,2026-03-11,,2026-08-21
FBLU0116328,8000218 P1 FSC GE,MSC,RE-54910,MEDLOG,2026-03-07,2026-03-11,,2026-08-21
FFAU5739655,8000218 P1 FSC GE,MSC,RE-54910,MEDLOG,2026-03-07,2026-03-10,,2026-08-21
MSDU8342925,8000218 P1 FSC GE,MSC,RE-54910,MEDLOG,2026-03-07,2026-03-10,,2026-08-21
MSMU6809302,8000218 P1 FSC GE,MSC,RE-54910,MEDLOG,2026-03-07,2026-03-11,,2026-08-21
TCLU7223513,8000218 P1 FSC GE,MSC,RE-54910,MEDLOG,2026-03-07,2026-03-11,,2026-08-21
FCIU9027867,8000218 P1 FSC GE,MSC,RE-54910,MEDLOG,2026-03-07,2026-03-11,,2026-08-21
TEMU8184933,8000218 P1 FSC GE,MSC,RE-54910,MEDLOG,2026-03-07,2026-03-11,,2026-08-21
MSBU6539841,8000218 P1 FSC GE,MSC,RE-54910,MEDLOG,2026-03-07,2026-03-10,,2026-08-21
TGHU6071307,8000218 P1 FSC GE,MSC,RE-54910,MEDLOG,2026-03-07,2026-03-10,,2026-08-21
MSDU7198407,8000218 P1 FSC GE,MSC,RE-54910,MEDLOG,2026-03-07,2026-03-10,,2026-08-21
MSNU9170760,8000218 P1 FSC GE,MSC,RE-54910,MEDLOG,2026-03-07,2026-03-10,,2026-08-21
TGBU7995448,8000218 P1 FSC GE,MSC,RE-54910,MEDLOG,2026-03-07,2026-03-10,,2026-08-21
FFAU4938565,5700011308 P2 ARCLAD GE,HALO,RE-05572,TPG,2026-03-09,2026-03-12,,2026-08-21
TCLU3379977,5700011308 P2 ARCLAD GE,HALO,RE-05572,TPG,2026-03-09,2026-03-16,,2026-08-21
TCLU4991781,5700011067 P5 - 8000203 P2 - 212 P5 - 8000242 P4 F,MSC,RE-05174,MEDLOG,2026-03-10,2026-03-17,,2026-08-21
TGBU5908254,5700011067 P5 - 8000203 P2 - 212 P5 - 8000242 P4 F,MSC,RE-05174,MEDLOG,2026-03-10,2026-03-15,,2026-08-21
TCNU9368236,5700011067 P5 - 8000203 P2 - 212 P5 - 8000242 P4 F,MSC,RE-05174,MEDLOG,2026-03-10,2026-03-15,,2026-08-21
TEMU7643323,5700011067 P5 - 8000203 P2 - 212 P5 - 8000242 P4 F,MSC,RE-05174,MEDLOG,2026-03-10,2026-03-18,,2026-08-21
MSNU7384150,5700011067 P5 - 8000203 P2 - 212 P5 - 8000242 P4 F,MSC,RE-05174,MEDLOG,2026-03-10,2026-03-15,,2026-08-21
MSCU5332133,5700011067 P5 - 8000203 P2 - 212 P5 - 8000242 P4 F,MSC,RE-05174,MEDLOG,2026-03-10,2026-03-15,,2026-08-21
MSNU9305741,5700011067 P5 - 8000203 P2 - 212 P5 - 8000242 P4 F,MSC,RE-05174,MEDLOG,2026-03-10,2026-03-17,,2026-08-21
MSNU7366943,5700011067 P5 - 8000203 P2 - 212 P5 - 8000242 P4 F,MSC,RE-05174,MEDLOG,2026-03-10,2026-03-13,,2026-08-21
FFAU3505513,5700011067 P5 - 8000203 P2 - 212 P5 - 8000242 P4 F,MSC,RE-05174,MEDLOG,2026-03-10,2026-03-13,,2026-08-21
GAOU7436086,5700011067 P5 - 8000203 P2 - 212 P5 - 8000242 P4 F,MSC,RE-05174,MEDLOG,2026-03-10,2026-03-13,,2026-08-21
MSDU8922250,5700011067 P5 - 8000203 P2 - 212 P5 - 8000242 P4 F,MSC,RE-05174,MEDLOG,2026-03-10,2026-03-13,,2026-08-21
MSMU4933572,5700011067 P5 - 8000203 P2 - 212 P5 - 8000242 P4 F,MSC,RE-05174,MEDLOG,2026-03-10,2026-03-15,,2026-08-21
TCLU7769905,5700011067 P5 - 8000203 P2 - 212 P5 - 8000242 P4 F,MSC,RE-05174,MEDLOG,2026-03-10,2026-03-13,,2026-08-21
MSMU4036651,5700011067 P5 - 8000203 P2 - 212 P5 - 8000242 P4 F,MSC,RE-05174,MEDLOG,2026-03-10,2026-03-13,,2026-08-21
MSNU9754737,5700011067 P5 - 8000203 P2 - 212 P5 - 8000242 P4 F,MSC,RE-05174,MEDLOG,2026-03-10,2026-03-17,,2026-08-21
MSNU5427660,5700011067 P5 - 8000203 P2 - 212 P5 - 8000242 P4 F,MSC,RE-05174,MEDLOG,2026-03-10,2026-03-15,,2026-08-21
TLLU7855030,5700011067 P5 - 8000203 P2 - 212 P5 - 8000242 P4 F,MSC,RE-05174,MEDLOG,2026-03-10,2026-03-15,,2026-08-21
MSDU6533223,5700011067 P5 - 8000203 P2 - 212 P5 - 8000242 P4 F,MSC,RE-05174,MEDLOG,2026-03-10,2026-03-15,,2026-08-21
FFAU1563001,5700011067 P5 - 8000203 P2 - 212 P5 - 8000242 P4 F,MSC,RE-05174,MEDLOG,2026-03-10,2026-03-15,,2026-08-21
MSNU5605801,5700011067 P5 - 8000203 P2 - 212 P5 - 8000242 P4 F,MSC,RE-05174,MEDLOG,2026-03-10,2026-03-13,,2026-08-21
MSMU6460247,5700011067 P5 - 8000203 P2 - 212 P5 - 8000242 P4 F,MSC,RE-05174,MEDLOG,2026-03-10,2026-03-17,,2026-08-21
CXDU2149308,5700011067 P5 - 8000203 P2 - 212 P5 - 8000242 P4 F,MSC,RE-05174,MEDLOG,2026-03-10,2026-03-17,,2026-08-21
DRYU9385816,5700011067 P5 - 8000203 P2 - 212 P5 - 8000242 P4 F,MSC,RE-05174,MEDLOG,2026-03-10,2026-03-17,,2026-08-21
MSMU4189310,5700011067 P5 - 8000203 P2 - 212 P5 - 8000242 P4 F,MSC,RE-05174,MEDLOG,2026-03-10,2026-03-18,,2026-08-21
MSMU7489836,5700011067 P5 - 8000203 P2 - 212 P5 - 8000242 P4 F,MSC,RE-05174,MEDLOG,2026-03-10,2026-03-18,,2026-08-21
TXGU8922990,5700011067 P5 - 8000203 P2 - 212 P5 - 8000242 P4 F,MSC,RE-05174,MEDLOG,2026-03-10,2026-03-18,,2026-08-21
MSDU5603687,5700011067 P5 - 8000203 P2 - 212 P5 - 8000242 P4 F,MSC,RE-05174,MEDLOG,2026-03-10,2026-03-17,,2026-08-21
DFSU7790298,5700011067 P5 - 8000203 P2 - 212 P5 - 8000242 P4 F,MSC,RE-05174,MEDLOG,2026-03-10,2026-03-17,,2026-08-21
CAIU8711732,5700011067 P5 - 8000203 P2 - 212 P5 - 8000242 P4 F,MSC,RE-05174,MEDLOG,2026-03-10,2026-03-17,,2026-08-21
MSDU6895114,5700011067 P5 - 8000203 P2 - 212 P5 - 8000242 P4 F,MSC,RE-05174,MEDLOG,2026-03-10,2026-03-17,,2026-08-21
MSBU7425720,5700011067 P5 - 8000203 P2 - 212 P5 - 8000242 P4 F,MSC,RE-05174,MEDLOG,2026-03-10,2026-03-18,,2026-08-21
MSDU6841015,5700011067 P5 - 8000203 P2 - 212 P5 - 8000242 P4 F,MSC,RE-05174,MEDLOG,2026-03-10,2026-03-18,,2026-08-21
CAAU5528160,5700011067 P5 - 8000203 P2 - 212 P5 - 8000242 P4 F,MSC,RE-05174,MEDLOG,2026-03-10,2026-03-18,,2026-08-21
MSDU7528160,5700011067 P5 - 8000203 P2 - 212 P5 - 8000242 P4 F,MSC,RE-05174,MEDLOG,2026-03-10,2026-03-13,,2026-08-21
CAIU4773232,5700011067 P5 - 8000203 P2 - 212 P5 - 8000242 P4 F,MSC,RE-05174,MEDLOG,2026-03-10,2026-03-17,,2026-08-21
SEKU6778960,5700011067 P5 - 8000203 P2 - 212 P5 - 8000242 P4 F,MSC,RE-05174,MEDLOG,2026-03-10,2026-03-13,,2026-08-21
MSMU8626110,5700011067 P5 - 8000203 P2 - 212 P5 - 8000242 P4 F,MSC,RE-05174,MEDLOG,2026-03-10,2026-03-13,,2026-08-21
FFAU2265378,5700011067 P5 - 8000203 P2 - 212 P5 - 8000242 P4 F,MSC,RE-05174,MEDLOG,2026-03-10,2026-03-13,,2026-08-21
TGBU9599507,5700011067 P5 - 8000203 P2 - 212 P5 - 8000242 P4 F,MSC,RE-05174,MEDLOG,2026-03-10,2026-03-17,,2026-08-21
CAIU7355473,5700011067 P5 - 8000203 P2 - 212 P5 - 8000242 P4 F,MSC,RE-05174,MEDLOG,2026-03-10,2026-03-17,,2026-08-21
FCIU7382456,5700011067 P5 - 8000203 P2 - 212 P5 - 8000242 P4 F,MSC,RE-05174,MEDLOG,2026-03-10,2026-03-15,,2026-08-21
MSCU5239951,5700011067 P5 - 8000203 P2 - 212 P5 - 8000242 P4 F,MSC,RE-05174,MEDLOG,2026-03-10,2026-03-13,,2026-08-21
MSMU8096751,5700011067 P5 - 8000203 P2 - 212 P5 - 8000242 P4 F,MSC,RE-05174,MEDLOG,2026-03-10,2026-03-13,,2026-08-21
TRHU7607931,5700011067 P5 - 8000203 P2 - 212 P5 - 8000242 P4 F,MSC,RE-05174,MEDLOG,2026-03-10,2026-03-15,,2026-08-21
BMOU6903401,5700011067 P5 - 8000203 P2 - 212 P5 - 8000242 P4 F,MSC,RE-05174,MEDLOG,2026-03-10,2026-03-13,,2026-08-21
BMOU6954733,5700011067 P5 - 8000203 P2 - 212 P5 - 8000242 P4 F,MSC,RE-05174,MEDLOG,2026-03-10,2026-03-17,,2026-08-21
MEDU9369775,5700011067 P5 - 8000203 P2 - 212 P5 - 8000242 P4 F,MSC,RE-05174,MEDLOG,2026-03-10,2026-03-15,,2026-08-21
MSNU5427490,5700011067 P5 - 8000203 P2 - 212 P5 - 8000242 P4 F,MSC,RE-05174,MEDLOG,2026-03-10,2026-03-15,,2026-08-21
MSBU7472526,8000229 P1 FSC GE,MSC,RE-06198,MEDLOG,2026-03-11,2026-03-20,,2026-08-21
TXGU5449749,8000229 P1 FSC GE,MSC,RE-06198,MEDLOG,2026-03-11,2026-03-19,,2026-08-21
FFAU6608388,8000229 P1 FSC GE,MSC,RE-06198,MEDLOG,2026-03-11,2026-03-20,,2026-08-21
MSNU5329998,8000229 P1 FSC GE,MSC,RE-06198,MEDLOG,2026-03-11,2026-03-20,,2026-08-21
MSDU6466470,8000229 P1 FSC GE,MSC,RE-06198,MEDLOG,2026-03-11,2026-03-20,,2026-08-21
MSDU6163556,8000229 P1 FSC GE,MSC,RE-06198,MEDLOG,2026-03-11,2026-03-20,,2026-08-21
CAAU4558670,8000229 P1 FSC GE,MSC,RE-06198,MEDLOG,2026-03-11,2026-03-20,,2026-08-21
UETU6711775,8000229 P1 FSC GE,MSC,RE-06198,MEDLOG,2026-03-11,2026-03-20,,2026-08-21
MSMU7056409,8000229 P1 FSC GE,MSC,RE-06198,MEDLOG,2026-03-11,2026-03-20,,2026-08-21
MSDU7770298,8000229 P1 FSC GE,MSC,RE-06198,MEDLOG,2026-03-11,2026-03-20,,2026-08-21
MSMU4806011,8000229 P1 FSC GE,MSC,RE-06198,MEDLOG,2026-03-11,2026-03-20,,2026-08-21
MSMU8336301,8000229 P1 FSC GE,MSC,RE-06198,MEDLOG,2026-03-12,2026-03-18,,2026-08-21
FFAU1972170,8000229 P1 FSC GE,MSC,RE-06198,MEDLOG,2026-03-12,2026-03-18,,2026-08-21
CAAU4583733,8000229 P1 FSC GE,MSC,RE-06198,MEDLOG,2026-03-12,2026-03-18,,2026-08-21
MSDU6780901,8000229 P1 FSC GE,MSC,RE-06198,MEDLOG,2026-03-12,2026-03-19,,2026-08-21
TRHU8641843,8000229 P1 FSC GE,MSC,RE-06198,MEDLOG,2026-03-12,2026-03-18,,2026-08-21
MSDU6213451,8000229 P1 FSC GE,MSC,RE-06198,MEDLOG,2026-03-12,2026-03-18,,2026-08-21
MSNU8423117,8000229 P1 FSC GE,MSC,RE-06198,MEDLOG,2026-03-12,2026-03-18,,2026-08-21
UETU7401239,8000229 P1 FSC GE,MSC,RE-06198,MEDLOG,2026-03-12,2026-03-18,,2026-08-21
MSBU5207420,8000229 P1 FSC GE,MSC,RE-06198,MEDLOG,2026-03-12,2026-03-18,,2026-08-21
CAAU7357067,8000229 P1 FSC GE,MSC,RE-06198,MEDLOG,2026-03-12,2026-03-20,,2026-08-21
MRKU5799634,8000261 P1 P2 P3 P4 P5 FSC GG,MAERKS,RE-06142,OPACIFIC,2026-03-11,2026-03-23,,2026-08-21
MRKU5838330,8000261 P1 P2 P3 P4 P5 FSC GG,MAERKS,RE-06142,OPACIFIC,2026-03-11,2026-03-24,,2026-08-21
HASU4861580,8000261 P1 P2 P3 P4 P5 FSC GG,MAERKS,RE-06142,OPACIFIC,2026-03-11,2026-03-23,,2026-08-21
MRSU6069090,8000261 P1 P2 P3 P4 P5 FSC GG,MAERKS,RE-06142,OPACIFIC,2026-03-11,2026-03-26,,2026-08-21
MRSU6570460,8000261 P1 P2 P3 P4 P5 FSC GG,MAERKS,RE-06142,OPACIFIC,2026-03-11,2026-03-26,,2026-08-21
TCNU4471236,8000261 P1 P2 P3 P4 P5 FSC GG,MAERKS,RE-06142,OPACIFIC,2026-03-11,2026-03-26,,2026-08-21
MRKU6138562,8000261 P1 P2 P3 P4 P5 FSC GG,MAERKS,RE-06142,OPACIFIC,2026-03-11,2026-03-23,,2026-08-21
CAAU4722989,8000261 P1 P2 P3 P4 P5 FSC GG,MAERKS,RE-06142,OPACIFIC,2026-03-11,2026-03-26,,2026-08-21
MRKU4857612,8000261 P1 P2 P3 P4 P5 FSC GG,MAERKS,RE-06142,OPACIFIC,2026-03-11,2026-03-24,,2026-08-21
TIIU4692344,8000261 P1 P2 P3 P4 P5 FSC GG,MAERKS,RE-06142,OPACIFIC,2026-03-11,2026-03-26,,2026-08-21
MRKU4884238,8000261 P1 P2 P3 P4 P5 FSC GG,MAERKS,RE-06142,OPACIFIC,2026-03-11,2026-03-23,,2026-08-21
MRKU2824918,8000261 P1 P2 P3 P4 P5 FSC GG,MAERKS,RE-06142,OPACIFIC,2026-03-11,2026-03-26,,2026-08-21
MRSU3110137,8000261 P1 P2 P3 P4 P5 FSC GG,MAERKS,RE-06142,OPACIFIC,2026-03-11,2026-03-23,,2026-08-21
MRKU5520570,8000261 P1 P2 P3 P4 P5 FSC GG,MAERKS,RE-06142,OPACIFIC,2026-03-11,2026-03-23,,2026-08-21
CAAU7081791,8000261 P1 P2 P3 P4 P5 FSC GG,MAERKS,RE-06142,OPACIFIC,2026-03-11,2026-03-26,,2026-08-21
MRSU4145760,8000261 P1 P2 P3 P4 P5 FSC GG,MAERKS,RE-06142,OPACIFIC,2026-03-11,2026-03-23,,2026-08-21
MRKU6337965,8000261 P1 P2 P3 P4 P5 FSC GG,MAERKS,RE-06142,OPACIFIC,2026-03-11,2026-03-26,,2026-08-21
SEGU4261866,8000261 P1 P2 P3 P4 P5 FSC GG,MAERKS,RE-06142,OPACIFIC,2026-03-11,2026-03-23,,2026-08-21
MRSU4552391,8000261 P1 P2 P3 P4 P5 FSC GG,MAERKS,RE-06142,OPACIFIC,2026-03-11,2026-03-24,,2026-08-21
CAAU9168988,8000261 P1 P2 P3 P4 P5 FSC GG,MAERKS,RE-06142,OPACIFIC,2026-03-11,2026-03-24,,2026-08-21
MRSU3910700,8000261 P1 P2 P3 P4 P5 FSC GG,MAERKS,RE-06142,OPACIFIC,2026-03-11,2026-03-25,,2026-08-21
TLLU5983407,8000261 P1 P2 P3 P4 P5 FSC GG,MAERKS,RE-06142,OPACIFIC,2026-03-11,2026-03-24,,2026-08-21
FFAU5721893,8000261 P1 P2 P3 P4 P5 FSC GG,MAERKS,RE-06142,OPACIFIC,2026-03-12,2026-03-25,,2026-08-21
GCXU5553824,8000261 P1 P2 P3 P4 P5 FSC GG,MAERKS,RE-06142,OPACIFIC,2026-03-12,2026-03-24,,2026-08-21
MRKU5169276,8000261 P1 P2 P3 P4 P5 FSC GG,MAERKS,RE-06142,OPACIFIC,2026-03-12,2026-03-24,,2026-08-21
TGBU6688220,8000261 P1 P2 P3 P4 P5 FSC GG,MAERKS,RE-06142,OPACIFIC,2026-03-12,2026-03-23,,2026-08-21
TCKU7766637,8000261 P1 P2 P3 P4 P5 FSC GG,MAERKS,RE-06142,OPACIFIC,2026-03-12,2026-03-24,,2026-08-21
MRSU7118244,8000261 P1 P2 P3 P4 P5 FSC GG,MAERKS,RE-06142,OPACIFIC,2026-03-12,2026-03-24,,2026-08-21
GCXU5752744,8000261 P1 P2 P3 P4 P5 FSC GG,MAERKS,RE-06142,OPACIFIC,2026-03-12,2026-03-23,,2026-08-21
MRSU4715307,8000261 P1 P2 P3 P4 P5 FSC GG,MAERKS,RE-06142,OPACIFIC,2026-03-12,2026-03-24,,2026-08-21
MRKU6379805,8000261 P1 P2 P3 P4 P5 FSC GG,MAERKS,RE-06142,OPACIFIC,2026-03-12,2026-03-24,,2026-08-21
TCKU6959879,8000261 P1 P2 P3 P4 P5 FSC GG,MAERKS,RE-06142,OPACIFIC,2026-03-12,2026-03-24,,2026-08-21
GAOU7278951,8000261 P1 P2 P3 P4 P5 FSC GG,MAERKS,RE-06142,OPACIFIC,2026-03-12,2026-03-26,,2026-08-21
MRKU4866260,8000261 P1 P2 P3 P4 P5 FSC GG,MAERKS,RE-06142,OPACIFIC,2026-03-12,2026-03-25,,2026-08-21
MRKU6492370,8000261 P1 P2 P3 P4 P5 FSC GG,MAERKS,RE-06142,OPACIFIC,2026-03-12,2026-03-25,,2026-08-21
MRKU3677508,8000261 P1 P2 P3 P4 P5 FSC GG,MAERKS,RE-06142,OPACIFIC,2026-03-12,2026-03-25,,2026-08-21
MRKU2642765,8000261 P1 P2 P3 P4 P5 FSC GG,MAERKS,RE-06142,OPACIFIC,2026-03-12,2026-03-25,,2026-08-21
MRSU4204610,8000261 P1 P2 P3 P4 P5 FSC GG,MAERKS,RE-06142,OPACIFIC,2026-03-12,2026-03-26,,2026-08-21
MTSU9624380,8000261 P1 P2 P3 P4 P5 FSC GG,MAERKS,RE-06142,OPACIFIC,2026-03-12,2026-03-25,,2026-08-21
TCNU1830688,8000261 P1 P2 P3 P4 P5 FSC GG,MAERKS,RE-06142,OPACIFIC,2026-03-12,2026-03-25,,2026-08-21
SMLU3136960,5700011297 - 5700011298,CITYCOLD,,RFS,2026-03-14,2026-03-16,,2026-08-21
SMLU7915043,5700011297 - 5700011298,CITYCOLD,,RFS,2026-03-14,2026-03-16,,2026-08-21
FANU3449305,SPLIT 8000220 P1 FSC GE,HALO,RE-54108,TPG,2026-03-10,2026-03-10,,2026-08-21
TGHU6094365,8000215 P2 FSC GE,MSC,RE-06205,MEDLOG,2026-03-13,2026-03-21,,2026-08-21
TGHU6164499,8000215 P2 FSC GE,MSC,RE-06205,MEDLOG,2026-03-13,2026-03-21,,2026-08-21
TGCU5111330,8000215 P2 FSC GE,MSC,RE-06205,MEDLOG,2026-03-13,2026-03-21,,2026-08-21
MSNU7300859,8000215 P2 FSC GE,MSC,RE-06205,MEDLOG,2026-03-13,2026-03-21,,2026-08-21
MSNU7058724,8000215 P2 FSC GE,MSC,RE-06205,MEDLOG,2026-03-13,2026-03-21,,2026-08-21
MSNU5203778,8000215 P2 FSC GE,MSC,RE-06205,MEDLOG,2026-03-13,2026-03-21,,2026-08-21
MSMU8274576,8000215 P2 FSC GE,MSC,RE-06205,MEDLOG,2026-03-13,2026-03-21,,2026-08-21
MSMU5139274,8000215 P2 FSC GE,MSC,RE-06205,MEDLOG,2026-03-13,2026-03-21,,2026-08-21
MSDU8923642,8000215 P2 FSC GE,MSC,RE-06205,MEDLOG,2026-03-13,2026-03-21,,2026-08-21
MSDU6217040,8000215 P2 FSC GE,MSC,RE-06205,MEDLOG,2026-03-13,2026-03-20,,2026-08-21
MSBU6871692,8000215 P2 FSC GE,MSC,RE-06205,MEDLOG,2026-03-13,2026-03-20,,2026-08-21
MSBU6526593,8000215 P2 FSC GE,MSC,RE-06205,MEDLOG,2026-03-13,2026-03-20,,2026-08-21
MSBU5547879,8000215 P2 FSC GE,MSC,RE-06205,MEDLOG,2026-03-13,2026-03-20,,2026-08-21
MEDU8863470,8000215 P2 FSC GE,MSC,RE-06205,MEDLOG,2026-03-13,2026-03-20,,2026-08-21
MEDU7217520,8000215 P2 FSC GE,MSC,RE-06205,MEDLOG,2026-03-13,2026-03-21,,2026-08-21
MEDU4618237,8000215 P2 FSC GE,MSC,RE-06205,MEDLOG,2026-03-14,2026-03-21,,2026-08-21
MEDU4505056,8000215 P2 FSC GE,MSC,RE-06205,MEDLOG,2026-03-14,2026-03-21,,2026-08-21
BMOU5969180,8000215 P2 FSC GE,MSC,RE-06205,MEDLOG,2026-03-14,2026-03-21,,2026-08-21
MSDU8051200,8000215 P2 FSC GE,MSC,RE-06205,MEDLOG,2026-03-14,2026-03-21,,2026-08-21
MSDU5714171,8000215 P2 FSC GE,MSC,RE-06205,MEDLOG,2026-03-14,2026-03-21,,2026-08-21
MSNU9008846,8000215 P2 FSC GE,MSC,RE-06205,MEDLOG,2026-03-14,2026-03-21,,2026-08-21
HAMU5122290,URG SPLIT 8000220 P2 FSC GE,HALO,RE-07265,TERCON,2026-03-23,2026-03-28,,2026-08-21
HAMU3097671,URG SPLIT 8000220 P2 FSC GE,HALO,RE-07265,TERCON,2026-03-23,2026-03-28,,2026-08-21
HAMU3769689,URG SPLIT 8000220 P2 FSC GE,HALO,RE-07265,TERCON,2026-03-23,2026-03-28,,2026-08-21
HAMU3843019,URG SPLIT 8000220 P2 FSC GE,HALO,RE-07265,TERCON,2026-03-23,2026-03-28,,2026-08-21
HAMU3414056,URG SPLIT 8000220 P2 FSC GE,HALO,RE-07265,TERCON,2026-03-23,2026-03-28,,2026-08-21
HAMU2447008,URG SPLIT 8000220 P2 FSC GE,HALO,RE-07265,TERCON,2026-03-23,2026-03-28,,2026-08-21
HAMU2198970,URG SPLIT 8000220 P2 FSC GE,HALO,RE-07265,TERCON,2026-03-23,2026-03-28,,2026-08-21
HAMU3822206,URG SPLIT 8000220 P2 FSC GE,HALO,RE-07265,TERCON,2026-03-23,2026-03-28,,2026-08-21
HAMU2193876,URG SPLIT 8000220 P2 FSC GE,HALO,RE-07265,TERCON,2026-03-23,2026-03-28,,2026-08-21
UETU6854544,URG SPLIT 8000220 P2 FSC GE,HALO,RE-07265,TERCON,2026-03-23,2026-03-28,,2026-08-21
HAMU2559820,URG SPLIT 8000220 P2 FSC GE,HALO,RE-07265,TERCON,2026-03-23,2026-03-28,,2026-08-21
HAMU2551650,URG SPLIT 8000220 P2 FSC GE,HALO,RE-07265,TERCON,2026-03-23,2026-03-28,,2026-08-21
FANU3745903,URG SPLIT 8000220 P2 FSC GE,HALO,RE-07265,TERCON,2026-03-19,2026-03-19,,2026-08-21
FANU3529057,URG SPLIT 8000220 P2 FSC GE,HALO,RE-07265,TERCON,2026-03-23,2026-03-19,,2026-08-21
HAMU2484932,URG SPLIT 8000220 P2 FSC GE,HALO,RE-07265,TERCON,2026-03-23,2026-03-19,,2026-08-21
HAMU3228513,URG SPLIT 8000220 P2 FSC GE,HALO,RE-07265,TERCON,2026-03-23,2026-03-19,,2026-08-21
HAMU3285827,URG SPLIT 8000220 P2 FSC GE,HALO,RE-07265,TERCON,2026-03-23,2026-03-19,,2026-08-21
HAMU1540501,URG SPLIT 8000220 P2 FSC GE,HALO,RE-07265,TERCON,2026-03-23,2026-03-19,,2026-08-21
HAMU4447096,URG SPLIT 8000220 P2 FSC GE,HALO,RE-07265,TERCON,2026-03-23,2026-03-19,,2026-08-21
TCKU6524496,8000256 P1 FSC GE,MAERKS,RE-05271,OPACIFIC,2026-03-20,2026-03-28,,2026-08-21
MSMU7695204,5700011284 P1 P3 GE,MSC,RE-06848,MEDLOG,2026-03-21,2026-03-30,,2026-08-21
MSBU5255115,5700011284 P1 P3 GE,MSC,RE-06848,MEDLOG,2026-03-21,2026-03-30,,2026-08-21
TCNU1420404,5700011284 P1 P3 GE,MSC,RE-06848,MEDLOG,2026-03-21,2026-03-30,,2026-08-21
FCIU7421948,5700011284 P1 P3 GE,MSC,RE-06848,MEDLOG,2026-03-21,2026-03-30,,2026-08-21
TGBU7989738,5700011284 P1 P3 GE,MSC,RE-06848,MEDLOG,2026-03-21,2026-03-30,,2026-08-21
MSMU5483295,5700011284 P1 P3 GE,MSC,RE-06848,MEDLOG,2026-03-21,2026-03-30,,2026-08-21
MSNU6083044,5700011284 P1 P3 GE,MSC,RE-06848,MEDLOG,2026-03-21,2026-03-30,,2026-08-21
UETU7674146,5700011284 P1 P3 GE,MSC,RE-06848,MEDLOG,2026-03-21,2026-03-30,,2026-08-21
TRHU7222415,5700011284 P1 P3 GE,MSC,RE-06848,MEDLOG,2026-03-21,2026-03-30,,2026-08-21
MSMU5403896,5700011284 P1 P3 GE,MSC,RE-06848,MEDLOG,2026-03-21,2026-03-30,,2026-08-21
MSDU8613729,5700011284 P1 P3 GE,MSC,RE-06848,MEDLOG,2026-03-21,2026-03-30,,2026-08-21
MSDU8765613,5700011284 P1 P3 GE,MSC,RE-06848,MEDLOG,2026-03-21,2026-03-30,,2026-08-21
TLLU5120366,5700011284 P1 P3 GE,MSC,RE-06848,MEDLOG,2026-03-21,2026-03-30,,2026-08-21
CAAU5658204,5700011108 P2 GG,MSC,RE-07749,MEDLOG,2026-03-20,2026-03-27,,2026-08-21
MSNU7832785,5700011108 P2 GG,MSC,RE-07749,MEDLOG,2026-03-20,2026-03-27,,2026-08-21
CAIU7038062,5700011108 P2 GG,MSC,RE-07749,MEDLOG,2026-03-20,2026-03-27,,2026-08-21
CXDU2042270,5700011108 P2 GG,MSC,RE-07749,MEDLOG,2026-03-20,2026-03-27,,2026-08-21
MSMU4608464,5700011108 P2 GG,MSC,RE-07749,MEDLOG,2026-03-20,2026-03-27,,2026-08-21
MSDU6396162,5700011108 P2 GG,MSC,RE-07749,MEDLOG,2026-03-20,2026-03-27,,2026-08-21
MSNU9712686,5700011108 P2 GG,MSC,RE-07749,MEDLOG,2026-03-20,2026-03-27,,2026-08-21
MSMU8187661,5700011108 P2 GG,MSC,RE-07749,MEDLOG,2026-03-20,2026-03-27,,2026-08-21
MSMU7710422,5700011108 P2 GG,MSC,RE-07749,MEDLOG,2026-03-20,2026-03-27,,2026-08-21
CAAU7534352,5700011108 P2 GG,MSC,RE-07749,MEDLOG,2026-03-20,2026-03-27,,2026-08-21
TRHU6380226,5700011108 P2 GG,MSC,RE-07749,MEDLOG,2026-03-20,2026-03-27,,2026-08-21
TEMU7964030,5700011108 P2 GG,MSC,RE-07749,MEDLOG,2026-03-20,2026-03-28,,2026-08-21
MSDU8762580,5700011108 P2 GG,MSC,RE-07749,MEDLOG,2026-03-20,2026-03-28,,2026-08-21
MSNU5140746,5700011108 P2 GG,MSC,RE-07749,MEDLOG,2026-03-20,2026-03-27,,2026-08-21
MSMU7799488,5700011108 P2 GG,MSC,RE-07749,MEDLOG,2026-03-20,2026-03-27,,2026-08-21
MSDU8733370,5700011108 P2 GG,MSC,RE-07749,MEDLOG,2026-03-20,2026-03-27,,2026-08-21
MSBU8277150,5700011108 P2 GG,MSC,RE-07749,MEDLOG,2026-03-20,2026-03-27,,2026-08-21
CAAU8149068,5700011108 P2 GG,MSC,RE-07749,MEDLOG,2026-03-20,2026-03-27,,2026-08-21
UETU6591598,5700011108 P2 GG,MSC,RE-07749,MEDLOG,2026-03-20,2026-03-27,,2026-08-21
CMAU7678490,8000239 P1 FSC GE,CMA CGM,RE-04663,BLASTI,2026-03-19,2026-04-01,,2026-08-21
CMAU6466032,8000239 P1 FSC GE,CMA CGM,RE-04663,BLASTI,2026-03-19,2026-04-01,,2026-08-21
TRHU6012501,8000239 P1 FSC GE,CMA CGM,RE-04663,BLASTI,2026-03-19,2026-04-01,,2026-08-21
CGMU5270700,8000239 P1 FSC GE,CMA CGM,RE-04663,BLASTI,2026-03-19,2026-04-01,,2026-08-21
SEGU9409391,8000239 P1 FSC GE,CMA CGM,RE-04663,BLASTI,2026-03-19,2026-04-01,,2026-08-21
CGMU5094767,8000239 P1 FSC GE,CMA CGM,RE-04663,BLASTI,2026-03-19,2026-04-01,,2026-08-21
TTNU8467432,8000239 P1 FSC GE,CMA CGM,RE-04663,BLASTI,2026-03-19,2026-04-01,,2026-08-21
FBIU5082801,8000239 P1 FSC GE,CMA CGM,RE-04663,BLASTI,2026-03-19,2026-04-01,,2026-08-21
SZLU9866540,8000239 P1 FSC GE,CMA CGM,RE-04663,BLASTI,2026-03-20,2026-03-30,,2026-08-21
SEGU9425643,8000239 P1 FSC GE,CMA CGM,RE-04663,BLASTI,2026-03-19,2026-04-01,,2026-08-21
TCLU1242558,8000239 P1 FSC GE,CMA CGM,RE-04663,BLASTI,2026-03-19,2026-03-31,,2026-08-21
CGMU5415759,8000239 P1 FSC GE,CMA CGM,RE-04663,BLASTI,2026-03-19,2026-04-01,,2026-08-21
SZLU9916403,8000239 P1 FSC GE,CMA CGM,RE-04663,BLASTI,2026-03-19,2026-03-20,,2026-08-21
TRIU8767814,8000239 P1 FSC GE,CMA CGM,RE-04663,BLASTI,2026-03-19,2026-03-31,,2026-08-21
TEMU9109111,8000239 P1 FSC GE,CMA CGM,RE-04663,BLASTI,2026-03-19,2026-04-01,,2026-08-21
TTNU8659142,8000239 P1 FSC GE,CMA CGM,RE-04663,BLASTI,2026-03-19,2026-03-20,,2026-08-21
BMOU9628406,8000239 P1 FSC GE,CMA CGM,RE-04663,BLASTI,2026-03-19,2026-04-01,,2026-08-21
SZLU9663840,8000239 P1 FSC GE,CMA CGM,RE-04663,BLASTI,2026-03-20,2026-03-31,,2026-08-21
TEMU9268685,8000239 P1 FSC GE,CMA CGM,RE-04663,BLASTI,2026-03-19,2026-03-30,,2026-08-21
CGMU5356825,8000239 P1 FSC GE,CMA CGM,RE-04663,BLASTI,2026-03-19,2026-03-31,,2026-08-21
TTNU8958800,8000239 P1 FSC GE,CMA CGM,RE-04663,BLASTI,2026-03-19,2026-03-31,,2026-08-21
GESU9452515,8000239 P1 FSC GE,CMA CGM,RE-04663,BLASTI,2026-03-19,2026-03-31,,2026-08-21
CGMU9313251,8000239 P1 FSC GE,CMA CGM,RE-04663,BLASTI,2026-03-19,2026-03-31,,2026-08-21
CGMU8002851,8000239 P1 FSC GE,CMA CGM,RE-04663,BLASTI,2026-03-19,2026-03-31,,2026-08-21
APRU6140475,8000239 P1 FSC GE,CMA CGM,RE-04663,BLASTI,2026-03-19,2026-04-01,,2026-08-21
SEKU9248516,8000239 P1 FSC GE,CMA CGM,RE-04663,BLASTI,2026-03-19,2026-03-30,,2026-08-21
CGMU6584516,8000239 P1 FSC GE,CMA CGM,RE-04663,BLASTI,2026-03-19,2026-03-31,,2026-08-21
AMCU9327044,8000239 P1 FSC GE,CMA CGM,RE-04663,BLASTI,2026-03-19,2026-03-30,,2026-08-21
CGMU6568916,8000239 P1 FSC GE,CMA CGM,RE-04663,BLASTI,2026-03-19,2026-04-01,,2026-08-21
CGMU6593760,8000239 P1 FSC GE,CMA CGM,RE-04663,BLASTI,2026-03-19,2026-03-31,,2026-08-21
CGMU7027752,8000239 P1 FSC GE,CMA CGM,RE-04663,BLASTI,2026-03-19,2026-03-31,,2026-08-21
CGMU5786209,8000239 P1 FSC GE,CMA CGM,RE-04663,BLASTI,2026-03-19,2026-03-31,,2026-08-21
CXRU1628450,8000239 P1 FSC GE,CMA CGM,RE-04663,BLASTI,2026-03-19,2026-03-31,,2026-08-21
FSCU7112969,8000236 P1 FSC GE,MSC,RE-03395,MEDLOG,2026-03-25,2026-04-06,,2026-08-21
TGHU6147188,8000236 P1 FSC GE,MSC,RE-03395,MEDLOG,2026-03-25,2026-04-04,,2026-08-21
TGBU7170977,8000236 P1 FSC GE,MSC,RE-03395,MEDLOG,2026-03-25,2026-04-04,,2026-08-21
CAIU7555614,8000236 P1 FSC GE,MSC,RE-03395,MEDLOG,2026-03-25,2026-04-04,,2026-08-21
MEDU7075920,8000236 P1 FSC GE,MSC,RE-03395,MEDLOG,2026-03-25,2026-04-04,,2026-08-21
TIIU5983724,8000236 P1 FSC GE,MSC,RE-03395,MEDLOG,2026-03-25,2026-04-04,,2026-08-21
TXGU8901030,8000236 P1 FSC GE,MSC,RE-03395,MEDLOG,2026-03-25,2026-04-04,,2026-08-21
MSDU7429390,8000236 P1 FSC GE,MSC,RE-03395,MEDLOG,2026-03-25,2026-04-04,,2026-08-21
MSNU5672081,8000236 P1 FSC GE,MSC,RE-03395,MEDLOG,2026-03-25,2026-04-04,,2026-08-21
MSNU6764686,8000236 P1 FSC GE,MSC,RE-03395,MEDLOG,2026-03-25,2026-04-04,,2026-08-21
SEKU4088694,8000236 P1 FSC GE,MSC,RE-03395,MEDLOG,2026-03-25,2026-04-04,,2026-08-21
MSDU7995273,8000236 P1 FSC GE,MSC,RE-03395,MEDLOG,2026-03-25,2026-04-04,,2026-08-21
MSDU5967117,8000236 P1 FSC GE,MSC,RE-03395,MEDLOG,2026-03-25,2026-04-04,,2026-08-21
MSBU8125727,8000236 P1 FSC GE,MSC,RE-03395,MEDLOG,2026-03-25,2026-04-04,,2026-08-21
MSNU5216374,8000236 P1 FSC GE,MSC,RE-03395,MEDLOG,2026-03-25,2026-04-04,,2026-08-21
MSNU8499848,8000236 P1 FSC GE,MSC,RE-03395,MEDLOG,2026-03-25,2026-04-04,,2026-08-21
MEDU7419239,8000236 P1 FSC GE,MSC,RE-03395,MEDLOG,2026-03-25,2026-04-04,,2026-08-21
MSMU6569897,8000236 P1 FSC GE,MSC,RE-03395,MEDLOG,2026-03-25,2026-04-04,,2026-08-21
MSCU5367757,8000236 P1 FSC GE,MSC,RE-03395,MEDLOG,2026-03-25,2026-04-06,,2026-08-21
MSMU4429535,8000236 P1 FSC GE,MSC,RE-03395,MEDLOG,2026-03-25,2026-04-04,,2026-08-21
BMOU4603719,8000236 P1 FSC GE,MSC,RE-03395,MEDLOG,2026-03-25,2026-04-04,,2026-08-21
CAIU4863399,8000236 P1 FSC GE,MSC,RE-03395,MEDLOG,2026-03-25,2026-04-04,,2026-08-21
TXGU6784593,8000236 P4 FSC GE,MSC,RE-04220,MEDLOG,2026-03-26,,,2026-08-21
MSBU5222810,8000236 P4 FSC GE,MSC,RE-04220,MEDLOG,2026-03-26,,,2026-08-21
TIIU5095718,8000236 P4 FSC GE,MSC,RE-04220,MEDLOG,2026-03-26,,,2026-08-21
TRHU7765979,8000236 P4 FSC GE,MSC,RE-04220,MEDLOG,2026-03-26,,,2026-08-21
MSBU5560166,8000236 P4 FSC GE,MSC,RE-04220,MEDLOG,2026-03-26,,,2026-08-21
MSDU5622455,8000236 P4 FSC GE,MSC,RE-04220,MEDLOG,2026-03-26,,,2026-08-21
TXGU7261745,8000236 P4 FSC GE,MSC,RE-04220,MEDLOG,2026-03-26,,,2026-08-21
MSMU6730297,8000236 P4 FSC GE,MSC,RE-04220,MEDLOG,2026-03-26,,,2026-08-21
MSMU4963875,8000236 P4 FSC GE,MSC,RE-04220,MEDLOG,2026-03-26,,,2026-08-21
MSNU5843116,8000236 P4 FSC GE,MSC,RE-04220,MEDLOG,2026-03-26,,,2026-08-21
MSNU5139180,8000236 P4 FSC GE,MSC,RE-04220,MEDLOG,2026-03-26,,,2026-08-21
MSMU8912578,8000236 P4 FSC GE,MSC,RE-04220,MEDLOG,2026-03-26,,,2026-08-21
UETU6136275,8000236 P4 FSC GE,MSC,RE-04220,MEDLOG,2026-03-26,,,2026-08-21
BEAU5937341,8000236 P4 FSC GE,MSC,RE-04220,MEDLOG,2026-03-26,,,2026-08-21
MSMU5840601,8000236 P4 FSC GE,MSC,RE-04220,MEDLOG,2026-03-26,,,2026-08-21
MSNU8498482,8000236 P4 FSC GE,MSC,RE-04220,MEDLOG,2026-03-26,,,2026-08-21
MSMU8647788,8000236 P4 FSC GE,MSC,RE-04220,MEDLOG,2026-03-26,,,2026-08-21
MSDU8803776,8000236 P4 FSC GE,MSC,RE-04220,MEDLOG,2026-03-26,,,2026-08-21
MSDU5590872,8000236 P4 FSC GE,MSC,RE-04220,MEDLOG,2026-03-26,,,2026-08-21
FFAU3894570,8000236 P4 FSC GE,MSC,RE-04220,MEDLOG,2026-03-26,,,2026-08-21
SZLU9249764,8000217 P1 FSC GE,MSC,RE-08356,MEDLOG,2026-03-28,,,2026-08-21
TEMU9295042,8000217 P1 FSC GE,MSC,RE-08356,MEDLOG,2026-03-28,,,2026-08-21
SZLU9347251,8000217 P1 FSC GE,MSC,RE-08356,MEDLOG,2026-03-28,,,2026-08-21
OTPU6106562,8000217 P1 FSC GE,MSC,RE-08356,MEDLOG,2026-03-28,,,2026-08-21
TEMU9301546,8000217 P1 FSC GE,MSC,RE-08356,MEDLOG,2026-03-28,,,2026-08-21
TRIU8746072,8000217 P1 FSC GE,MSC,RE-08356,MEDLOG,2026-03-28,,,2026-08-21
SZLU9584818,8000217 P1 FSC GE,MSC,RE-08356,MEDLOG,2026-03-28,,,2026-08-21
TEMU9024312,8000217 P1 FSC GE,MSC,RE-08356,MEDLOG,2026-03-28,,,2026-08-21
MSDU9846561,8000217 P1 FSC GE,MSC,RE-08356,MEDLOG,2026-03-28,,,2026-08-21
SZLU9504643,8000217 P1 FSC GE,MSC,RE-08356,MEDLOG,2026-03-28,,,2026-08-21
TRIU8168781,8000217 P1 FSC GE,MSC,RE-08356,MEDLOG,2026-03-28,,,2026-08-21
SZLU9263994,8000217 P1 FSC GE,MSC,RE-08356,MEDLOG,2026-03-28,,,2026-08-21
TEMU9407796,8000217 P1 FSC GE,MSC,RE-08356,MEDLOG,2026-03-28,,,2026-08-21
TTNU8069423,8000217 P1 FSC GE,MSC,RE-08356,MEDLOG,2026-03-28,,,2026-08-21
TRIU8080242,8000217 P1 FSC GE,MSC,RE-08356,MEDLOG,2026-03-28,,,2026-08-21
MSCU7473038,8000217 P1 FSC GE,MSC,RE-08356,MEDLOG,2026-03-28,,,2026-08-21
MSMU7289057,5700011284 P2 GE,MSC,TPG,MEDLOG,2026-04-01,,,2026-08-21
MSBU8160707,5700011284 P2 GE,MSC,TPG,MEDLOG,2026-04-01,,,2026-08-21
MSMU4306119,5700011284 P2 GE,MSC,TPG,MEDLOG,2026-04-01,,,2026-08-21
MSBU8337921,5700011284 P2 GE,MSC,TPG,MEDLOG,2026-04-01,,,2026-08-21
MSBU7422525,5700011284 P2 GE,MSC,TPG,MEDLOG,2026-04-01,,,2026-08-21
MSMU5630544,5700011284 P2 GE,MSC,TPG,MEDLOG,2026-04-01,,,2026-08-21
MSMU4234214,5700011284 P2 GE,MSC,TPG,MEDLOG,2026-04-01,,,2026-08-21
MSBU8797315,5700011284 P2 GE,MSC,TPG,MEDLOG,2026-04-01,,,2026-08-21
MSNU5115260,5700011284 P2 GE,MSC,TPG,MEDLOG,2026-04-01,,,2026-08-21
FANU3783966,8000272 P1 FSC GE,HALO,TPG,TERCON,2026-04-01,,,2026-08-21
HAMU2386659,8000272 P1 FSC GE,HALO,TPG,TERCON,2026-04-01,,,2026-08-21
FANU3644908,8000272 P1 FSC GE,HALO,TPG,TERCON,2026-04-01,,,2026-08-21
FDCU0171641,8000272 P1 FSC GE,HALO,TPG,TERCON,2026-04-01,,,2026-08-21
FSCU8084136,8000272 P1 FSC GE,HALO,TPG,TERCON,2026-04-01,,,2026-08-21
HAMU3946320,8000272 P1 FSC GE,HALO,TPG,TERCON,2026-04-01,,,2026-08-21
SEKU6416581,8000272 P1 FSC GE,HALO,TPG,TERCON,2026-04-01,,,2026-08-21
UETU6478853,8000272 P1 FSC GE,HALO,TPG,TERCON,2026-04-01,,,2026-08-21
HAMU1575658,8000272 P1 FSC GE,HALO,TPG,TERCON,2026-04-01,,,2026-08-21
TXGU7351670,8000272 P1 FSC GE,HALO,TPG,TERCON,2026-04-01,,,2026-08-21
HAMU3696710,8000272 P1 FSC GE,HALO,TPG,TERCON,2026-04-01,,,2026-08-21
BMOU9248200,URGENTE 5700011274 P1 GE,UNIRREFER,CGSA,PACIFIC OCNTAINER,2026-04-03,2026-04-07,,2026-08-21
BMOU9329621,URGENTE 5700011274 P1 GE,UNIRREFER,CGSA,PACIFIC OCNTAINER,2026-04-03,2026-04-06,,2026-08-21
BMOU9350193,URGENTE 5700011274 P1 GE,UNIRREFER,CGSA,PACIFIC OCNTAINER,2026-04-03,2026-04-06,,2026-08-21
BMOU9351590,URGENTE 5700011274 P1 GE,UNIRREFER,CGSA,PACIFIC OCNTAINER,2026-04-03,2026-04-07,,2026-08-21
OTPU6083370,URGENTE 5700011274 P1 GE,UNIRREFER,CGSA,PACIFIC OCNTAINER,2026-04-03,2026-04-06,,2026-08-21
OTPU6321020,URGENTE 5700011274 P1 GE,UNIRREFER,CGSA,PACIFIC OCNTAINER,2026-04-03,2026-04-06,,2026-08-21
OTPU6323608,URGENTE 5700011274 P1 GE,UNIRREFER,CGSA,PACIFIC OCNTAINER,2026-04-03,2026-04-07,,2026-08-21
OTPU6375509,URGENTE 5700011274 P1 GE,UNIRREFER,CGSA,PACIFIC OCNTAINER,2026-04-03,2026-04-07,,2026-08-21
OTPU6720360,URGENTE 5700011274 P1 GE,UNIRREFER,CGSA,PACIFIC OCNTAINER,2026-04-03,2026-04-07,,2026-08-21
OTPU6720966,URGENTE 5700011274 P1 GE,UNIRREFER,CGSA,PACIFIC OCNTAINER,2026-04-03,2026-04-06,,2026-08-21
OTPU6721828,URGENTE 5700011274 P1 GE,UNIRREFER,CGSA,PACIFIC OCNTAINER,2026-04-03,2026-04-07,,2026-08-21
OTPU6783434,URGENTE 5700011274 P1 GE,UNIRREFER,CGSA,PACIFIC OCNTAINER,2026-04-03,2026-04-06,,2026-08-21
OTPU6784657,URGENTE 5700011274 P1 GE,UNIRREFER,CGSA,PACIFIC OCNTAINER,2026-04-03,2026-04-06,,2026-08-21
OTPU6785890,URGENTE 5700011274 P1 GE,UNIRREFER,CGSA,PACIFIC OCNTAINER,2026-04-03,2026-04-06,,2026-08-21
SEGU9299078,URGENTE 5700011274 P1 GE,UNIRREFER,CGSA,PACIFIC OCNTAINER,2026-04-03,2026-04-06,,2026-08-21
SEGU9620589,URGENTE 5700011274 P1 GE,UNIRREFER,CGSA,PACIFIC OCNTAINER,2026-04-03,2026-04-06,,2026-08-21
SEGU9630611,URGENTE 5700011274 P1 GE,UNIRREFER,CGSA,PACIFIC OCNTAINER,2026-04-03,2026-04-06,,2026-08-21
SEGU9631027,URGENTE 5700011274 P1 GE,UNIRREFER,CGSA,PACIFIC OCNTAINER,2026-04-03,2026-04-06,,2026-08-21
SEGU9720968,URGENTE 5700011274 P1 GE,UNIRREFER,CGSA,PACIFIC OCNTAINER,2026-04-03,2026-04-06,,2026-08-21
SEGU9741209,URGENTE 5700011274 P1 GE,UNIRREFER,CGSA,PACIFIC OCNTAINER,2026-04-03,2026-04-06,,2026-08-21
SEKU9216015,URGENTE 5700011274 P1 GE,UNIRREFER,CGSA,PACIFIC OCNTAINER,2026-04-03,2026-04-06,,2026-08-21
SEKU9216720,URGENTE 5700011274 P1 GE,UNIRREFER,CGSA,PACIFIC OCNTAINER,2026-04-03,2026-04-06,,2026-08-21
SEKU9218698,URGENTE 5700011274 P1 GE,UNIRREFER,CGSA,PACIFIC OCNTAINER,2026-04-03,2026-04-06,,2026-08-21
SEKU9219605,URGENTE 5700011274 P1 GE,UNIRREFER,CGSA,PACIFIC OCNTAINER,2026-04-03,2026-04-06,,2026-08-21
SEGU9676525,URGENTE 5700011274 P1 GE,UNIRREFER,CGSA,PACIFIC OCNTAINER,2026-04-03,2026-04-06,,2026-08-21
FYCU7127745,5700011351 AVERY,WHAN WAHI,CGSA,CGSA,2026-04-07,2026-04-07,,2026-08-21
TRHU5601425,8000251 P1 - 8000252 P1 FSC GE,MSC,TPG,MEDLOG,2026-04-04,,,2026-08-21
CAAU6822631,8000251 P1 - 8000252 P1 FSC GE,MSC,TPG,MEDLOG,2026-04-04,,,2026-08-21
CAIU7824380,8000251 P1 - 8000252 P1 FSC GE,MSC,TPG,MEDLOG,2026-04-04,,,2026-08-21
MEDU4822554,8000251 P1 - 8000252 P1 FSC GE,MSC,TPG,MEDLOG,2026-04-04,,,2026-08-21
MSMU6999455,8000251 P1 - 8000252 P1 FSC GE,MSC,TPG,MEDLOG,2026-04-04,,,2026-08-21
UETU6315809,8000251 P1 - 8000252 P1 FSC GE,MSC,TPG,MEDLOG,2026-04-04,,,2026-08-21
MSMU7884851,8000251 P1 - 8000252 P1 FSC GE,MSC,TPG,MEDLOG,2026-04-04,,,2026-08-21
UETU7401054,8000251 P1 - 8000252 P1 FSC GE,MSC,TPG,MEDLOG,2026-04-04,,,2026-08-21
MEDU9485991,8000251 P1 - 8000252 P1 FSC GE,MSC,TPG,MEDLOG,2026-04-04,,,2026-08-21
MSMU8085377,8000251 P1 - 8000252 P1 FSC GE,MSC,TPG,MEDLOG,2026-04-04,,,2026-08-21
CAIU7545257,8000251 P1 - 8000252 P1 FSC GE,MSC,TPG,MEDLOG,2026-04-04,,,2026-08-21
MSDU7865080,8000251 P1 - 8000252 P1 FSC GE,MSC,TPG,MEDLOG,2026-04-04,,,2026-08-21
MSNU8034049,8000251 P1 - 8000252 P1 FSC GE,MSC,TPG,MEDLOG,2026-04-04,,,2026-08-21
TXGU8644219,8000251 P1 - 8000252 P1 FSC GE,MSC,TPG,MEDLOG,2026-04-04,,,2026-08-21
CAIU7718687,8000251 P1 - 8000252 P1 FSC GE,MSC,TPG,MEDLOG,2026-04-04,,,2026-08-21
MSMU5542675,8000251 P1 - 8000252 P1 FSC GE,MSC,TPG,MEDLOG,2026-04-04,,,2026-08-21
CAAU5519702,8000251 P1 - 8000252 P1 FSC GE,MSC,TPG,MEDLOG,2026-04-04,,,2026-08-21
TGBU9655160,8000251 P1 - 8000252 P1 FSC GE,MSC,TPG,MEDLOG,2026-04-04,,,2026-08-21
BMOU6563430,8000251 P1 - 8000252 P1 FSC GE,MSC,TPG,MEDLOG,2026-04-04,,,2026-08-21
TGBU7193925,8000251 P1 - 8000252 P1 FSC GE,MSC,TPG,MEDLOG,2026-04-04,,,2026-08-21
MSMU8928907,8000251 P1 - 8000252 P1 FSC GE,MSC,TPG,MEDLOG,2026-04-04,,,2026-08-21
CAIU4584938,8000251 P1 - 8000252 P1 FSC GE,MSC,TPG,MEDLOG,2026-04-04,,,2026-08-21
TCNU8790838,8000251 P1 - 8000252 P1 FSC GE,MSC,TPG,MEDLOG,2026-04-04,,,2026-08-21
ECMU5307677,8000236 P3 FSC GG,CMACGM,CGSA,BLASTI,2026-04-02,,,2026-08-21
CMAU3849969,8000236 P3 FSC GG,CMACGM,CGSA,BLASTI,2026-04-02,,,2026-08-21
ECMU7692649,8000236 P3 FSC GG,CMACGM,CGSA,BLASTI,2026-04-02,,,2026-08-21
ECMU5173454,8000236 P3 FSC GG,CMACGM,CGSA,BLASTI,2026-04-02,,,2026-08-21
ECMU5168930,8000236 P3 FSC GG,CMACGM,CGSA,BLASTI,2026-04-02,,,2026-08-21
ECMU7208061,8000236 P3 FSC GG,CMACGM,CGSA,BLASTI,2026-04-02,,,2026-08-21
ECMU4811472,8000236 P3 FSC GG,CMACGM,CGSA,BLASTI,2026-04-02,,,2026-08-21
ECMU5140492,8000236 P3 FSC GG,CMACGM,CGSA,BLASTI,2026-04-02,,,2026-08-21
CAAU7091700,8000236 P3 FSC GG,CMACGM,CGSA,BLASTI,2026-04-02,,,2026-08-21
CAAU7827345,8000236 P3 FSC GG,CMACGM,CGSA,BLASTI,2026-04-02,,,2026-08-21
ECMU5172252,8000236 P3 FSC GG,CMACGM,CGSA,BLASTI,2026-04-02,,,2026-08-21
ECMU5370160,8000236 P3 FSC GG,CMACGM,CGSA,BLASTI,2026-04-02,,,2026-08-21
ECMU5380148,8000236 P3 FSC GG,CMACGM,CGSA,BLASTI,2026-04-02,,,2026-08-21
ECMU5437840,8000236 P3 FSC GG,CMACGM,CGSA,BLASTI,2026-04-02,,,2026-08-21
ECMU7017384,8000236 P3 FSC GG,CMACGM,CGSA,BLASTI,2026-04-02,,,2026-08-21
ECMU7361168,8000236 P3 FSC GG,CMACGM,CGSA,BLASTI,2026-04-02,,,2026-08-21
TIIU4598615,8000236 P3 FSC GG,CMACGM,CGSA,BLASTI,2026-04-02,,,2026-08-21
TIIU4973995,8000236 P3 FSC GG,CMACGM,CGSA,BLASTI,2026-04-02,,,2026-08-21
UETU6181905,8000236 P3 FSC GG,CMACGM,CGSA,BLASTI,2026-04-02,,,2026-08-21
ECMU7119508,8000236 P3 FSC GG,CMACGM,CGSA,BLASTI,2026-04-02,,,2026-08-21
TIIU4079306,8000236 P2 FSC GG,CMACGM,CGSA,BLASTI,2026-04-02,,,2026-08-21
ECMU5148127,8000236 P2 FSC GG,CMACGM,CGSA,BLASTI,2026-04-02,,,2026-08-21
ECMU5149817,8000236 P2 FSC GG,CMACGM,CGSA,BLASTI,2026-04-02,,,2026-08-21
ECMU5187669,8000236 P2 FSC GG,CMACGM,CGSA,BLASTI,2026-04-02,,,2026-08-21
UETU7330006,8000236 P2 FSC GG,CMACGM,CGSA,BLASTI,2026-04-02,,,2026-08-21
ECMU5411737,8000236 P2 FSC GG,CMACGM,CGSA,BLASTI,2026-04-02,,,2026-08-21
CMAU9636636,8000236 P2 FSC GG,CMACGM,CGSA,BLASTI,2026-04-02,,,2026-08-21
ECMU7124850,8000236 P2 FSC GG,CMACGM,CGSA,BLASTI,2026-04-02,,,2026-08-21
ECMU5356840,8000236 P2 FSC GG,CMACGM,CGSA,BLASTI,2026-04-02,,,2026-08-21
ECMU5441670,8000236 P2 FSC GG,CMACGM,CGSA,BLASTI,2026-04-02,,,2026-08-21
FFAU5933341,8000236 P2 FSC GG,CMACGM,CGSA,BLASTI,2026-04-02,,,2026-08-21
GCXU6086909,8000236 P2 FSC GG,CMACGM,CGSA,BLASTI,2026-04-02,,,2026-08-21
TXGU7900975,8000236 P2 FSC GG,CMACGM,CGSA,BLASTI,2026-04-02,,,2026-08-21
TXGU6689981,8000236 P2 FSC GG,CMACGM,CGSA,BLASTI,2026-04-02,,,2026-08-21
ECMU5405328,8000236 P2 FSC GG,CMACGM,CGSA,BLASTI,2026-04-02,,,2026-08-21
TXGU8573347,8000236 P2 FSC GG,CMACGM,CGSA,BLASTI,2026-04-02,,,2026-08-21
ECMU5435235,8000236 P2 FSC GG,CMACGM,CGSA,BLASTI,2026-04-02,,,2026-08-21
ECMU7552251,8000236 P2 FSC GG,CMACGM,CGSA,BLASTI,2026-04-02,,,2026-08-21
TIIU4906894,8000236 P2 FSC GG,CMACGM,CGSA,BLASTI,2026-04-02,,,2026-08-21
TIIU4331526,8000236 P2 FSC GG,CMACGM,CGSA,BLASTI,2026-04-03,,,2026-08-21
