contenedor_id,pedido,parcial,bl,naviera,tipo_contenedor,puerto,fecha_arribo_gye,fecha_salida_autorizada,fecha_cas,deposito_vacio,fecha_arribo,fecha_descarga_planificada,bodega,fecha_plan_devolucion_vacio,status_actual,tipo_incidencia,comentario,fecha_snapshot
BMOU5503951,8000215 P1 FSC GG,RE-54392,MEDUYK536520,MSC,40,RE-54392,2026-02-14,2026-02-19,2026-03-06,MEDLOG,2026-02-21,2026-03-05,CAMPO CHINO,2026-03-05,EN PUERTO,,,2026-04-03
CAAU7523717,8000215 P1 FSC GG,RE-54392,MEDUYK536520,MSC,40,RE-54392,2026-02-14,2026-02-19,2026-03-06,MEDLOG,2026-02-21,2026-03-05,CAMPO CHINO,2026-03-05,EN PUERTO,,,2026-04-03
DFSU6595086,8000215 P1 FSC GG,RE-54392,MEDUYK536520,MSC,40,RE-54392,2026-02-14,2026-02-19,2026-03-06,MEDLOG,2026-02-21,2026-03-05,CAMPO CHINO,2026-03-05,EN PUERTO,,,2026-04-03
DRYU9712729,8000215 P1 FSC GG,RE-54392,MEDUYK536520,MSC,40,RE-54392,2026-02-14,2026-02-19,2026-03-06,MEDLOG,2026-02-21,2026-03-05,CAMPO CHINO,2026-03-05,EN PUERTO,,,2026-04-03
FDCU0091063,8000215 P1 FSC GG,RE-54392,MEDUYK536520,MSC,40,RE-54392,2026-02-14,2026-02-19,2026-03-06,MEDLOG,2026-02-21,2026-03-05,CAMPO CHINO,2026-03-05,EN PUERTO,,,2026-04-03
HNSU5026296,8000215 P1 FSC GG,RE-54392,MEDUYK536520,MSC,40,RE-54392,2026-02-14,2026-02-19,2026-03-06,MEDLOG,2026-02-21,2026-03-05,CAMPO CHINO,2026-03-05,EN PUERTO,,,2026-04-03
MEDU4779458,8000215 P1 FSC GG,RE-54392,MEDUYK536520,MSC,40,RE-54392,2026-02-14,2026-02-19,2026-03-06,MEDLOG,2026-02-21,2026-03-05,CAMPO CHINO,2026-03-05,EN PUERTO,,,2026-04-03
MSBU5084265,8000215 P1 FSC GG,RE-54392,MEDUYK536520,MSC,40,RE-54392,2026-02-14,2026-02-19,2026-03-06,MEDLOG,2026-02-21,2026-03-05,CAMPO CHINO,2026-03-05,EN PUERTO,,,2026-04-03
MSBU7111293,8000215 P1 FSC GG,RE-54392,MEDUYK536520,MSC,40,RE-54392,2026-02-14,2026-02-19,2026-03-06,MEDLOG,2026-02-21,2026-03-05,CAMPO CHINO,2026-03-05,EN PUERTO,,,2026-04-03
MSBU7536997,8000215 P1 FSC GG,RE-54392,MEDUYK536520,MSC,40,RE-54392,2026-02-14,2026-02-19,2026-03-06,MEDLOG,2026-02-21,2026-03-05,CAMPO CHINO,2026-03-05,EN PUERTO,,,2026-04-03
MSBU7544539,8000215 P1 FSC GG,RE-54392,MEDUYK536520,MSC,40,RE-54392,2026-02-14,2026-02-19,2026-03-06,MEDLOG,2026-02-21,2026-03-05,CAMPO CHINO,2026-03-05,EN PUERTO,,,2026-04-03
MSCU5148698,8000215 P1 FSC GG,RE-54392,MEDUYK536520,MSC,40,RE-54392,2026-02-14,2026-02-19,2026-03-06,MEDLOG,2026-02-21,2026-03-05,CAMPO CHINO,2026-03-05,EN PUERTO,,,2026-04-03
MSDU5915197,8000215 P1 FSC GG,RE-54392,MEDUYK536520,MSC,40,RE-54392,2026-02-14,2026-02-19,2026-03-06,MEDLOG,2026-02-21,2026-03-05,CAMPO CHINO,2026-03-05,EN PUERTO,,,2026-04-03
MSDU8264550,8000215 P1 FSC GG,RE-54392,MEDUYK536520,MSC,40,RE-54392,2026-02-14,2026-02-19,2026-03-06,MEDLOG,2026-02-21,2026-03-05,CAMPO CHINO,2026-03-05,EN PUERTO,,,2026-04-03
MSDU8560547,8000215 P1 FSC GG,RE-54392,MEDUYK536520,MSC,40,RE-54392,2026-02-14,2026-02-19,2026-03-06,MEDLOG,2026-02-21,2026-03-05,CAMPO CHINO,2026-03-05,EN PUERTO,,,2026-04-03
MSMU6920002,8000215 P1 FSC GG,RE-54392,MEDUYK536520,MSC,40,RE-54392,2026-02-14,2026-02-19,2026-03-06,MEDLOG,2026-02-21,2026-03-05,CAMPO CHINO,2026-03-05,EN PUERTO,,,2026-04-03
MSMU8207330,8000215 P1 FSC GG,RE-54392,MEDUYK536520,MSC,40,RE-54392,2026-02-14,2026-02-19,2026-03-06,MEDLOG,2026-02-21,2026-03-05,CAMPO CHINO,2026-03-05,EN PUERTO,,,2026-04-03
MSNU6814771,8000215 P1 FSC GG,RE-54392,MEDUYK536520,MSC,40,RE-54392,2026-02-14,2026-02-19,2026-03-06,MEDLOG,2026-02-21,2026-03-05,CAMPO CHINO,2026-03-05,EN PUERTO,,,2026-04-03
TGBU7494301,8000215 P1 FSC GG,RE-54392,MEDUYK536520,MSC,40,RE-54392,2026-02-14,2026-02-19,2026-03-06,MEDLOG,2026-02-21,2026-03-05,CAMPO CHINO,2026-03-05,EN PUERTO,,,2026-04-03
TIIU5155519,8000215 P1 FSC GG,RE-54392,MEDUYK536520,MSC,40,RE-54392,2026-02-14,2026-02-19,2026-03-06,MEDLOG,2026-02-21,2026-03-05,CAMPO CHINO,2026-03-05,EN PUERTO,,,2026-04-03
UETU8092788,8000215 P1 FSC GG,RE-54392,MEDUYK536520,MSC,40,RE-54392,2026-02-14,2026-02-19,2026-03-06,MEDLOG,2026-02-21,2026-03-05,CAMPO CHINO,2026-03-05,EN PUERTO,,,2026-04-03
MSBU5350088,8000214 P2 FSC GG,RE-54128,MEDUHZ119858,MSC,40,RE-54128,2026-02-15,2026-02-19,2026-03-07,MEDLOG,2026-02-23,2026-03-06,CAMPO CHINO,2026-03-06,EN PUERTO,,,2026-04-03
FFAU5730257,8000214 P2 FSC GG,RE-54128,MEDUHZ119858,MSC,40,RE-54128,2026-02-15,2026-02-19,2026-03-07,MEDLOG,2026-02-23,2026-03-06,CAMPO CHINO,2026-03-06,EN PUERTO,,,2026-04-03
MSMU6929102,8000214 P2 FSC GG,RE-54128,MEDUHZ119858,MSC,40,RE-54128,2026-02-15,2026-02-19,2026-03-07,MEDLOG,2026-02-23,2026-03-06,CAMPO CHINO,2026-03-06,EN PUERTO,,,2026-04-03
UETU7928662,8000214 P2 FSC GG,RE-54128,MEDUHZ119858,MSC,40,RE-54128,2026-02-15,2026-02-19,2026-03-07,MEDLOG,2026-02-23,2026-03-06,CAMPO CHINO,2026-03-06,EN PUERTO,,,2026-04-03
MSNU9064201,8000214 P2 FSC GG,RE-54128,MEDUHZ119858,MSC,40,RE-54128,2026-02-15,2026-02-19,2026-03-07,MEDLOG,2026-02-23,2026-03-06,CAMPO CHINO,2026-03-06,EN PUERTO,,,2026-04-03
CAAU9493102,8000214 P2 FSC GG,RE-54128,MEDUHZ119858,MSC,40,RE-54128,2026-02-15,2026-02-19,2026-03-07,MEDLOG,2026-02-23,2026-03-06,CAMPO CHINO,2026-03-06,EN PUERTO,,,2026-04-03
MSMU5560513,8000214 P2 FSC GG,RE-54128,MEDUHZ119858,MSC,40,RE-54128,2026-02-15,2026-02-19,2026-03-07,MEDLOG,2026-02-23,2026-03-06,CAMPO CHINO,2026-03-06,EN PUERTO,,,2026-04-03
MSBU6955089,8000214 P2 FSC GG,RE-54128,MEDUHZ119858,MSC,40,RE-54128,2026-02-15,2026-02-19,2026-03-07,MEDLOG,2026-02-23,2026-03-06,CAMPO CHINO,2026-03-06,EN PUERTO,,,2026-04-03
SEKU6822127,8000214 P2 FSC GG,RE-54128,MEDUHZ119858,MSC,40,RE-54128,2026-02-15,2026-02-19,2026-03-07,MEDLOG,2026-02-23,2026-03-06,CAMPO CHINO,2026-03-06,EN PUERTO,,,2026-04-03
MSBU6849385,8000214 P2 FSC GG,RE-54128,MEDUHZ119858,MSC,40,RE-54128,2026-02-15,2026-02-19,2026-03-07,MEDLOG,2026-02-23,2026-03-06,CAMPO CHINO,2026-03-06,EN PUERTO,,,2026-04-03
FSCU8331025,8000214 P2 FSC GG,RE-54128,MEDUHZ119858,MSC,40,RE-54128,2026-02-15,2026-02-19,2026-03-07,MEDLOG,2026-02-23,2026-03-06,CAMPO CHINO,2026-03-06,EN PUERTO,,,2026-04-03
MSMU4382253,8000214 P2 FSC GG,RE-54128,MEDUHZ119858,MSC,40,RE-54128,2026-02-15,2026-02-19,2026-03-07,MEDLOG,2026-02-23,2026-03-06,CAMPO CHINO,2026-03-06,EN PUERTO,,,2026-04-03
MSBU6906274,8000214 P2 FSC GG,RE-54128,MEDUHZ119858,MSC,40,RE-54128,2026-02-15,2026-02-19,2026-03-07,MEDLOG,2026-02-23,2026-03-06,CAMPO CHINO,2026-03-06,EN PUERTO,,,2026-04-03
MSNU5478646,8000214 P2 FSC GG,RE-54128,MEDUHZ119858,MSC,40,RE-54128,2026-02-15,2026-02-19,2026-03-07,MEDLOG,2026-02-23,2026-03-06,CAMPO CHINO,2026-03-06,EN PUERTO,,,2026-04-03
MSDU6959353,8000214 P2 FSC GG,RE-54128,MEDUHZ119858,MSC,40,RE-54128,2026-02-15,2026-02-19,2026-03-07,MEDLOG,2026-02-23,2026-03-06,CAMPO CHINO,2026-03-06,EN PUERTO,,,2026-04-03
MSMU5174969,8000214 P2 FSC GG,RE-54128,MEDUHZ119858,MSC,40,RE-54128,2026-02-15,2026-02-19,2026-03-07,MEDLOG,2026-02-23,2026-03-06,CAMPO CHINO,2026-03-06,EN PUERTO,,,2026-04-03
TGBU6181196,8000214 P2 FSC GG,RE-54128,MEDUHZ119858,MSC,40,RE-54128,2026-02-15,2026-02-19,2026-03-07,MEDLOG,2026-02-23,2026-03-06,CAMPO CHINO,2026-03-06,EN PUERTO,,,2026-04-03
MSDU8851882,8000214 P2 FSC GG,RE-54128,MEDUHZ119858,MSC,40,RE-54128,2026-02-15,2026-02-19,2026-03-07,MEDLOG,2026-02-23,2026-03-06,CAMPO CHINO,2026-03-06,EN PUERTO,,,2026-04-03
MSMU4184129,8000214 P2 FSC GG,RE-54128,MEDUHZ119858,MSC,40,RE-54128,2026-02-15,2026-02-19,2026-03-07,MEDLOG,2026-02-23,2026-03-06,CAMPO CHINO,2026-03-06,EN PUERTO,,,2026-04-03
TLLU8601220,8000214 P2 FSC GG,RE-54128,MEDUHZ119858,MSC,40,RE-54128,2026-02-15,2026-02-19,2026-03-07,MEDLOG,2026-02-23,2026-03-06,CAMPO CHINO,2026-03-06,EN PUERTO,,,2026-04-03
CAAU8210851,8000198 P5 FSC GE,RE-03838,HLCUBSC2601BECO5,HALO,40,RE-03838,2026-02-18,2026-02-23,2026-03-24,TERCON,2026-02-24,2026-03-07,CAMPO CHINO,2026-03-07,EN PUERTO,,,2026-04-03
HAMU1495932,8000198 P5 FSC GE,RE-03838,HLCUBSC2601BECO5,HALO,40,RE-03838,2026-02-18,2026-02-23,2026-03-24,TERCON,2026-02-24,2026-03-07,CAMPO CHINO,2026-03-07,EN PUERTO,,,2026-04-03
HAMU1730477,8000198 P5 FSC GE,RE-03838,HLCUBSC2601BECO5,HALO,40,RE-03838,2026-02-18,2026-02-23,2026-03-24,TERCON,2026-02-24,2026-03-07,CAMPO CHINO,2026-03-07,EN PUERTO,,,2026-04-03
HAMU1837655,8000198 P5 FSC GE,RE-03838,HLCUBSC2601BECO5,HALO,40,RE-03838,2026-02-18,2026-02-23,2026-03-24,TERCON,2026-02-24,2026-03-07,CAMPO CHINO,2026-03-07,EN PUERTO,,,2026-04-03
HAMU3016350,8000198 P5 FSC GE,RE-03838,HLCUBSC2601BECO5,HALO,40,RE-03838,2026-02-18,2026-02-23,2026-03-24,TERCON,2026-02-24,2026-03-07,CAMPO CHINO,2026-03-07,EN PUERTO,,,2026-04-03
HLXU8164846,8000198 P5 FSC GE,RE-03838,HLCUBSC2601BECO5,HALO,40,RE-03838,2026-02-18,2026-02-23,2026-03-24,TERCON,2026-02-24,2026-03-07,CAMPO CHINO,2026-03-07,EN PUERTO,,,2026-04-03
HLXU8605453,8000198 P5 FSC GE,RE-03838,HLCUBSC2601BECO5,HALO,40,RE-03838,2026-02-18,2026-02-23,2026-03-24,TERCON,2026-02-24,2026-03-07,CAMPO CHINO,2026-03-07,EN PUERTO,,,2026-04-03
TRHU4531180,8000198 P5 FSC GE,RE-03838,HLCUBSC2601BECO5,HALO,40,RE-03838,2026-02-18,2026-02-23,2026-03-24,TERCON,2026-02-24,2026-03-07,CAMPO CHINO,2026-03-07,EN PUERTO,,,2026-04-03
UETU6392791,8000198 P5 FSC GE,RE-03838,HLCUBSC2601BECO5,HALO,40,RE-03838,2026-02-18,2026-02-23,2026-03-24,TERCON,2026-02-24,2026-03-07,CAMPO CHINO,2026-03-07,EN PUERTO,,,2026-04-03
TEMU7598800,8000235 P1 FSC GE,RE-54923,GDY0401773,CMA CGM,40,RE-54923,2026-02-20,2026-02-25,2026-03-12,BLASTI,2026-02-25,2026-03-07,CAMPO CHINO,2026-03-07,EN PUERTO,,,2026-04-03
CMAU4584165,8000235 P1 FSC GE,RE-54923,GDY0401773,CMA CGM,40,RE-54923,2026-02-20,2026-02-25,2026-03-12,BLASTI,2026-02-25,2026-03-07,CAMPO CHINO,2026-03-07,EN PUERTO,,,2026-04-03
TGCU5466330,8000235 P1 FSC GE,RE-54923,GDY0401773,CMA CGM,40,RE-54923,2026-02-20,2026-02-25,2026-03-12,BLASTI,2026-02-25,2026-03-07,CAMPO CHINO,2026-03-07,EN PUERTO,,,2026-04-03
ECMU7056288,8000235 P1 FSC GE,RE-54923,GDY0401773,CMA CGM,40,RE-54923,2026-02-20,2026-02-25,2026-03-12,BLASTI,2026-02-25,2026-03-07,CAMPO CHINO,2026-03-07,EN PUERTO,,,2026-04-03
CMAU4719888,8000235 P1 FSC GE,RE-54923,GDY0401773,CMA CGM,40,RE-54923,2026-02-20,2026-02-25,2026-03-12,BLASTI,2026-02-25,2026-03-07,CAMPO CHINO,2026-03-07,EN PUERTO,,,2026-04-03
HAMU3858615,5700011308 P1 ARCLAD GE,RE-05556,HLCUBO2260137472,HALO,40,RE-05556,2026-02-25,2026-02-26,2026-02-27,TPG,2026-02-27,2026-03-03,PLANTA PRINCIPAL,2026-03-03,EN PUERTO,,,2026-04-03
FANU3425751,5700011308 P1 ARCLAD GE,RE-05556,HLCUBO2260137472,HALO,40,RE-05556,2026-02-25,2026-02-26,2026-02-27,TPG,2026-02-27,2026-02-27,PLANTA PRINCIPAL,2026-02-27,EN PUERTO,,,2026-04-03
SMLU7867243,5700011203 / 5700011204,,SMLU8947423A,,40,,,2026-02-27,2026-02-03,RFS,2026-02-28,2026-02-03,BODEGA SIERRA,2026-03-02,EN PUERTO,,,2026-04-03
SMLU3138557,5700011203 / 5700011204,,SMLU8947423A,,20,,,2026-02-27,2026-02-03,RFS,2026-02-28,2026-02-03,BODEGA SIERRA,2026-03-02,EN PUERTO,,,2026-04-03
MSBU5608275,8000242 P2 P3 FSC GG,RE-05051,MEDUWJ330952,MSC,40,RE-05051,2026-03-01,2026-03-03,2026-03-15,MEDLOG,2026-03-04,2026-03-11,CAMPO CHINO,2026-03-11,EN PUERTO,,,2026-04-03
MSMU5615133,8000242 P2 P3 FSC GG,RE-05051,MEDUWJ330952,MSC,40,RE-05051,2026-03-01,2026-03-03,2026-03-15,MEDLOG,2026-03-04,2026-03-11,CAMPO CHINO,2026-03-11,EN PUERTO,,,2026-04-03
DFSU7418866,8000271 P1 FSC GE,RE-05719,HLCUSCL260205610,HALO,40,RE-05719,2026-03-02,2026-03-05,2026-03-22,TPG,2026-03-07,2026-03-12,CAMPO CHINO,2026-03-19,EN PUERTO,,,2026-04-03
TEMU7499601,8000271 P1 FSC GE,RE-05719,HLCUSCL260205610,HALO,40,RE-05719,2026-03-02,2026-03-05,2026-03-22,TPG,2026-03-07,2026-03-12,CAMPO CHINO,2026-03-12,EN PUERTO,,,2026-04-03
TGBU6115960,8000271 P1 FSC GE,RE-05719,HLCUSCL260205610,HALO,40,RE-05719,2026-03-02,2026-03-05,2026-03-22,TPG,2026-03-07,2026-03-12,CAMPO CHINO,2026-03-12,EN PUERTO,,,2026-04-03
FFAU1231692,8000271 P1 FSC GE,RE-05719,HLCUSCL260205610,HALO,40,RE-05719,2026-03-02,2026-03-05,2026-03-22,TPG,2026-03-07,2026-03-12,CAMPO CHINO,2026-03-18,EN PUERTO,,,2026-04-03
BSIU8298964,8000271 P1 FSC GE,RE-05719,HLCUSCL260205610,HALO,40,RE-05719,2026-03-02,2026-03-05,2026-03-22,TPG,2026-03-07,2026-03-12,CAMPO CHINO,2026-03-18,EN PUERTO,,,2026-04-03
HLBU2683385,8000271 P1 FSC GE,RE-05719,HLCUSCL260205610,HALO,40,RE-05719,2026-03-02,2026-03-05,2026-03-22,TPG,2026-03-07,2026-03-12,CAMPO CHINO,2026-03-17,EN PUERTO,,,2026-04-03
HLBU2271752,8000271 P1 FSC GE,RE-05719,HLCUSCL260205610,HALO,40,RE-05719,2026-03-02,2026-03-05,2026-03-22,TPG,2026-03-07,2026-03-12,CAMPO CHINO,2026-03-12,EN PUERTO,,,2026-04-03
HLBU3219086,8000271 P1 FSC GE,RE-05719,HLCUSCL260205610,HALO,40,RE-05719,2026-03-02,2026-03-05,2026-03-22,TPG,2026-03-07,2026-03-12,CAMPO CHINO,2026-03-17,EN PUERTO,,,2026-04-03
FANU1494882,8000271 P1 FSC GE,RE-05719,HLCUSCL260205610,HALO,40,RE-05719,2026-03-02,2026-03-05,2026-03-22,TPG,2026-03-07,2026-03-12,CAMPO CHINO,2026-03-19,EN PUERTO,,,2026-04-03
FANU3261196,8000271 P1 FSC GE,RE-05719,HLCUSCL260205610,HALO,40,RE-05719,2026-03-02,2026-03-05,2026-03-22,TPG,2026-03-07,2026-03-12,CAMPO CHINO,2026-03-19,EN PUERTO,,,2026-04-03
FANU3355720,8000271 P1 FSC GE,RE-05719,HLCUSCL260205610,HALO,40,RE-05719,2026-03-02,2026-03-05,2026-03-22,TPG,2026-03-07,2026-03-13,CAMPO CHINO,2026-03-19,EN PUERTO,,,2026-04-03
TXGU6900034,8000271 P1 FSC GE,RE-05719,HLCUSCL260205610,HALO,40,RE-05719,2026-03-02,2026-03-05,2026-03-22,TPG,2026-03-07,2026-03-13,CAMPO CHINO,2026-03-18,EN PUERTO,,,2026-04-03
HAMU5149310,8000271 P1 FSC GE,RE-05719,HLCUSCL260205610,HALO,40,RE-05719,2026-03-02,2026-03-05,2026-03-22,TPG,2026-03-07,2026-03-13,CAMPO CHINO,2026-03-12,EN PUERTO,,,2026-04-03
FANU1183469,8000271 P1 FSC GE,RE-05719,HLCUSCL260205610,HALO,40,RE-05719,2026-03-02,2026-03-05,2026-03-22,TPG,2026-03-07,2026-03-13,CAMPO CHINO,2026-03-17,EN PUERTO,,,2026-04-03
GCXU5981890,8000271 P1 FSC GE,RE-05719,HLCUSCL260205610,HALO,40,RE-05719,2026-03-02,2026-03-05,2026-03-22,TPG,2026-03-07,2026-03-13,CAMPO CHINO,2026-03-19,EN PUERTO,,,2026-04-03
FANU3252445,8000271 P1 FSC GE,RE-05719,HLCUSCL260205610,HALO,40,RE-05719,2026-03-02,2026-03-05,2026-03-22,TPG,2026-03-07,2026-03-13,CAMPO CHINO,2026-03-17,EN PUERTO,,,2026-04-03
HAMU1764944,8000271 P1 FSC GE,RE-05719,HLCUSCL260205610,HALO,40,RE-05719,2026-03-02,2026-03-05,2026-03-22,TPG,2026-03-07,2026-03-13,CAMPO CHINO,2026-03-18,EN PUERTO,,,2026-04-03
FANU1494455,8000271 P1 FSC GE,RE-05719,HLCUSCL260205610,HALO,40,RE-05719,2026-03-02,2026-03-05,2026-03-22,TPG,2026-03-07,2026-03-13,CAMPO CHINO,2026-03-12,EN PUERTO,,,2026-04-03
TCNU1383701,8000271 P1 FSC GE,RE-05719,HLCUSCL260205610,HALO,40,RE-05719,2026-03-02,2026-03-05,2026-03-22,TPG,2026-03-07,2026-03-13,CAMPO CHINO,2026-03-18,EN PUERTO,,,2026-04-03
BEAU4549070,8000271 P1 FSC GE,RE-05719,HLCUSCL260205610,HALO,40,RE-05719,2026-03-02,2026-03-05,2026-03-22,TPG,2026-03-07,2026-03-13,CAMPO CHINO,2026-03-19,EN PUERTO,,,2026-04-03
MSMU6604684,8000218 P1 FSC GE,RE-54910,MEDUAD788363,MSC,40,RE-54910,2026-03-01,2026-03-05,2026-03-21,MEDLOG,2026-03-07,2026-03-11,CAMPO CHINO,2026-03-11,EN PUERTO,,,2026-04-03
CAAU7529206,8000218 P1 FSC GE,RE-54910,MEDUAD788363,MSC,40,RE-54910,2026-03-01,2026-03-05,2026-03-21,MEDLOG,2026-03-07,2026-03-11,CAMPO CHINO,2026-03-11,EN PUERTO,,,2026-04-03
TGHU6833589,8000218 P1 FSC GE,RE-54910,MEDUAD788363,MSC,40,RE-54910,2026-03-01,2026-03-05,2026-03-21,MEDLOG,2026-03-07,2026-03-11,CAMPO CHINO,2026-03-11,EN PUERTO,,,2026-04-03
MSMU7895286,8000218 P1 FSC GE,RE-54910,MEDUAD788363,MSC,40,RE-54910,2026-03-01,2026-03-05,2026-03-21,MEDLOG,2026-03-07,2026-03-11,CAMPO CHINO,2026-03-11,EN PUERTO,,,2026-04-03
CAIU4687052,8000218 P1 FSC GE,RE-54910,MEDUAD788363,MSC,40,RE-54910,2026-03-01,2026-03-05,2026-03-21,MEDLOG,2026-03-07,2026-03-11,CAMPO CHINO,2026-03-11,EN PUERTO,,,2026-04-03
FBLU0116328,8000218 P1 FSC GE,RE-54910,MEDUAD788363,MSC,40,RE-54910,2026-03-01,2026-03-05,2026-03-21,MEDLOG,2026-03-07,2026-03-11,CAMPO CHINO,2026-03-11,EN PUERTO,,,2026-04-03
FFAU5739655,8000218 P1 FSC GE,RE-54910,MEDUAD788363,MSC,40,RE-54910,2026-03-01,2026-03-05,2026-03-21,MEDLOG,2026-03-07,2026-03-10,CAMPO CHINO,2026-03-10,EN PUERTO,,,2026-04-03
MSDU8342925,8000218 P1 FSC GE,RE-54910,MEDUAD788363,MSC,40,RE-54910,2026-03-01,2026-03-05,2026-03-21,MEDLOG,2026-03-07,2026-03-10,CAMPO CHINO,2026-03-10,EN PUERTO,,,2026-04-03
MSMU6809302,8000218 P1 FSC GE,RE-54910,MEDUAD788363,MSC,40,RE-54910,2026-03-01,2026-03-05,2026-03-21,MEDLOG,2026-03-07,2026-03-11,CAMPO CHINO,2026-03-11,EN PUERTO,,,2026-04-03
TCLU7223513,8000218 P1 FSC GE,RE-54910,MEDUAD788363,MSC,40,RE-54910,2026-03-01,2026-03-05,2026-03-21,MEDLOG,2026-03-07,2026-03-11,CAMPO CHINO,2026-03-11,EN PUERTO,,,2026-04-03
FCIU9027867,8000218 P1 FSC GE,RE-54910,MEDUAD788363,MSC,40,RE-54910,2026-03-01,2026-03-05,2026-03-21,MEDLOG,2026-03-07,2026-03-11,CAMPO CHINO,2026-03-11,EN PUERTO,,,2026-04-03
TEMU8184933,8000218 P1 FSC GE,RE-54910,MEDUAD788363,MSC,40,RE-54910,2026-03-01,2026-03-05,2026-03-21,MEDLOG,2026-03-07,2026-03-11,CAMPO CHINO,2026-03-11,EN PUERTO,,,2026-04-03
MSBU6539841,8000218 P1 FSC GE,RE-54910,MEDUAD788363,MSC,40,RE-54910,2026-03-01,2026-03-05,2026-03-21,MEDLOG,2026-03-07,2026-03-10,CAMPO CHINO,2026-03-10,EN PUERTO,,,2026-04-03
TGHU6071307,8000218 P1 FSC GE,RE-54910,MEDUAD788363,MSC,40,RE-54910,2026-03-01,2026-03-05,2026-03-21,MEDLOG,2026-03-07,2026-03-10,CAMPO CHINO,2026-03-10,EN PUERTO,,,2026-04-03
MSDU7198407,8000218 P1 FSC GE,RE-54910,MEDUAD788363,MSC,40,RE-54910,2026-03-01,2026-03-05,2026-03-21,MEDLOG,2026-03-07,2026-03-10,CAMPO CHINO,2026-03-10,EN PUERTO,,,2026-04-03
MSNU9170760,8000218 P1 FSC GE,RE-54910,MEDUAD788363,MSC,40,RE-54910,2026-03-01,2026-03-05,2026-03-21,MEDLOG,2026-03-07,2026-03-10,CAMPO CHINO,2026-03-10,EN PUERTO,,,2026-04-03
TGBU7995448,8000218 P1 FSC GE,RE-54910,MEDUAD788363,MSC,40,RE-54910,2026-03-01,2026-03-05,2026-03-21,MEDLOG,2026-03-07,2026-03-10,CAMPO CHINO,2026-03-10,EN PUERTO,,,2026-04-03
FFAU4938565,5700011308 P2 ARCLAD GE,RE-05572,HLCUBO2260140001,HALO,40,RE-05572,2026-03-03,2026-03-06,2026-03-18,TPG,2026-03-09,2026-03-11,PLANTA PRINCIPAL,2026-03-12,EN PUERTO,,,2026-04-03
TCLU3379977,5700011308 P2 ARCLAD GE,RE-05572,HLCUBO2260140001,HALO,20,RE-05572,2026-03-03,2026-03-06,2026-03-18,TPG,2026-03-09,2026-03-11,PLANTA PRINCIPAL,2026-03-16,EN PUERTO,,,2026-04-03
TCLU4991781,5700011067 P5 - 8000203 P2 - 212 P5 - 8000242 P4 F,RE-05174,MEDUWJ763582,MSC,40,RE-05174,2026-03-05,2026-03-09,2026-03-19,MEDLOG,2026-03-10,2026-03-17,CAMPO CHINO,2026-03-17,EN PUERTO,,,2026-04-03
TGBU5908254,5700011067 P5 - 8000203 P2 - 212 P5 - 8000242 P4 F,RE-05174,MEDUWJ763582,MSC,40,RE-05174,2026-03-05,2026-03-09,2026-03-19,MEDLOG,2026-03-10,2026-03-15,PLANTA PRINCIPAL,2026-03-15,EN PUERTO,,,2026-04-03
TCNU9368236,5700011067 P5 - 8000203 P2 - 212 P5 - 8000242 P4 F,RE-05174,MEDUWJ763582,MSC,40,RE-05174,2026-03-05,2026-03-09,2026-03-19,MEDLOG,2026-03-10,2026-03-15,PLANTA PRINCIPAL,2026-03-15,EN PUERTO,,,2026-04-03
TEMU7643323,5700011067 P5 - 8000203 P2 - 212 P5 - 8000242 P4 F,RE-05174,MEDUWJ763582,MSC,40,RE-05174,2026-03-05,2026-03-09,2026-03-19,MEDLOG,2026-03-10,2026-03-17,CAMPO CHINO,2026-03-18,EN PUERTO,,,2026-04-03
MSNU7384150,5700011067 P5 - 8000203 P2 - 212 P5 - 8000242 P4 F,RE-05174,MEDUWJ763582,MSC,40,RE-05174,2026-03-05,2026-03-09,2026-03-19,MEDLOG,2026-03-10,2026-03-15,PLANTA PRINCIPAL,2026-03-15,EN PUERTO,,,2026-04-03
MSCU5332133,5700011067 P5 - 8000203 P2 - 212 P5 - 8000242 P4 F,RE-05174,MEDUWJ763582,MSC,40,RE-05174,2026-03-05,2026-03-09,2026-03-19,MEDLOG,2026-03-10,2026-03-15,PLANTA PRINCIPAL,2026-03-15,EN PUERTO,,,2026-04-03
MSNU9305741,5700011067 P5 - 8000203 P2 - 212 P5 - 8000242 P4 F,RE-05174,MEDUWJ763582,MSC,40,RE-05174,2026-03-05,2026-03-09,2026-03-19,MEDLOG,2026-03-10,2026-03-17,CAMPO CHINO,2026-03-17,EN PUERTO,,,2026-04-03
MSNU7366943,5700011067 P5 - 8000203 P2 - 212 P5 - 8000242 P4 F,RE-05174,MEDUWJ763582,MSC,40,RE-05174,2026-03-05,2026-03-09,2026-03-19,MEDLOG,2026-03-10,2026-03-13,PLANTA PRINCIPAL,2026-03-13,EN PUERTO,,,2026-04-03
FFAU3505513,5700011067 P5 - 8000203 P2 - 212 P5 - 8000242 P4 F,RE-05174,MEDUWJ763582,MSC,40,RE-05174,2026-03-05,2026-03-09,2026-03-19,MEDLOG,2026-03-10,2026-03-13,PLANTA PRINCIPAL,2026-03-13,EN PUERTO,,,2026-04-03
GAOU7436086,5700011067 P5 - 8000203 P2 - 212 P5 - 8000242 P4 F,RE-05174,MEDUWJ763582,MSC,40,RE-05174,2026-03-05,2026-03-09,2026-03-19,MEDLOG,2026-03-10,2026-03-13,PLANTA PRINCIPAL,2026-03-13,EN PUERTO,,,2026-04-03
MSDU8922250,5700011067 P5 - 8000203 P2 - 212 P5 - 8000242 P4 F,RE-05174,MEDUWJ763582,MSC,40,RE-05174,2026-03-05,2026-03-09,2026-03-19,MEDLOG,2026-03-10,2026-03-13,PLANTA PRINCIPAL,2026-03-13,EN PUERTO,,,2026-04-03
MSMU4933572,5700011067 P5 - 8000203 P2 - 212 P5 - 8000242 P4 F,RE-05174,MEDUWJ763582,MSC,40,RE-05174,2026-03-05,2026-03-09,2026-03-19,MEDLOG,2026-03-10,2026-03-15,PLANTA PRINCIPAL,2026-03-15,EN PUERTO,,,2026-04-03
TCLU7769905,5700011067 P5 - 8000203 P2 - 212 P5 - 8000242 P4 F,RE-05174,MEDUWJ763582,MSC,40,RE-05174,2026-03-05,2026-03-09,2026-03-19,MEDLOG,2026-03-10,2026-03-13,PLANTA PRINCIPAL,2026-03-13,EN PUERTO,,,2026-04-03
MSMU4036651,5700011067 P5 - 8000203 P2 - 212 P5 - 8000242 P4 F,RE-05174,MEDUWJ763582,MSC,40,RE-05174,2026-03-05,2026-03-09,2026-03-19,MEDLOG,2026-03-10,2026-03-13,PLANTA PRINCIPAL,2026-03-13,EN PUERTO,,,2026-04-03
MSNU9754737,5700011067 P5 - 8000203 P2 - 212 P5 - 8000242 P4 F,RE-05174,MEDUWJ763582,MSC,40,RE-05174,2026-03-05,2026-03-09,2026-03-19,MEDLOG,2026-03-10,2026-03-17,CAMPO CHINO,2026-03-17,EN PUERTO,,,2026-04-03
MSNU5427660,5700011067 P5 - 8000203 P2 - 212 P5 - 8000242 P4 F,RE-05174,MEDUWJ763582,MSC,40,RE-05174,2026-03-05,2026-03-09,2026-03-19,MEDLOG,2026-03-10,2026-03-15,PLANTA PRINCIPAL,2026-03-15,EN PUERTO,,,2026-04-03
TLLU7855030,5700011067 P5 - 8000203 P2 - 212 P5 - 8000242 P4 F,RE-05174,MEDUWJ763582,MSC,40,RE-05174,2026-03-05,2026-03-09,2026-03-19,MEDLOG,2026-03-10,2026-03-15,PLANTA PRINCIPAL,2026-03-15,EN PUERTO,,,2026-04-03
MSDU6533223,5700011067 P5 - 8000203 P2 - 212 P5 - 8000242 P4 F,RE-05174,MEDUWJ763582,MSC,40,RE-05174,2026-03-05,2026-03-09,2026-03-19,MEDLOG,2026-03-10,2026-03-15,PLANTA PRINCIPAL,2026-03-15,EN PUERTO,,,2026-04-03
FFAU1563001,5700011067 P5 - 8000203 P2 - 212 P5 - 8000242 P4 F,RE-05174,MEDUWJ763582,MSC,40,RE-05174,2026-03-05,2026-03-09,2026-03-19,MEDLOG,2026-03-10,2026-03-15,PLANTA PRINCIPAL,2026-03-15,EN PUERTO,,,2026-04-03
MSNU5605801,5700011067 P5 - 8000203 P2 - 212 P5 - 8000242 P4 F,RE-05174,MEDUWJ763582,MSC,40,RE-05174,2026-03-05,2026-03-09,2026-03-19,MEDLOG,2026-03-10,2026-03-13,PLANTA PRINCIPAL,2026-03-13,EN PUERTO,,,2026-04-03
MSMU6460247,5700011067 P5 - 8000203 P2 - 212 P5 - 8000242 P4 F,RE-05174,MEDUWJ763582,MSC,40,RE-05174,2026-03-05,2026-03-09,2026-03-19,MEDLOG,2026-03-10,2026-03-17,CAMPO CHINO,2026-03-17,EN PUERTO,,,2026-04-03
CXDU2149308,5700011067 P5 - 8000203 P2 - 212 P5 - 8000242 P4 F,RE-05174,MEDUWJ763582,MSC,40,RE-05174,2026-03-05,2026-03-09,2026-03-19,MEDLOG,2026-03-10,2026-03-17,CAMPO CHINO,2026-03-17,EN PUERTO,,,2026-04-03
DRYU9385816,5700011067 P5 - 8000203 P2 - 212 P5 - 8000242 P4 F,RE-05174,MEDUWJ763582,MSC,40,RE-05174,2026-03-05,2026-03-09,2026-03-19,MEDLOG,2026-03-10,2026-03-17,CAMPO CHINO,2026-03-17,EN PUERTO,,,2026-04-03
MSMU4189310,5700011067 P5 - 8000203 P2 - 212 P5 - 8000242 P4 F,RE-05174,MEDUWJ763582,MSC,40,RE-05174,2026-03-05,2026-03-09,2026-03-19,MEDLOG,2026-03-10,2026-03-17,CAMPO CHINO,2026-03-18,EN PUERTO,,,2026-04-03
MSMU7489836,5700011067 P5 - 8000203 P2 - 212 P5 - 8000242 P4 F,RE-05174,MEDUWJ763582,MSC,40,RE-05174,2026-03-05,2026-03-09,2026-03-19,MEDLOG,2026-03-10,2026-03-17,CAMPO CHINO,2026-03-18,EN PUERTO,,,2026-04-03
TXGU8922990,5700011067 P5 - 8000203 P2 - 212 P5 - 8000242 P4 F,RE-05174,MEDUWJ763582,MSC,40,RE-05174,2026-03-05,2026-03-09,2026-03-19,MEDLOG,2026-03-10,2026-03-17,CAMPO CHINO,2026-03-18,EN PUERTO,,,2026-04-03
MSDU5603687,5700011067 P5 - 8000203 P2 - 212 P5 - 8000242 P4 F,RE-05174,MEDUWJ763582,MSC,40,RE-05174,2026-03-05,2026-03-09,2026-03-19,MEDLOG,2026-03-10,2026-03-17,CAMPO CHINO,2026-03-17,EN PUERTO,,,2026-04-03
DFSU7790298,5700011067 P5 - 8000203 P2 - 212 P5 - 8000242 P4 F,RE-05174,MEDUWJ763582,MSC,40,RE-05174,2026-03-05,2026-03-09,2026-03-19,MEDLOG,2026-03-10,2026-03-17,CAMPO CHINO,2026-03-17,EN PUERTO,,,2026-04-03
CAIU8711732,5700011067 P5 - 8000203 P2 - 212 P5 - 8000242 P4 F,RE-05174,MEDUWJ763582,MSC,40,RE-05174,2026-03-05,2026-03-09,2026-03-19,MEDLOG,2026-03-10,2026-03-17,CAMPO CHINO,2026-03-17,EN PUERTO,,,2026-04-03
MSDU6895114,5700011067 P5 - 8000203 P2 - 212 P5 - 8000242 P4 F,RE-05174,MEDUWJ763582,MSC,40,RE-05174,2026-03-05,2026-03-09,2026-03-19,MEDLOG,2026-03-10,2026-03-17,CAMPO CHINO,2026-03-17,EN PUERTO,,,2026-04-03
MSBU7425720,5700011067 P5 - 8000203 P2 - 212 P5 - 8000242 P4 F,RE-05174,MEDUWJ763582,MSC,40,RE-05174,2026-03-05,2026-03-09,2026-03-19,MEDLOG,2026-03-10,2026-03-17,CAMPO CHINO,2026-03-18,EN PUERTO,,,2026-04-03
MSDU6841015,5700011067 P5 - 8000203 P2 - 212 P5 - 8000242 P4 F,RE-05174,MEDUWJ763582,MSC,40,RE-05174,2026-03-05,2026-03-09,2026-03-19,MEDLOG,2026-03-10,2026-03-18,CAMPO CHINO,2026-03-18,EN PUERTO,,,2026-04-03
CAAU5528160,5700011067 P5 - 8000203 P2 - 212 P5 - 8000242 P4 F,RE-05174,MEDUWJ763582,MSC,40,RE-05174,2026-03-05,2026-03-09,2026-03-19,MEDLOG,2026-03-10,2026-03-18,CAMPO CHINO,2026-03-18,EN PUERTO,,,2026-04-03
MSDU7528160,5700011067 P5 - 8000203 P2 - 212 P5 - 8000242 P4 F,RE-05174,MEDUWJ763582,MSC,40,RE-05174,2026-03-05,2026-03-09,2026-03-19,MEDLOG,2026-03-10,2026-03-13,PLANTA PRINCIPAL,2026-03-13,EN PUERTO,,,2026-04-03
CAIU4773232,5700011067 P5 - 8000203 P2 - 212 P5 - 8000242 P4 F,RE-05174,MEDUWJ763582,MSC,40,RE-05174,2026-03-05,2026-03-09,2026-03-19,MEDLOG,2026-03-10,2026-03-18,CAMPO CHINO,2026-03-17,EN PUERTO,,,2026-04-03
SEKU6778960,5700011067 P5 - 8000203 P2 - 212 P5 - 8000242 P4 F,RE-05174,MEDUWJ763582,MSC,40,RE-05174,2026-03-05,2026-03-09,2026-03-19,MEDLOG,2026-03-10,2026-03-13,PLANTA PRINCIPAL,2026-03-13,EN PUERTO,,,2026-04-03
MSMU8626110,5700011067 P5 - 8000203 P2 - 212 P5 - 8000242 P4 F,RE-05174,MEDUWJ763582,MSC,40,RE-05174,2026-03-05,2026-03-09,2026-03-19,MEDLOG,2026-03-10,2026-03-13,CAMPO CHINO,2026-03-13,EN PUERTO,,,2026-04-03
FFAU2265378,5700011067 P5 - 8000203 P2 - 212 P5 - 8000242 P4 F,RE-05174,MEDUWJ763582,MSC,40,RE-05174,2026-03-05,2026-03-09,2026-03-19,MEDLOG,2026-03-10,2026-03-13,CAMPO CHINO,2026-03-13,EN PUERTO,,,2026-04-03
TGBU9599507,5700011067 P5 - 8000203 P2 - 212 P5 - 8000242 P4 F,RE-05174,MEDUWJ763582,MSC,40,RE-05174,2026-03-05,2026-03-09,2026-03-19,MEDLOG,2026-03-10,2026-03-18,CAMPO CHINO,2026-03-17,EN PUERTO,,,2026-04-03
CAIU7355473,5700011067 P5 - 8000203 P2 - 212 P5 - 8000242 P4 F,RE-05174,MEDUWJ763582,MSC,40,RE-05174,2026-03-05,2026-03-09,2026-03-19,MEDLOG,2026-03-10,2026-03-18,CAMPO CHINO,2026-03-17,EN PUERTO,,,2026-04-03
FCIU7382456,5700011067 P5 - 8000203 P2 - 212 P5 - 8000242 P4 F,RE-05174,MEDUWJ763582,MSC,40,RE-05174,2026-03-05,2026-03-09,2026-03-19,MEDLOG,2026-03-10,2026-03-15,PLANTA PRINCIPAL,2026-03-15,EN PUERTO,,,2026-04-03
MSCU5239951,5700011067 P5 - 8000203 P2 - 212 P5 - 8000242 P4 F,RE-05174,MEDUWJ763582,MSC,40,RE-05174,2026-03-05,2026-03-09,2026-03-19,MEDLOG,2026-03-10,2026-03-13,PLANTA PRINCIPAL,2026-03-13,EN PUERTO,,,2026-04-03
MSMU8096751,5700011067 P5 - 8000203 P2 - 212 P5 - 8000242 P4 F,RE-05174,MEDUWJ763582,MSC,40,RE-05174,2026-03-05,2026-03-09,2026-03-19,MEDLOG,2026-03-10,2026-03-13,PLANTA PRINCIPAL,2026-03-13,EN PUERTO,,,2026-04-03
TRHU7607931,5700011067 P5 - 8000203 P2 - 212 P5 - 8000242 P4 F,RE-05174,MEDUWJ763582,MSC,40,RE-05174,2026-03-05,2026-03-09,2026-03-19,MEDLOG,2026-03-10,2026-03-15,PLANTA PRINCIPAL,2026-03-15,EN PUERTO,,,2026-04-03
BMOU6903401,5700011067 P5 - 8000203 P2 - 212 P5 - 8000242 P4 F,RE-05174,MEDUWJ763582,MSC,40,RE-05174,2026-03-05,2026-03-09,2026-03-19,MEDLOG,2026-03-10,2026-03-13,PLANTA PRINCIPAL,2026-03-13,EN PUERTO,,,2026-04-03
BMOU6954733,5700011067 P5 - 8000203 P2 - 212 P5 - 8000242 P4 F,RE-05174,MEDUWJ763582,MSC,40,RE-05174,2026-03-05,2026-03-09,2026-03-19,MEDLOG,2026-03-10,2026-03-18,CAMPO CHINO,2026-03-17,EN PUERTO,,,2026-04-03
MEDU9369775,5700011067 P5 - 8000203 P2 - 212 P5 - 8000242 P4 F,RE-05174,MEDUWJ763582,MSC,40,RE-05174,2026-03-05,2026-03-09,2026-03-19,MEDLOG,2026-03-10,2026-03-15,PLANTA PRINCIPAL,2026-03-15,EN PUERTO,,,2026-04-03
MSNU5427490,5700011067 P5 - 8000203 P2 - 212 P5 - 8000242 P4 F,RE-05174,MEDUWJ763582,MSC,40,RE-05174,2026-03-05,2026-03-09,2026-03-19,MEDLOG,2026-03-10,2026-03-15,PLANTA PRINCIPAL,2026-03-15,EN PUERTO,,,2026-04-03
MSBU7472526,8000229 P1 FSC GE,RE-06198,MEDUHZ132224,MSC,40,RE-06198,2026-03-06,2026-03-09,2026-03-27,MEDLOG,2026-03-11,2026-03-19,CAMPO CHINO,2026-03-20,EN PUERTO,,,2026-04-03
TXGU5449749,8000229 P1 FSC GE,RE-06198,MEDUHZ132224,MSC,40,RE-06198,2026-03-06,2026-03-09,2026-03-27,MEDLOG,2026-03-11,2026-03-19,CAMPO CHINO,2026-03-19,EN PUERTO,,,2026-04-03
FFAU6608388,8000229 P1 FSC GE,RE-06198,MEDUHZ132224,MSC,40,RE-06198,2026-03-06,2026-03-09,2026-03-27,MEDLOG,2026-03-11,2026-03-19,CAMPO CHINO,2026-03-20,EN PUERTO,,,2026-04-03
MSNU5329998,8000229 P1 FSC GE,RE-06198,MEDUHZ132224,MSC,40,RE-06198,2026-03-06,2026-03-09,2026-03-27,MEDLOG,2026-03-11,2026-03-19,CAMPO CHINO,2026-03-20,EN PUERTO,,,2026-04-03
MSDU6466470,8000229 P1 FSC GE,RE-06198,MEDUHZ132224,MSC,40,RE-06198,2026-03-06,2026-03-09,2026-03-27,MEDLOG,2026-03-11,2026-03-19,CAMPO CHINO,2026-03-20,EN PUERTO,,,2026-04-03
MSDU6163556,8000229 P1 FSC GE,RE-06198,MEDUHZ132224,MSC,40,RE-06198,2026-03-06,2026-03-09,2026-03-27,MEDLOG,2026-03-11,2026-03-19,CAMPO CHINO,2026-03-20,EN PUERTO,,,2026-04-03
CAAU4558670,8000229 P1 FSC GE,RE-06198,MEDUHZ132224,MSC,40,RE-06198,2026-03-06,2026-03-09,2026-03-27,MEDLOG,2026-03-11,2026-03-19,CAMPO CHINO,2026-03-20,EN PUERTO,,,2026-04-03
UETU6711775,8000229 P1 FSC GE,RE-06198,MEDUHZ132224,MSC,40,RE-06198,2026-03-06,2026-03-09,2026-03-27,MEDLOG,2026-03-11,2026-03-19,CAMPO CHINO,2026-03-20,EN PUERTO,,,2026-04-03
MSMU7056409,8000229 P1 FSC GE,RE-06198,MEDUHZ132224,MSC,40,RE-06198,2026-03-06,2026-03-09,2026-03-27,MEDLOG,2026-03-11,2026-03-19,CAMPO CHINO,2026-03-20,EN PUERTO,,,2026-04-03
MSDU7770298,8000229 P1 FSC GE,RE-06198,MEDUHZ132224,MSC,40,RE-06198,2026-03-06,2026-03-09,2026-03-27,MEDLOG,2026-03-11,2026-03-19,CAMPO CHINO,2026-03-20,EN PUERTO,,,2026-04-03
MSMU4806011,8000229 P1 FSC GE,RE-06198,MEDUHZ132224,MSC,40,RE-06198,2026-03-06,2026-03-09,2026-03-27,MEDLOG,2026-03-11,2026-03-19,CAMPO CHINO,2026-03-20,EN PUERTO,,,2026-04-03
MSMU8336301,8000229 P1 FSC GE,RE-06198,MEDUHZ132224,MSC,40,RE-06198,2026-03-06,2026-03-09,2026-03-27,MEDLOG,2026-03-12,2026-03-18,CAMPO CHINO,2026-03-18,EN PUERTO,,,2026-04-03
FFAU1972170,8000229 P1 FSC GE,RE-06198,MEDUHZ132224,MSC,40,RE-06198,2026-03-06,2026-03-09,2026-03-27,MEDLOG,2026-03-12,2026-03-18,CAMPO CHINO,2026-03-18,EN PUERTO,,,2026-04-03
CAAU4583733,8000229 P1 FSC GE,RE-06198,MEDUHZ132224,MSC,40,RE-06198,2026-03-06,2026-03-09,2026-03-27,MEDLOG,2026-03-12,2026-03-18,CAMPO CHINO,2026-03-18,EN PUERTO,,,2026-04-03
MSDU6780901,8000229 P1 FSC GE,RE-06198,MEDUHZ132224,MSC,40,RE-06198,2026-03-06,2026-03-09,2026-03-27,MEDLOG,2026-03-12,2026-03-19,CAMPO CHINO,2026-03-19,EN PUERTO,,,2026-04-03
TRHU8641843,8000229 P1 FSC GE,RE-06198,MEDUHZ132224,MSC,40,RE-06198,2026-03-06,2026-03-09,2026-03-27,MEDLOG,2026-03-12,2026-03-18,CAMPO CHINO,2026-03-18,EN PUERTO,,,2026-04-03
MSDU6213451,8000229 P1 FSC GE,RE-06198,MEDUHZ132224,MSC,40,RE-06198,2026-03-06,2026-03-09,2026-03-27,MEDLOG,2026-03-12,2026-03-18,CAMPO CHINO,2026-03-18,EN PUERTO,,,2026-04-03
MSNU8423117,8000229 P1 FSC GE,RE-06198,MEDUHZ132224,MSC,40,RE-06198,2026-03-06,2026-03-09,2026-03-27,MEDLOG,2026-03-12,2026-03-18,CAMPO CHINO,2026-03-18,EN PUERTO,,,2026-04-03
UETU7401239,8000229 P1 FSC GE,RE-06198,MEDUHZ132224,MSC,40,RE-06198,2026-03-06,2026-03-09,2026-03-27,MEDLOG,2026-03-12,2026-03-18,CAMPO CHINO,2026-03-18,EN PUERTO,,,2026-04-03
MSBU5207420,8000229 P1 FSC GE,RE-06198,MEDUHZ132224,MSC,40,RE-06198,2026-03-06,2026-03-09,2026-03-27,MEDLOG,2026-03-12,2026-03-18,CAMPO CHINO,2026-03-18,EN PUERTO,,,2026-04-03
CAAU7357067,8000229 P1 FSC GE,RE-06198,MEDUHZ132224,MSC,40,RE-06198,2026-03-06,2026-03-09,2026-03-27,MEDLOG,2026-03-12,2026-03-19,CAMPO CHINO,2026-03-20,EN PUERTO,,,2026-04-03
MRKU5799634,8000261 P1 P2 P3 P4 P5 FSC GG,RE-06142,26551937,MAERKS,40,RE-06142,2026-03-08,2026-03-09,2026-03-28,OPACIFIC,2026-03-11,2026-03-23,CAMPO CHINO,2026-03-23,EN PUERTO,,,2026-04-03
MRKU5838330,8000261 P1 P2 P3 P4 P5 FSC GG,RE-06142,26551937,MAERKS,40,RE-06142,2026-03-08,2026-03-09,2026-03-28,OPACIFIC,2026-03-11,2026-03-23,CAMPO CHINO,2026-03-24,EN PUERTO,,,2026-04-03
HASU4861580,8000261 P1 P2 P3 P4 P5 FSC GG,RE-06142,26551937,MAERKS,40,RE-06142,2026-03-08,2026-03-09,2026-03-28,OPACIFIC,2026-03-11,2026-03-23,CAMPO CHINO,2026-03-23,EN PUERTO,,,2026-04-03
MRSU6069090,8000261 P1 P2 P3 P4 P5 FSC GG,RE-06142,26551937,MAERKS,40,RE-06142,2026-03-08,2026-03-09,2026-03-28,OPACIFIC,2026-03-11,2026-03-23,CAMPO CHINO,2026-03-26,EN PUERTO,,,2026-04-03
MRSU6570460,8000261 P1 P2 P3 P4 P5 FSC GG,RE-06142,26551937,MAERKS,40,RE-06142,2026-03-08,2026-03-09,2026-03-28,OPACIFIC,2026-03-11,2026-03-23,CAMPO CHINO,2026-03-26,EN PUERTO,,,2026-04-03
TCNU4471236,8000261 P1 P2 P3 P4 P5 FSC GG,RE-06142,26551937,MAERKS,40,RE-06142,2026-03-08,2026-03-09,2026-03-28,OPACIFIC,2026-03-11,2026-03-23,CAMPO CHINO,2026-03-26,EN PUERTO,,,2026-04-03
MRKU6138562,8000261 P1 P2 P3 P4 P5 FSC GG,RE-06142,26551937,MAERKS,40,RE-06142,2026-03-08,2026-03-09,2026-03-28,OPACIFIC,2026-03-11,2026-03-23,CAMPO CHINO,2026-03-23,EN PUERTO,,,2026-04-03
CAAU4722989,8000261 P1 P2 P3 P4 P5 FSC GG,RE-06142,26551937,MAERKS,40,RE-06142,2026-03-08,2026-03-09,2026-03-28,OPACIFIC,2026-03-11,2026-03-23,CAMPO CHINO,2026-03-26,EN PUERTO,,,2026-04-03
MRKU4857612,8000261 P1 P2 P3 P4 P5 FSC GG,RE-06142,26551937,MAERKS,40,RE-06142,2026-03-08,2026-03-09,2026-03-28,OPACIFIC,2026-03-11,2026-03-23,CAMPO CHINO,2026-03-24,EN PUERTO,,,2026-04-03
TIIU4692344,8000261 P1 P2 P3 P4 P5 FSC GG,RE-06142,26551937,MAERKS,40,RE-06142,2026-03-08,2026-03-09,2026-03-28,OPACIFIC,2026-03-11,2026-03-23,CAMPO CHINO,2026-03-26,EN PUERTO,,,2026-04-03
MRKU4884238,8000261 P1 P2 P3 P4 P5 FSC GG,RE-06142,26551937,MAERKS,40,RE-06142,2026-03-08,2026-03-09,2026-03-28,OPACIFIC,2026-03-11,2026-03-23,CAMPO CHINO,2026-03-23,EN PUERTO,,,2026-04-03
MRKU2824918,8000261 P1 P2 P3 P4 P5 FSC GG,RE-06142,26551937,MAERKS,40,RE-06142,2026-03-08,2026-03-09,2026-03-28,OPACIFIC,2026-03-11,2026-03-23,CAMPO CHINO,2026-03-26,EN PUERTO,,,2026-04-03
MRSU3110137,8000261 P1 P2 P3 P4 P5 FSC GG,RE-06142,26551937,MAERKS,40,RE-06142,2026-03-08,2026-03-09,2026-03-28,OPACIFIC,2026-03-11,2026-03-23,CAMPO CHINO,2026-03-23,EN PUERTO,,,2026-04-03
MRKU5520570,8000261 P1 P2 P3 P4 P5 FSC GG,RE-06142,26551937,MAERKS,40,RE-06142,2026-03-08,2026-03-09,2026-03-28,OPACIFIC,2026-03-11,2026-03-23,CAMPO CHINO,2026-03-23,EN PUERTO,,,2026-04-03
CAAU7081791,8000261 P1 P2 P3 P4 P5 FSC GG,RE-06142,26551937,MAERKS,40,RE-06142,2026-03-08,2026-03-09,2026-03-28,OPACIFIC,2026-03-11,2026-03-23,CAMPO CHINO,2026-03-26,EN PUERTO,,,2026-04-03
MRSU4145760,8000261 P1 P2 P3 P4 P5 FSC GG,RE-06142,26551937,MAERKS,40,RE-06142,2026-03-08,2026-03-09,2026-03-28,OPACIFIC,2026-03-11,2026-03-23,CAMPO CHINO,2026-03-23,EN PUERTO,,,2026-04-03
MRKU6337965,8000261 P1 P2 P3 P4 P5 FSC GG,RE-06142,26551937,MAERKS,40,RE-06142,2026-03-08,2026-03-09,2026-03-28,OPACIFIC,2026-03-11,2026-03-24,CAMPO CHINO,2026-03-26,EN PUERTO,,,2026-04-03
SEGU4261866,8000261 P1 P2 P3 P4 P5 FSC GG,RE-06142,26551937,MAERKS,40,RE-06142,2026-03-08,2026-03-09,2026-03-28,OPACIFIC,2026-03-11,2026-03-23,CAMPO CHINO,2026-03-23,EN PUERTO,,,2026-04-03
MRSU4552391,8000261 P1 P2 P3 P4 P5 FSC GG,RE-06142,26551937,MAERKS,40,RE-06142,2026-03-08,2026-03-09,2026-03-28,OPACIFIC,2026-03-11,2026-03-24,CAMPO CHINO,2026-03-24,EN PUERTO,,,2026-04-03
CAAU9168988,8000261 P1 P2 P3 P4 P5 FSC GG,RE-06142,26551937,MAERKS,40,RE-06142,2026-03-08,2026-03-09,2026-03-28,OPACIFIC,2026-03-11,2026-03-24,CAMPO CHINO,2026-03-24,EN PUERTO,,,2026-04-03
MRSU3910700,8000261 P1 P2 P3 P4 P5 FSC GG,RE-06142,26551937,MAERKS,40,RE-06142,2026-03-08,2026-03-09,2026-03-28,OPACIFIC,2026-03-11,2026-03-24,CAMPO CHINO,2026-03-25,EN PUERTO,,,2026-04-03
TLLU5983407,8000261 P1 P2 P3 P4 P5 FSC GG,RE-06142,26551937,MAERKS,40,RE-06142,2026-03-08,2026-03-09,2026-03-28,OPACIFIC,2026-03-11,2026-03-24,CAMPO CHINO,2026-03-24,EN PUERTO,,,2026-04-03
FFAU5721893,8000261 P1 P2 P3 P4 P5 FSC GG,RE-06142,26551937,MAERKS,40,RE-06142,2026-03-08,2026-03-09,2026-03-28,OPACIFIC,2026-03-12,2026-03-24,CAMPO CHINO,2026-03-25,EN PUERTO,,,2026-04-03
GCXU5553824,8000261 P1 P2 P3 P4 P5 FSC GG,RE-06142,26551937,MAERKS,40,RE-06142,2026-03-08,2026-03-09,2026-03-28,OPACIFIC,2026-03-12,2026-03-24,CAMPO CHINO,2026-03-24,EN PUERTO,,,2026-04-03
MRKU5169276,8000261 P1 P2 P3 P4 P5 FSC GG,RE-06142,26551937,MAERKS,40,RE-06142,2026-03-08,2026-03-09,2026-03-28,OPACIFIC,2026-03-12,2026-03-24,CAMPO CHINO,2026-03-24,EN PUERTO,,,2026-04-03
TGBU6688220,8000261 P1 P2 P3 P4 P5 FSC GG,RE-06142,26551937,MAERKS,40,RE-06142,2026-03-08,2026-03-09,2026-03-28,OPACIFIC,2026-03-12,2026-03-23,CAMPO CHINO,2026-03-23,EN PUERTO,,,2026-04-03
TCKU7766637,8000261 P1 P2 P3 P4 P5 FSC GG,RE-06142,26551937,MAERKS,40,RE-06142,2026-03-08,2026-03-09,2026-03-28,OPACIFIC,2026-03-12,2026-03-24,CAMPO CHINO,2026-03-24,EN PUERTO,,,2026-04-03
MRSU7118244,8000261 P1 P2 P3 P4 P5 FSC GG,RE-06142,26551937,MAERKS,40,RE-06142,2026-03-08,2026-03-09,2026-03-28,OPACIFIC,2026-03-12,2026-03-24,CAMPO CHINO,2026-03-24,EN PUERTO,,,2026-04-03
GCXU5752744,8000261 P1 P2 P3 P4 P5 FSC GG,RE-06142,26551937,MAERKS,40,RE-06142,2026-03-08,2026-03-09,2026-03-28,OPACIFIC,2026-03-12,2026-03-23,CAMPO CHINO,2026-03-23,EN PUERTO,,,2026-04-03
MRSU4715307,8000261 P1 P2 P3 P4 P5 FSC GG,RE-06142,26551937,MAERKS,40,RE-06142,2026-03-08,2026-03-09,2026-03-28,OPACIFIC,2026-03-12,2026-03-24,CAMPO CHINO,2026-03-24,EN PUERTO,,,2026-04-03
MRKU6379805,8000261 P1 P2 P3 P4 P5 FSC GG,RE-06142,26551937,MAERKS,40,RE-06142,2026-03-08,2026-03-09,2026-03-28,OPACIFIC,2026-03-12,2026-03-25,CAMPO CHINO,2026-03-24,EN PUERTO,,,2026-04-03
TCKU6959879,8000261 P1 P2 P3 P4 P5 FSC GG,RE-06142,26551937,MAERKS,40,RE-06142,2026-03-08,2026-03-09,2026-03-28,OPACIFIC,2026-03-12,2026-03-25,CAMPO CHINO,2026-03-24,EN PUERTO,,,2026-04-03
GAOU7278951,8000261 P1 P2 P3 P4 P5 FSC GG,RE-06142,26551937,MAERKS,40,RE-06142,2026-03-08,2026-03-09,2026-03-28,OPACIFIC,2026-03-12,2026-03-25,CAMPO CHINO,2026-03-26,EN PUERTO,,,2026-04-03
MRKU4866260,8000261 P1 P2 P3 P4 P5 FSC GG,RE-06142,26551937,MAERKS,40,RE-06142,2026-03-08,2026-03-09,2026-03-28,OPACIFIC,2026-03-12,2026-03-25,CAMPO CHINO,2026-03-25,EN PUERTO,,,2026-04-03
MRKU6492370,8000261 P1 P2 P3 P4 P5 FSC GG,RE-06142,26551937,MAERKS,40,RE-06142,2026-03-08,2026-03-09,2026-03-28,OPACIFIC,2026-03-12,2026-03-25,CAMPO CHINO,2026-03-25,EN PUERTO,,,2026-04-03
MRKU3677508,8000261 P1 P2 P3 P4 P5 FSC GG,RE-06142,26551937,MAERKS,40,RE-06142,2026-03-08,2026-03-09,2026-03-28,OPACIFIC,2026-03-12,2026-03-25,CAMPO CHINO,2026-03-25,EN PUERTO,,,2026-04-03
MRKU2642765,8000261 P1 P2 P3 P4 P5 FSC GG,RE-06142,26551937,MAERKS,40,RE-06142,2026-03-08,2026-03-09,2026-03-28,OPACIFIC,2026-03-12,2026-03-25,CAMPO CHINO,2026-03-25,EN PUERTO,,,2026-04-03
MRSU4204610,8000261 P1 P2 P3 P4 P5 FSC GG,RE-06142,26551937,MAERKS,40,RE-06142,2026-03-08,2026-03-09,2026-03-28,OPACIFIC,2026-03-12,2026-03-25,CAMPO CHINO,2026-03-26,EN PUERTO,,,2026-04-03
MTSU9624380,8000261 P1 P2 P3 P4 P5 FSC GG,RE-06142,26551937,MAERKS,40,RE-06142,2026-03-08,2026-03-09,2026-03-28,OPACIFIC,2026-03-12,2026-03-25,CAMPO CHINO,2026-03-25,EN PUERTO,,,2026-04-03
TCNU1830688,8000261 P1 P2 P3 P4 P5 FSC GG,RE-06142,26551937,MAERKS,40,RE-06142,2026-03-08,2026-03-09,2026-03-28,OPACIFIC,2026-03-12,2026-03-25,CAMPO CHINO,2026-03-25,EN PUERTO,,,2026-04-03
SMLU3136960,5700011297 - 5700011298,,SMLU8964483A,CITYCOLD,40,,2026-03-07,2026-03-14,2026-03-16,RFS,2026-03-14,2026-03-16,PLANTA PRINCIPAL,2026-03-16,EN PUERTO,,,2026-04-03
SMLU7915043,5700011297 - 5700011298,,SMLU8964483A,CITYCOLD,40,,2026-03-07,2026-03-14,2026-03-16,RFS,2026-03-14,2026-03-16,PLANTA PRINCIPAL,2026-03-16,EN PUERTO,,,2026-04-03
FANU3449305,SPLIT 8000220 P1 FSC GE,RE-54108,HLCUDUR251208469,HALO,40,RE-54108,2026-03-02,2026-03-10,2026-03-10,TPG,2026-03-10,2026-03-10,CAMPO CHINO,2026-03-10,EN PUERTO,,,2026-04-03
TGHU6094365,8000215 P2 FSC GE,RE-06205,MEDUYK533246,MSC,40,RE-06205,2026-03-06,2026-03-09,2026-03-26,MEDLOG,2026-03-13,2026-03-20,CAMPO CHINO,2026-03-21,EN PUERTO,,,2026-04-03
TGHU6164499,8000215 P2 FSC GE,RE-06205,MEDUYK533246,MSC,40,RE-06205,2026-03-06,2026-03-09,2026-03-26,MEDLOG,2026-03-13,2026-03-20,CAMPO CHINO,2026-03-21,EN PUERTO,,,2026-04-03
TGCU5111330,8000215 P2 FSC GE,RE-06205,MEDUYK533246,MSC,40,RE-06205,2026-03-06,2026-03-09,2026-03-26,MEDLOG,2026-03-13,2026-03-20,CAMPO CHINO,2026-03-21,EN PUERTO,,,2026-04-03
MSNU7300859,8000215 P2 FSC GE,RE-06205,MEDUYK533246,MSC,40,RE-06205,2026-03-06,2026-03-09,2026-03-26,MEDLOG,2026-03-13,2026-03-20,CAMPO CHINO,2026-03-21,EN PUERTO,,,2026-04-03
MSNU7058724,8000215 P2 FSC GE,RE-06205,MEDUYK533246,MSC,40,RE-06205,2026-03-06,2026-03-09,2026-03-26,MEDLOG,2026-03-13,2026-03-20,CAMPO CHINO,2026-03-21,EN PUERTO,,,2026-04-03
MSNU5203778,8000215 P2 FSC GE,RE-06205,MEDUYK533246,MSC,40,RE-06205,2026-03-06,2026-03-09,2026-03-26,MEDLOG,2026-03-13,2026-03-20,CAMPO CHINO,2026-03-21,EN PUERTO,,,2026-04-03
MSMU8274576,8000215 P2 FSC GE,RE-06205,MEDUYK533246,MSC,40,RE-06205,2026-03-06,2026-03-09,2026-03-26,MEDLOG,2026-03-13,2026-03-20,CAMPO CHINO,2026-03-21,EN PUERTO,,,2026-04-03
MSMU5139274,8000215 P2 FSC GE,RE-06205,MEDUYK533246,MSC,40,RE-06205,2026-03-06,2026-03-09,2026-03-26,MEDLOG,2026-03-13,2026-03-20,CAMPO CHINO,2026-03-21,EN PUERTO,,,2026-04-03
MSDU8923642,8000215 P2 FSC GE,RE-06205,MEDUYK533246,MSC,40,RE-06205,2026-03-06,2026-03-09,2026-03-26,MEDLOG,2026-03-13,2026-03-20,CAMPO CHINO,2026-03-21,EN PUERTO,,,2026-04-03
MSDU6217040,8000215 P2 FSC GE,RE-06205,MEDUYK533246,MSC,40,RE-06205,2026-03-06,2026-03-09,2026-03-26,MEDLOG,2026-03-13,2026-03-20,CAMPO CHINO,2026-03-20,EN PUERTO,,,2026-04-03
MSBU6871692,8000215 P2 FSC GE,RE-06205,MEDUYK533246,MSC,40,RE-06205,2026-03-06,2026-03-09,2026-03-26,MEDLOG,2026-03-13,2026-03-20,CAMPO CHINO,2026-03-20,EN PUERTO,,,2026-04-03
MSBU6526593,8000215 P2 FSC GE,RE-06205,MEDUYK533246,MSC,40,RE-06205,2026-03-06,2026-03-09,2026-03-26,MEDLOG,2026-03-13,2026-03-20,CAMPO CHINO,2026-03-20,EN PUERTO,,,2026-04-03
MSBU5547879,8000215 P2 FSC GE,RE-06205,MEDUYK533246,MSC,40,RE-06205,2026-03-06,2026-03-09,2026-03-26,MEDLOG,2026-03-13,2026-03-20,CAMPO CHINO,2026-03-20,EN PUERTO,,,2026-04-03
MEDU8863470,8000215 P2 FSC GE,RE-06205,MEDUYK533246,MSC,40,RE-06205,2026-03-06,2026-03-09,2026-03-26,MEDLOG,2026-03-13,2026-03-20,CAMPO CHINO,2026-03-20,EN PUERTO,,,2026-04-03
MEDU7217520,8000215 P2 FSC GE,RE-06205,MEDUYK533246,MSC,40,RE-06205,2026-03-06,2026-03-09,2026-03-26,MEDLOG,2026-03-13,2026-03-20,CAMPO CHINO,2026-03-21,EN PUERTO,,,2026-04-03
MEDU4618237,8000215 P2 FSC GE,RE-06205,MEDUYK533246,MSC,40,RE-06205,2026-03-06,2026-03-09,2026-03-26,MEDLOG,2026-03-14,2026-03-20,CAMPO CHINO,2026-03-21,EN PUERTO,,,2026-04-03
MEDU4505056,8000215 P2 FSC GE,RE-06205,MEDUYK533246,MSC,40,RE-06205,2026-03-06,2026-03-09,2026-03-26,MEDLOG,2026-03-14,2026-03-20,CAMPO CHINO,2026-03-21,EN PUERTO,,,2026-04-03
BMOU5969180,8000215 P2 FSC GE,RE-06205,MEDUYK533246,MSC,40,RE-06205,2026-03-06,2026-03-09,2026-03-26,MEDLOG,2026-03-14,2026-03-20,CAMPO CHINO,2026-03-21,EN PUERTO,,,2026-04-03
MSDU8051200,8000215 P2 FSC GE,RE-06205,MEDUYK533246,MSC,40,RE-06205,2026-03-06,2026-03-09,2026-03-26,MEDLOG,2026-03-14,2026-03-20,CAMPO CHINO,2026-03-21,EN PUERTO,,,2026-04-03
MSDU5714171,8000215 P2 FSC GE,RE-06205,MEDUYK533246,MSC,40,RE-06205,2026-03-06,2026-03-09,2026-03-26,MEDLOG,2026-03-14,2026-03-20,CAMPO CHINO,2026-03-21,EN PUERTO,,,2026-04-03
MSNU9008846,8000215 P2 FSC GE,RE-06205,MEDUYK533246,MSC,40,RE-06205,2026-03-06,2026-03-09,2026-03-26,MEDLOG,2026-03-14,2026-03-20,CAMPO CHINO,2026-03-21,EN PUERTO,,,2026-04-03
HAMU5122290,URG SPLIT 8000220 P2 FSC GE,RE-07265,HLCUDUR260230903,HALO,40,RE-07265,2026-03-16,2026-03-18,2026-04-05,TERCON,2026-03-23,2026-03-28,CAMPO CHINO,2026-03-28,EN PUERTO,,,2026-04-03
HAMU3097671,URG SPLIT 8000220 P2 FSC GE,RE-07265,HLCUDUR260230903,HALO,40,RE-07265,2026-03-16,2026-03-18,2026-04-05,TERCON,2026-03-23,2026-03-28,CAMPO CHINO,2026-03-28,EN PUERTO,,,2026-04-03
HAMU3769689,URG SPLIT 8000220 P2 FSC GE,RE-07265,HLCUDUR260230903,HALO,40,RE-07265,2026-03-16,2026-03-18,2026-04-05,TERCON,2026-03-23,2026-03-28,CAMPO CHINO,2026-03-28,EN PUERTO,,,2026-04-03
HAMU3843019,URG SPLIT 8000220 P2 FSC GE,RE-07265,HLCUDUR260230903,HALO,40,RE-07265,2026-03-16,2026-03-18,2026-04-05,TERCON,2026-03-23,2026-03-28,CAMPO CHINO,2026-03-28,EN PUERTO,,,2026-04-03
HAMU3414056,URG SPLIT 8000220 P2 FSC GE,RE-07265,HLCUDUR260230903,HALO,40,RE-07265,2026-03-16,2026-03-18,2026-04-05,TERCON,2026-03-23,2026-03-28,CAMPO CHINO,2026-03-28,EN PUERTO,,,2026-04-03
HAMU2447008,URG SPLIT 8000220 P2 FSC GE,RE-07265,HLCUDUR260230903,HALO,40,RE-07265,2026-03-16,2026-03-18,2026-04-05,TERCON,2026-03-23,2026-03-28,CAMPO CHINO,2026-03-28,EN PUERTO,,,2026-04-03
HAMU2198970,URG SPLIT 8000220 P2 FSC GE,RE-07265,HLCUDUR260230903,HALO,40,RE-07265,2026-03-16,2026-03-18,2026-04-05,TERCON,2026-03-23,2026-03-28,CAMPO CHINO,2026-03-28,EN PUERTO,,,2026-04-03
HAMU3822206,URG SPLIT 8000220 P2 FSC GE,RE-07265,HLCUDUR260230903,HALO,40,RE-07265,2026-03-16,2026-03-18,2026-04-05,TERCON,2026-03-23,2026-03-28,CAMPO CHINO,2026-03-28,EN PUERTO,,,2026-04-03
HAMU2193876,URG SPLIT 8000220 P2 FSC GE,RE-07265,HLCUDUR260230903,HALO,40,RE-07265,2026-03-16,2026-03-18,2026-04-05,TERCON,2026-03-23,2026-03-28,CAMPO CHINO,2026-03-28,EN PUERTO,,,2026-04-03
UETU6854544,URG SPLIT 8000220 P2 FSC GE,RE-07265,HLCUDUR260230903,HALO,40,RE-07265,2026-03-16,2026-03-18,2026-04-05,TERCON,2026-03-23,2026-03-28,CAMPO CHINO,2026-03-28,EN PUERTO,,,2026-04-03
HAMU2559820,URG SPLIT 8000220 P2 FSC GE,RE-07265,HLCUDUR260230903,HALO,40,RE-07265,2026-03-16,2026-03-18,2026-04-05,TERCON,2026-03-23,2026-03-28,CAMPO CHINO,2026-03-28,EN PUERTO,,,2026-04-03
HAMU2551650,URG SPLIT 8000220 P2 FSC GE,RE-07265,HLCUDUR260230903,HALO,40,RE-07265,2026-03-16,2026-03-18,2026-04-05,TERCON,2026-03-23,2026-03-28,CAMPO CHINO,2026-03-28,EN PUERTO,,,2026-04-03
FANU3745903,URG SPLIT 8000220 P2 FSC GE,RE-07265,HLCUDUR260230903,HALO,40,RE-07265,2026-03-16,2026-03-18,2026-04-05,TERCON,2026-03-19,2026-03-19,CAMPO CHINO,2026-03-19,EN PUERTO,,,2026-04-03
FANU3529057,URG SPLIT 8000220 P2 FSC GE,RE-07265,HLCUDUR260230903,HALO,40,RE-07265,2026-03-16,2026-03-18,2026-04-05,TERCON,2026-03-23,2026-03-19,CAMPO CHINO,2026-03-19,EN PUERTO,,,2026-04-03
HAMU2484932,URG SPLIT 8000220 P2 FSC GE,RE-07265,HLCUDUR260230903,HALO,40,RE-07265,2026-03-16,2026-03-18,2026-04-05,TERCON,2026-03-23,2026-03-19,CAMPO CHINO,2026-03-19,EN PUERTO,,,2026-04-03
HAMU3228513,URG SPLIT 8000220 P2 FSC GE,RE-07265,HLCUDUR260230903,HALO,40,RE-07265,2026-03-16,2026-03-18,2026-04-05,TERCON,2026-03-23,2026-03-19,CAMPO CHINO,2026-03-19,EN PUERTO,,,2026-04-03
HAMU3285827,URG SPLIT 8000220 P2 FSC GE,RE-07265,HLCUDUR260230903,HALO,40,RE-07265,2026-03-16,2026-03-18,2026-04-05,TERCON,2026-03-23,2026-03-19,CAMPO CHINO,2026-03-19,EN PUERTO,,,2026-04-03
HAMU1540501,URG SPLIT 8000220 P2 FSC GE,RE-07265,HLCUDUR260230903,HALO,40,RE-07265,2026-03-16,2026-03-18,2026-04-05,TERCON,2026-03-23,2026-03-19,CAMPO CHINO,2026-03-19,EN PUERTO,,,2026-04-03
HAMU4447096,URG SPLIT 8000220 P2 FSC GE,RE-07265,HLCUDUR260230903,HALO,40,RE-07265,2026-03-16,2026-03-18,2026-04-05,TERCON,2026-03-23,2026-03-19,CAMPO CHINO,2026-03-19,EN PUERTO,,,2026-04-03
TCKU6524496,8000256 P1 FSC GE,RE-05271,266212448,MAERKS,40,RE-05271,2026-03-16,2026-03-18,2026-04-04,OPACIFIC,2026-03-20,2026-03-28,CAMPO CHINO,2026-03-28,EN PUERTO,,,2026-04-03
MSMU7695204,5700011284 P1 P3 GE,RE-06848,MEDUWJ862996,MSC,40,RE-06848,2026-03-15,2026-03-18,2026-03-29,MEDLOG,2026-03-21,,CAMPO CHINO,2026-03-30,EN PUERTO,,,2026-04-03
MSBU5255115,5700011284 P1 P3 GE,RE-06848,MEDUWJ862996,MSC,40,RE-06848,2026-03-15,2026-03-18,2026-03-29,MEDLOG,2026-03-21,,CAMPO CHINO,2026-03-30,EN PUERTO,,,2026-04-03
TCNU1420404,5700011284 P1 P3 GE,RE-06848,MEDUWJ862996,MSC,40,RE-06848,2026-03-15,2026-03-18,2026-03-29,MEDLOG,2026-03-21,,CAMPO CHINO,2026-03-30,EN PUERTO,,,2026-04-03
FCIU7421948,5700011284 P1 P3 GE,RE-06848,MEDUWJ862996,MSC,40,RE-06848,2026-03-15,2026-03-18,2026-03-29,MEDLOG,2026-03-21,,CAMPO CHINO,2026-03-30,EN PUERTO,,,2026-04-03
TGBU7989738,5700011284 P1 P3 GE,RE-06848,MEDUWJ862996,MSC,40,RE-06848,2026-03-15,2026-03-18,2026-03-29,MEDLOG,2026-03-21,,CAMPO CHINO,2026-03-30,EN PUERTO,,,2026-04-03
MSMU5483295,5700011284 P1 P3 GE,RE-06848,MEDUWJ862996,MSC,40,RE-06848,2026-03-15,2026-03-18,2026-03-29,MEDLOG,2026-03-21,,CAMPO CHINO,2026-03-30,EN PUERTO,,,2026-04-03
MSNU6083044,5700011284 P1 P3 GE,RE-06848,MEDUWJ862996,MSC,40,RE-06848,2026-03-15,2026-03-18,2026-03-29,MEDLOG,2026-03-21,,CAMPO CHINO,2026-03-30,EN PUERTO,,,2026-04-03
UETU7674146,5700011284 P1 P3 GE,RE-06848,MEDUWJ862996,MSC,40,RE-06848,2026-03-15,2026-03-18,2026-03-29,MEDLOG,2026-03-21,,CAMPO CHINO,2026-03-30,EN PUERTO,,,2026-04-03
TRHU7222415,5700011284 P1 P3 GE,RE-06848,MEDUWJ862996,MSC,40,RE-06848,2026-03-15,2026-03-18,2026-03-29,MEDLOG,2026-03-21,,CAMPO CHINO,2026-03-30,EN PUERTO,,,2026-04-03
MSMU5403896,5700011284 P1 P3 GE,RE-06848,MEDUWJ862996,MSC,40,RE-06848,2026-03-15,2026-03-18,2026-03-29,MEDLOG,2026-03-21,,CAMPO CHINO,2026-03-30,EN PUERTO,,,2026-04-03
MSDU8613729,5700011284 P1 P3 GE,RE-06848,MEDUWJ862996,MSC,40,RE-06848,2026-03-15,2026-03-18,2026-03-29,MEDLOG,2026-03-21,,CAMPO CHINO,2026-03-30,EN PUERTO,,,2026-04-03
MSDU8765613,5700011284 P1 P3 GE,RE-06848,MEDUWJ862996,MSC,40,RE-06848,2026-03-15,2026-03-18,2026-03-29,MEDLOG,2026-03-21,,CAMPO CHINO,2026-03-30,EN PUERTO,,,2026-04-03
TLLU5120366,5700011284 P1 P3 GE,RE-06848,MEDUWJ862996,MSC,40,RE-06848,2026-03-15,2026-03-18,2026-03-29,MEDLOG,2026-03-21,,CAMPO CHINO,2026-03-30,EN PUERTO,,,2026-04-03
CAAU5658204,5700011108 P2 GG,RE-07749,MEDUWJ957390,MSC,40,RE-07749,2026-03-15,2026-03-17,2026-03-29,MEDLOG,2026-03-20,2026-03-27,CAMPO CHINO,2026-03-27,EN PUERTO,,,2026-04-03
MSNU7832785,5700011108 P2 GG,RE-07749,MEDUWJ957390,MSC,40,RE-07749,2026-03-15,2026-03-17,2026-03-29,MEDLOG,2026-03-20,2026-03-27,CAMPO CHINO,2026-03-27,EN PUERTO,,,2026-04-03
CAIU7038062,5700011108 P2 GG,RE-07749,MEDUWJ957390,MSC,40,RE-07749,2026-03-15,2026-03-17,2026-03-29,MEDLOG,2026-03-20,2026-03-27,CAMPO CHINO,2026-03-27,EN PUERTO,,,2026-04-03
CXDU2042270,5700011108 P2 GG,RE-07749,MEDUWJ957390,MSC,40,RE-07749,2026-03-15,2026-03-17,2026-03-29,MEDLOG,2026-03-20,2026-03-27,CAMPO CHINO,2026-03-27,EN PUERTO,,,2026-04-03
MSMU4608464,5700011108 P2 GG,RE-07749,MEDUWJ957390,MSC,40,RE-07749,2026-03-15,2026-03-17,2026-03-29,MEDLOG,2026-03-20,2026-03-27,CAMPO CHINO,2026-03-27,EN PUERTO,,,2026-04-03
MSDU6396162,5700011108 P2 GG,RE-07749,MEDUWJ957390,MSC,40,RE-07749,2026-03-15,2026-03-17,2026-03-29,MEDLOG,2026-03-20,2026-03-27,CAMPO CHINO,2026-03-27,EN PUERTO,,,2026-04-03
MSNU9712686,5700011108 P2 GG,RE-07749,MEDUWJ957390,MSC,40,RE-07749,2026-03-15,2026-03-17,2026-03-29,MEDLOG,2026-03-20,2026-03-27,CAMPO CHINO,2026-03-27,EN PUERTO,,,2026-04-03
MSMU8187661,5700011108 P2 GG,RE-07749,MEDUWJ957390,MSC,40,RE-07749,2026-03-15,2026-03-17,2026-03-29,MEDLOG,2026-03-20,2026-03-27,CAMPO CHINO,2026-03-27,EN PUERTO,,,2026-04-03
MSMU7710422,5700011108 P2 GG,RE-07749,MEDUWJ957390,MSC,40,RE-07749,2026-03-15,2026-03-17,2026-03-29,MEDLOG,2026-03-20,2026-03-27,CAMPO CHINO,2026-03-27,EN PUERTO,,,2026-04-03
CAAU7534352,5700011108 P2 GG,RE-07749,MEDUWJ957390,MSC,40,RE-07749,2026-03-15,2026-03-17,2026-03-29,MEDLOG,2026-03-20,2026-03-27,CAMPO CHINO,2026-03-27,EN PUERTO,,,2026-04-03
TRHU6380226,5700011108 P2 GG,RE-07749,MEDUWJ957390,MSC,40,RE-07749,2026-03-15,2026-03-17,2026-03-29,MEDLOG,2026-03-20,2026-03-27,CAMPO CHINO,2026-03-27,EN PUERTO,,,2026-04-03
TEMU7964030,5700011108 P2 GG,RE-07749,MEDUWJ957390,MSC,40,RE-07749,2026-03-15,2026-03-17,2026-03-29,MEDLOG,2026-03-20,2026-03-27,CAMPO CHINO,2026-03-28,EN PUERTO,,,2026-04-03
MSDU8762580,5700011108 P2 GG,RE-07749,MEDUWJ957390,MSC,40,RE-07749,2026-03-15,2026-03-17,2026-03-29,MEDLOG,2026-03-20,2026-03-27,CAMPO CHINO,2026-03-28,EN PUERTO,,,2026-04-03
MSNU5140746,5700011108 P2 GG,RE-07749,MEDUWJ957390,MSC,40,RE-07749,2026-03-15,2026-03-17,2026-03-29,MEDLOG,2026-03-20,2026-03-27,CAMPO CHINO,2026-03-27,EN PUERTO,,,2026-04-03
MSMU7799488,5700011108 P2 GG,RE-07749,MEDUWJ957390,MSC,40,RE-07749,2026-03-15,2026-03-17,2026-03-29,MEDLOG,2026-03-20,2026-03-27,CAMPO CHINO,2026-03-27,EN PUERTO,,,2026-04-03
MSDU8733370,5700011108 P2 GG,RE-07749,MEDUWJ957390,MSC,40,RE-07749,2026-03-15,2026-03-17,2026-03-29,MEDLOG,2026-03-20,2026-03-27,CAMPO CHINO,2026-03-27,EN PUERTO,,,2026-04-03
MSBU8277150,5700011108 P2 GG,RE-07749,MEDUWJ957390,MSC,40,RE-07749,2026-03-15,2026-03-17,2026-03-29,MEDLOG,2026-03-20,2026-03-27,CAMPO CHINO,2026-03-27,EN PUERTO,,,2026-04-03
CAAU8149068,5700011108 P2 GG,RE-07749,MEDUWJ957390,MSC,40,RE-07749,2026-03-15,2026-03-17,2026-03-29,MEDLOG,2026-03-20,2026-03-27,CAMPO CHINO,2026-03-27,EN PUERTO,,,2026-04-03
UETU6591598,5700011108 P2 GG,RE-07749,MEDUWJ957390,MSC,40,RE-07749,2026-03-15,2026-03-17,2026-03-29,MEDLOG,2026-03-20,2026-03-27,CAMPO CHINO,2026-03-27,EN PUERTO,,,2026-04-03
CMAU7678490,8000239 P1 FSC GE,RE-04663,HSK0222278,CMA CGM,40,RE-04663,2026-03-12,2026-03-16,2026-04-01,BLASTI,2026-03-19,2026-03-28,,,EN PATIO GALAGANS,,,2026-04-03
CMAU6466032,8000239 P1 FSC GE,RE-04663,HSK0222278,CMA CGM,40,RE-04663,2026-03-12,2026-03-16,2026-04-01,BLASTI,2026-03-19,2026-03-28,,,EN PATIO GALAGANS,,,2026-04-03
TRHU6012501,8000239 P1 FSC GE,RE-04663,HSK0222278,CMA CGM,40,RE-04663,2026-03-12,2026-03-16,2026-04-01,BLASTI,2026-03-19,2026-03-28,,,EN PATIO GALAGANS,,,2026-04-03
CGMU5270700,8000239 P1 FSC GE,RE-04663,HSK0222278,CMA CGM,40,RE-04663,2026-03-12,2026-03-16,2026-04-01,BLASTI,2026-03-19,2026-03-28,,,EN PATIO GALAGANS,,,2026-04-03
SEGU9409391,8000239 P1 FSC GE,RE-04663,HSK0222278,CMA CGM,40,RE-04663,2026-03-12,2026-03-16,2026-04-01,BLASTI,2026-03-19,2026-03-28,,,EN PATIO GALAGANS,,,2026-04-03
CGMU5094767,8000239 P1 FSC GE,RE-04663,HSK0222278,CMA CGM,40,RE-04663,2026-03-12,2026-03-16,2026-04-01,BLASTI,2026-03-19,2026-03-28,,,EN PATIO GALAGANS,,,2026-04-03
TTNU8467432,8000239 P1 FSC GE,RE-04663,HSK0222278,CMA CGM,40,RE-04663,2026-03-12,2026-03-16,2026-04-01,BLASTI,2026-03-19,2026-03-28,,,EN PATIO GALAGANS,,,2026-04-03
FBIU5082801,8000239 P1 FSC GE,RE-04663,HSK0222278,CMA CGM,40,RE-04663,2026-03-12,2026-03-16,2026-04-01,BLASTI,2026-03-19,2026-03-28,,,EN PATIO GALAGANS,,,2026-04-03
SZLU9866540,8000239 P1 FSC GE,RE-04663,HSK0222278,CMA CGM,40,RE-04663,2026-03-12,2026-03-16,2026-04-01,BLASTI,2026-03-20,2026-03-28,,,EN PATIO GALAGANS,,,2026-04-03
SEGU9425643,8000239 P1 FSC GE,RE-04663,HSK0222278,CMA CGM,40,RE-04663,2026-03-12,2026-03-16,2026-04-01,BLASTI,2026-03-19,2026-03-28,,,EN PATIO GALAGANS,,,2026-04-03
TCLU1242558,8000239 P1 FSC GE,RE-04663,HSK0222278,CMA CGM,40,RE-04663,2026-03-12,2026-03-16,2026-04-01,BLASTI,2026-03-19,2026-03-28,,,EN PATIO GALAGANS,,,2026-04-03
CGMU5415759,8000239 P1 FSC GE,RE-04663,HSK0222278,CMA CGM,40,RE-04663,2026-03-12,2026-03-16,2026-04-01,BLASTI,2026-03-19,2026-03-28,,,EN PATIO GALAGANS,,,2026-04-03
SZLU9916403,8000239 P1 FSC GE,RE-04663,HSK0222278,CMA CGM,40,RE-04663,2026-03-12,2026-03-16,2026-04-01,BLASTI,2026-03-19,2026-03-28,CAMPO CHINO,,EN PATIO GALAGANS,,,2026-04-03
TRIU8767814,8000239 P1 FSC GE,RE-04663,HSK0222278,CMA CGM,40,RE-04663,2026-03-12,2026-03-16,2026-04-01,BLASTI,2026-03-19,2026-03-28,,,EN PATIO GALAGANS,,,2026-04-03
TEMU9109111,8000239 P1 FSC GE,RE-04663,HSK0222278,CMA CGM,40,RE-04663,2026-03-12,2026-03-16,2026-04-01,BLASTI,2026-03-19,2026-03-28,,,EN PATIO GALAGANS,,,2026-04-03
TTNU8659142,8000239 P1 FSC GE,RE-04663,HSK0222278,CMA CGM,40,RE-04663,2026-03-12,2026-03-16,2026-04-01,BLASTI,2026-03-19,2026-03-28,CAMPO CHINO,,EN PATIO GALAGANS,,,2026-04-03
BMOU9628406,8000239 P1 FSC GE,RE-04663,HSK0222278,CMA CGM,40,RE-04663,2026-03-12,2026-03-16,2026-04-01,BLASTI,2026-03-19,2026-03-28,,,EN PATIO GALAGANS,,,2026-04-03
SZLU9663840,8000239 P1 FSC GE,RE-04663,HSK0222278,CMA CGM,40,RE-04663,2026-03-12,2026-03-16,2026-04-01,BLASTI,2026-03-20,2026-03-28,,,EN PATIO GALAGANS,,,2026-04-03
TEMU9268685,8000239 P1 FSC GE,RE-04663,HSK0222278,CMA CGM,40,RE-04663,2026-03-12,2026-03-16,2026-04-01,BLASTI,2026-03-19,2026-03-28,CAMPO CHINO,2026-03-30,ENTREGADO,,,2026-04-03
CGMU5356825,8000239 P1 FSC GE,RE-04663,HSK0222278,CMA CGM,40,RE-04663,2026-03-12,2026-03-16,2026-04-01,BLASTI,2026-03-19,2026-03-28,,,EN PATIO GALAGANS,,,2026-04-03
TTNU8958800,8000239 P1 FSC GE,RE-04663,HSK0222278,CMA CGM,40,RE-04663,2026-03-12,2026-03-16,2026-04-01,BLASTI,2026-03-19,2026-03-30,,,EN PATIO GALAGANS,,,2026-04-03
GESU9452515,8000239 P1 FSC GE,RE-04663,HSK0222278,CMA CGM,40,RE-04663,2026-03-12,2026-03-16,2026-04-01,BLASTI,2026-03-19,2026-03-30,,,EN PATIO GALAGANS,,,2026-04-03
CGMU9313251,8000239 P1 FSC GE,RE-04663,HSK0222278,CMA CGM,40,RE-04663,2026-03-12,2026-03-16,2026-04-01,BLASTI,2026-03-19,2026-03-30,,,EN PATIO GALAGANS,,,2026-04-03
CGMU8002851,8000239 P1 FSC GE,RE-04663,HSK0222278,CMA CGM,40,RE-04663,2026-03-12,2026-03-16,2026-04-01,BLASTI,2026-03-19,2026-03-30,,,EN PATIO GALAGANS,,,2026-04-03
APRU6140475,8000239 P1 FSC GE,RE-04663,HSK0222278,CMA CGM,40,RE-04663,2026-03-12,2026-03-16,2026-04-01,BLASTI,2026-03-19,2026-03-30,,,EN PATIO GALAGANS,,,2026-04-03
SEKU9248516,8000239 P1 FSC GE,RE-04663,HSK0222278,CMA CGM,40,RE-04663,2026-03-12,2026-03-16,2026-04-01,BLASTI,2026-03-19,2026-03-30,CAMPO CHINO,2026-03-30,ENTREGADO,,,2026-04-03
CGMU6584516,8000239 P1 FSC GE,RE-04663,HSK0222278,CMA CGM,40,RE-04663,2026-03-12,2026-03-16,2026-04-01,BLASTI,2026-03-19,2026-03-30,,,EN PATIO GALAGANS,,,2026-04-03
AMCU9327044,8000239 P1 FSC GE,RE-04663,HSK0222278,CMA CGM,40,RE-04663,2026-03-12,2026-03-16,2026-04-01,BLASTI,2026-03-19,2026-03-30,CAMPO CHINO,2026-03-30,ENTREGADO,,,2026-04-03
CGMU6568916,8000239 P1 FSC GE,RE-04663,HSK0222278,CMA CGM,40,RE-04663,2026-03-12,2026-03-16,2026-04-01,BLASTI,2026-03-19,2026-03-30,,,EN PATIO GALAGANS,,,2026-04-03
CGMU6593760,8000239 P1 FSC GE,RE-04663,HSK0222278,CMA CGM,40,RE-04663,2026-03-12,2026-03-16,2026-04-01,BLASTI,2026-03-19,2026-03-30,,,EN PATIO GALAGANS,,,2026-04-03
CGMU7027752,8000239 P1 FSC GE,RE-04663,HSK0222278,CMA CGM,40,RE-04663,2026-03-12,2026-03-16,2026-04-01,BLASTI,2026-03-19,2026-03-30,,,EN PATIO GALAGANS,,,2026-04-03
CGMU5786209,8000239 P1 FSC GE,RE-04663,HSK0222278,CMA CGM,40,RE-04663,2026-03-12,2026-03-16,2026-04-01,BLASTI,2026-03-19,2026-03-30,,,EN PATIO GALAGANS,,,2026-04-03
CXRU1628450,8000239 P1 FSC GE,RE-04663,HSK0222278,CMA CGM,40,RE-04663,2026-03-12,2026-03-16,2026-04-01,BLASTI,2026-03-19,2026-03-30,,,EN PATIO GALAGANS,,,2026-04-03
FSCU7112969,8000236 P1 FSC GE,RE-03395,MEDUYK588463,MSC,40,RE-03395,2026-03-20,2026-03-24,2026-04-09,MEDLOG,2026-03-25,2026-04-04,,,EN PATIO GALAGANS,,,2026-04-03
TGHU6147188,8000236 P1 FSC GE,RE-03395,MEDUYK588463,MSC,40,RE-03395,2026-03-20,2026-03-24,2026-04-09,MEDLOG,2026-03-25,2026-04-04,,,EN PATIO GALAGANS,,,2026-04-03
TGBU7170977,8000236 P1 FSC GE,RE-03395,MEDUYK588463,MSC,40,RE-03395,2026-03-20,2026-03-24,2026-04-09,MEDLOG,2026-03-25,2026-04-04,,,EN PATIO GALAGANS,,,2026-04-03
CAIU7555614,8000236 P1 FSC GE,RE-03395,MEDUYK588463,MSC,40,RE-03395,2026-03-20,2026-03-24,2026-04-09,MEDLOG,2026-03-25,2026-04-04,,,EN PATIO GALAGANS,,,2026-04-03
MEDU7075920,8000236 P1 FSC GE,RE-03395,MEDUYK588463,MSC,40,RE-03395,2026-03-20,2026-03-24,2026-04-09,MEDLOG,2026-03-25,2026-04-04,,,EN PATIO GALAGANS,,,2026-04-03
TIIU5983724,8000236 P1 FSC GE,RE-03395,MEDUYK588463,MSC,40,RE-03395,2026-03-20,2026-03-24,2026-04-09,MEDLOG,2026-03-25,2026-04-04,,,EN PATIO GALAGANS,,,2026-04-03
TXGU8901030,8000236 P1 FSC GE,RE-03395,MEDUYK588463,MSC,40,RE-03395,2026-03-20,2026-03-24,2026-04-09,MEDLOG,2026-03-25,2026-04-04,,,EN PATIO GALAGANS,,,2026-04-03
MSDU7429390,8000236 P1 FSC GE,RE-03395,MEDUYK588463,MSC,40,RE-03395,2026-03-20,2026-03-24,2026-04-09,MEDLOG,2026-03-25,2026-04-04,,,EN PATIO GALAGANS,,,2026-04-03
MSNU5672081,8000236 P1 FSC GE,RE-03395,MEDUYK588463,MSC,40,RE-03395,2026-03-20,2026-03-24,2026-04-09,MEDLOG,2026-03-25,2026-04-04,,,EN PATIO GALAGANS,,,2026-04-03
MSNU6764686,8000236 P1 FSC GE,RE-03395,MEDUYK588463,MSC,40,RE-03395,2026-03-20,2026-03-24,2026-04-09,MEDLOG,2026-03-25,2026-04-04,,,EN PATIO GALAGANS,,,2026-04-03
SEKU4088694,8000236 P1 FSC GE,RE-03395,MEDUYK588463,MSC,40,RE-03395,2026-03-20,2026-03-24,2026-04-09,MEDLOG,2026-03-25,2026-04-04,,,EN PATIO GALAGANS,,,2026-04-03
MSDU7995273,8000236 P1 FSC GE,RE-03395,MEDUYK588463,MSC,40,RE-03395,2026-03-20,2026-03-24,2026-04-09,MEDLOG,2026-03-25,2026-04-04,,,EN PATIO GALAGANS,,,2026-04-03
MSDU5967117,8000236 P1 FSC GE,RE-03395,MEDUYK588463,MSC,40,RE-03395,2026-03-20,2026-03-24,2026-04-09,MEDLOG,2026-03-25,2026-04-04,,,EN PATIO GALAGANS,,,2026-04-03
MSBU8125727,8000236 P1 FSC GE,RE-03395,MEDUYK588463,MSC,40,RE-03395,2026-03-20,2026-03-24,2026-04-09,MEDLOG,2026-03-25,2026-04-04,,,EN PATIO GALAGANS,,,2026-04-03
MSNU5216374,8000236 P1 FSC GE,RE-03395,MEDUYK588463,MSC,40,RE-03395,2026-03-20,2026-03-24,2026-04-09,MEDLOG,2026-03-25,2026-04-04,,,EN PATIO GALAGANS,,,2026-04-03
MSNU8499848,8000236 P1 FSC GE,RE-03395,MEDUYK588463,MSC,40,RE-03395,2026-03-20,2026-03-24,2026-04-09,MEDLOG,2026-03-25,2026-04-04,,,EN PATIO GALAGANS,,,2026-04-03
MEDU7419239,8000236 P1 FSC GE,RE-03395,MEDUYK588463,MSC,40,RE-03395,2026-03-20,2026-03-24,2026-04-09,MEDLOG,2026-03-25,2026-04-04,,,EN PATIO GALAGANS,,,2026-04-03
MSMU6569897,8000236 P1 FSC GE,RE-03395,MEDUYK588463,MSC,40,RE-03395,2026-03-20,2026-03-24,2026-04-09,MEDLOG,2026-03-25,2026-04-04,,,EN PATIO GALAGANS,,,2026-04-03
MSCU5367757,8000236 P1 FSC GE,RE-03395,MEDUYK588463,MSC,40,RE-03395,2026-03-20,2026-03-24,2026-04-09,MEDLOG,2026-03-25,2026-04-04,,,EN PATIO GALAGANS,,,2026-04-03
MSMU4429535,8000236 P1 FSC GE,RE-03395,MEDUYK588463,MSC,40,RE-03395,2026-03-20,2026-03-24,2026-04-09,MEDLOG,2026-03-25,2026-04-04,,,EN PATIO GALAGANS,,,2026-04-03
BMOU4603719,8000236 P1 FSC GE,RE-03395,MEDUYK588463,MSC,40,RE-03395,2026-03-20,2026-03-24,2026-04-09,MEDLOG,2026-03-25,2026-04-04,,,EN PATIO GALAGANS,,,2026-04-03
CAIU4863399,8000236 P1 FSC GE,RE-03395,MEDUYK588463,MSC,40,RE-03395,2026-03-20,2026-03-24,2026-04-09,MEDLOG,2026-03-25,2026-04-04,,,EN PATIO GALAGANS,,,2026-04-03
TXGU6784593,8000236 P4 FSC GE,RE-04220,MEDUYK588398,MSC,40,RE-04220,2026-03-20,2026-03-23,2026-04-09,MEDLOG,2026-03-26,,,,EN PATIO GALAGANS,,,2026-04-03
MSBU5222810,8000236 P4 FSC GE,RE-04220,MEDUYK588398,MSC,40,RE-04220,2026-03-20,2026-03-23,2026-04-09,MEDLOG,2026-03-26,,,,EN PATIO GALAGANS,,,2026-04-03
TIIU5095718,8000236 P4 FSC GE,RE-04220,MEDUYK588398,MSC,40,RE-04220,2026-03-20,2026-03-23,2026-04-09,MEDLOG,2026-03-26,,,,EN PATIO GALAGANS,,,2026-04-03
TRHU7765979,8000236 P4 FSC GE,RE-04220,MEDUYK588398,MSC,40,RE-04220,2026-03-20,2026-03-23,2026-04-09,MEDLOG,2026-03-26,,,,EN PATIO GALAGANS,,,2026-04-03
MSBU5560166,8000236 P4 FSC GE,RE-04220,MEDUYK588398,MSC,40,RE-04220,2026-03-20,2026-03-23,2026-04-09,MEDLOG,2026-03-26,,,,EN PATIO GALAGANS,,,2026-04-03
MSDU5622455,8000236 P4 FSC GE,RE-04220,MEDUYK588398,MSC,40,RE-04220,2026-03-20,2026-03-23,2026-04-09,MEDLOG,2026-03-26,,,,EN PATIO GALAGANS,,,2026-04-03
TXGU7261745,8000236 P4 FSC GE,RE-04220,MEDUYK588398,MSC,40,RE-04220,2026-03-20,2026-03-23,2026-04-09,MEDLOG,2026-03-26,,,,EN PATIO GALAGANS,,,2026-04-03
MSMU6730297,8000236 P4 FSC GE,RE-04220,MEDUYK588398,MSC,40,RE-04220,2026-03-20,2026-03-23,2026-04-09,MEDLOG,2026-03-26,,,,EN PATIO GALAGANS,,,2026-04-03
MSMU4963875,8000236 P4 FSC GE,RE-04220,MEDUYK588398,MSC,40,RE-04220,2026-03-20,2026-03-23,2026-04-09,MEDLOG,2026-03-26,,,,EN PATIO GALAGANS,,,2026-04-03
MSNU5843116,8000236 P4 FSC GE,RE-04220,MEDUYK588398,MSC,40,RE-04220,2026-03-20,2026-03-23,2026-04-09,MEDLOG,2026-03-26,,,,EN PATIO GALAGANS,,,2026-04-03
MSNU5139180,8000236 P4 FSC GE,RE-04220,MEDUYK588398,MSC,40,RE-04220,2026-03-20,2026-03-23,2026-04-09,MEDLOG,2026-03-26,,,,EN PATIO GALAGANS,,,2026-04-03
MSMU8912578,8000236 P4 FSC GE,RE-04220,MEDUYK588398,MSC,40,RE-04220,2026-03-20,2026-03-23,2026-04-09,MEDLOG,2026-03-26,,,,EN PATIO GALAGANS,,,2026-04-03
UETU6136275,8000236 P4 FSC GE,RE-04220,MEDUYK588398,MSC,40,RE-04220,2026-03-20,2026-03-23,2026-04-09,MEDLOG,2026-03-26,,,,EN PATIO GALAGANS,,,2026-04-03
BEAU5937341,8000236 P4 FSC GE,RE-04220,MEDUYK588398,MSC,40,RE-04220,2026-03-20,2026-03-23,2026-04-09,MEDLOG,2026-03-26,,,,EN PATIO GALAGANS,,,2026-04-03
MSMU5840601,8000236 P4 FSC GE,RE-04220,MEDUYK588398,MSC,40,RE-04220,2026-03-20,2026-03-23,2026-04-09,MEDLOG,2026-03-26,,,,EN PATIO GALAGANS,,,2026-04-03
MSNU8498482,8000236 P4 FSC GE,RE-04220,MEDUYK588398,MSC,40,RE-04220,2026-03-20,2026-03-23,2026-04-09,MEDLOG,2026-03-26,,,,EN PATIO GALAGANS,,,2026-04-03
MSMU8647788,8000236 P4 FSC GE,RE-04220,MEDUYK588398,MSC,40,RE-04220,2026-03-20,2026-03-23,2026-04-09,MEDLOG,2026-03-26,,,,EN PATIO GALAGANS,,,2026-04-03
MSDU8803776,8000236 P4 FSC GE,RE-04220,MEDUYK588398,MSC,40,RE-04220,2026-03-20,2026-03-23,2026-04-09,MEDLOG,2026-03-26,,,,EN PATIO GALAGANS,,,2026-04-03
MSDU5590872,8000236 P4 FSC GE,RE-04220,MEDUYK588398,MSC,40,RE-04220,2026-03-20,2026-03-23,2026-04-09,MEDLOG,2026-03-26,,,,EN PATIO GALAGANS,,,2026-04-03
FFAU3894570,8000236 P4 FSC GE,RE-04220,MEDUYK588398,MSC,40,RE-04220,2026-03-20,2026-03-23,2026-04-09,MEDLOG,2026-03-26,,,,EN PATIO GALAGANS,,,2026-04-03
SZLU9249764,8000217 P1 FSC GE,RE-08356,MEDUAD777721,MSC,40,RE-08356,2026-03-22,2026-03-24,2026-04-11,MEDLOG,2026-03-28,,,,EN PATIO GALAGANS,,,2026-04-03
TEMU9295042,8000217 P1 FSC GE,RE-08356,MEDUAD777721,MSC,40,RE-08356,2026-03-22,2026-03-24,2026-04-11,MEDLOG,2026-03-28,,,,EN PATIO GALAGANS,,,2026-04-03
SZLU9347251,8000217 P1 FSC GE,RE-08356,MEDUAD777721,MSC,40,RE-08356,2026-03-22,2026-03-24,2026-04-11,MEDLOG,2026-03-28,,,,EN PATIO GALAGANS,,,2026-04-03
OTPU6106562,8000217 P1 FSC GE,RE-08356,MEDUAD777721,MSC,40,RE-08356,2026-03-22,2026-03-24,2026-04-11,MEDLOG,2026-03-28,,,,EN PATIO GALAGANS,,,2026-04-03
TEMU9301546,8000217 P1 FSC GE,RE-08356,MEDUAD777721,MSC,40,RE-08356,2026-03-22,2026-03-24,2026-04-11,MEDLOG,2026-03-28,,,,EN PATIO GALAGANS,,,2026-04-03
TRIU8746072,8000217 P1 FSC GE,RE-08356,MEDUAD777721,MSC,40,RE-08356,2026-03-22,2026-03-24,2026-04-11,MEDLOG,2026-03-28,,,,EN PATIO GALAGANS,,,2026-04-03
SZLU9584818,8000217 P1 FSC GE,RE-08356,MEDUAD777721,MSC,40,RE-08356,2026-03-22,2026-03-24,2026-04-11,MEDLOG,2026-03-28,,,,EN PATIO GALAGANS,,,2026-04-03
TEMU9024312,8000217 P1 FSC GE,RE-08356,MEDUAD777721,MSC,40,RE-08356,2026-03-22,2026-03-24,2026-04-11,MEDLOG,2026-03-28,,,,EN PATIO GALAGANS,,,2026-04-03
MSDU9846561,8000217 P1 FSC GE,RE-08356,MEDUAD777721,MSC,40,RE-08356,2026-03-22,2026-03-24,2026-04-11,MEDLOG,2026-03-28,,,,EN PATIO GALAGANS,,,2026-04-03
SZLU9504643,8000217 P1 FSC GE,RE-08356,MEDUAD777721,MSC,40,RE-08356,2026-03-22,2026-03-24,2026-04-11,MEDLOG,2026-03-28,,,,EN PATIO GALAGANS,,,2026-04-03
TRIU8168781,8000217 P1 FSC GE,RE-08356,MEDUAD777721,MSC,40,RE-08356,2026-03-22,2026-03-24,2026-04-11,MEDLOG,2026-03-28,,,,EN PATIO GALAGANS,,,2026-04-03
SZLU9263994,8000217 P1 FSC GE,RE-08356,MEDUAD777721,MSC,40,RE-08356,2026-03-22,2026-03-24,2026-04-11,MEDLOG,2026-03-28,,,,EN PATIO GALAGANS,,,2026-04-03
TEMU9407796,8000217 P1 FSC GE,RE-08356,MEDUAD777721,MSC,40,RE-08356,2026-03-22,2026-03-24,2026-04-11,MEDLOG,2026-03-28,,,,EN PATIO GALAGANS,,,2026-04-03
TTNU8069423,8000217 P1 FSC GE,RE-08356,MEDUAD777721,MSC,40,RE-08356,2026-03-22,2026-03-24,2026-04-11,MEDLOG,2026-03-28,,,,EN PATIO GALAGANS,,,2026-04-03
TRIU8080242,8000217 P1 FSC GE,RE-08356,MEDUAD777721,MSC,40,RE-08356,2026-03-22,2026-03-24,2026-04-11,MEDLOG,2026-03-28,,,,EN PATIO GALAGANS,,,2026-04-03
MSCU7473038,8000217 P1 FSC GE,RE-08356,MEDUAD777721,MSC,40,RE-08356,2026-03-22,2026-03-24,2026-04-11,MEDLOG,2026-03-28,,,,EN PATIO GALAGANS,,,2026-04-03
