issue_type,fecha_snapshot,contenedor_id,pedido,parcial,naviera,puerto,deposito_vacio,fecha_arribo_gye,fecha_salida_autorizada,fecha_arribo,fecha_cas,plan_llegada_grupasa,bodega,hora_descarga,comentario_plan_grupasa,plan_slot_grupasa,tipo_asignacion_grupasa,plan_llegada_patio,plan_devolucion_vacio,comentario_plan_galagans,status_actual,horario_entrega_real,tipo_incidencia,comentario_status,alerta_cas,cas_vencido,dias_puerto_a_patio,dias_patio_a_bodega,dias_bodega_a_deposito,cumplimiento_grupasa,cumplimiento_galagans
cas_antes_salida_autorizada,2026-03-27,SMLU3138557,5700011203 / 5700011204,,,CGSA,RFS,,2026-02-27,2026-02-28,2026-02-03,2026-02-03,BODEGA SIERRA,,,,directa_hoja,2026-02-28,2026-03-02,,DEVUELTO DEPOSITO VACIO,,SIN NOVEDAD,Inferido desde inventario historico,False,False,1.0,,,PENDIENTE,CUMPLE
cas_antes_salida_autorizada,2026-03-27,SMLU7867243,5700011203 / 5700011204,,,CGSA,RFS,,2026-02-27,2026-02-28,2026-02-03,2026-02-03,BODEGA SIERRA,,,,directa_hoja,2026-02-28,2026-03-02,,DEVUELTO DEPOSITO VACIO,,SIN NOVEDAD,Inferido desde inventario historico,False,False,1.0,,,PENDIENTE,CUMPLE
plan_grupasa_antes_retiro_puerto,2026-03-27,SMLU3138557,5700011203 / 5700011204,,,CGSA,RFS,,2026-02-27,2026-02-28,2026-02-03,2026-02-03,BODEGA SIERRA,,,,directa_hoja,2026-02-28,2026-03-02,,DEVUELTO DEPOSITO VACIO,,SIN NOVEDAD,Inferido desde inventario historico,False,False,1.0,,,PENDIENTE,CUMPLE
plan_grupasa_antes_retiro_puerto,2026-03-27,SMLU7867243,5700011203 / 5700011204,,,CGSA,RFS,,2026-02-27,2026-02-28,2026-02-03,2026-02-03,BODEGA SIERRA,,,,directa_hoja,2026-02-28,2026-03-02,,DEVUELTO DEPOSITO VACIO,,SIN NOVEDAD,Inferido desde inventario historico,False,False,1.0,,,PENDIENTE,CUMPLE
sin_fecha_arribo_gye,2026-03-27,SMLU3138557,5700011203 / 5700011204,,,CGSA,RFS,,2026-02-27,2026-02-28,2026-02-03,2026-02-03,BODEGA SIERRA,,,,directa_hoja,2026-02-28,2026-03-02,,DEVUELTO DEPOSITO VACIO,,SIN NOVEDAD,Inferido desde inventario historico,False,False,1.0,,,PENDIENTE,CUMPLE
sin_fecha_arribo_gye,2026-03-27,SMLU7867243,5700011203 / 5700011204,,,CGSA,RFS,,2026-02-27,2026-02-28,2026-02-03,2026-02-03,BODEGA SIERRA,,,,directa_hoja,2026-02-28,2026-03-02,,DEVUELTO DEPOSITO VACIO,,SIN NOVEDAD,Inferido desde inventario historico,False,False,1.0,,,PENDIENTE,CUMPLE
sin_plan_llegada_grupasa,2026-03-27,AMCU9327044,8000239 P1 FSC GE,RE-04663,CMA CGM,TPG,BLASTI,2026-03-12,2026-03-16,2026-03-19,2026-04-01,,,,,,directa_hoja,2026-03-19,,,EN PATIO,,SIN NOVEDAD,Inferido desde inventario historico,False,False,7.0,,,SIN_PLAN,CUMPLE
sin_plan_llegada_grupasa,2026-03-27,APRU6140475,8000239 P1 FSC GE,RE-04663,CMA CGM,TPG,BLASTI,2026-03-12,2026-03-16,2026-03-19,2026-04-01,,,,,,directa_hoja,2026-03-19,,,EN PATIO,,SIN NOVEDAD,Inferido desde inventario historico,False,False,7.0,,,SIN_PLAN,CUMPLE
sin_plan_llegada_grupasa,2026-03-27,BEAU5937341,8000236 P4 FSC GE,RE-04220,MSC,NAPORTEC,MEDLOG,2026-03-20,2026-03-23,2026-03-26,2026-04-09,,,,,,directa_hoja,2026-03-26,,,EN PATIO,,SIN NOVEDAD,Inferido desde inventario historico,False,False,6.0,,,SIN_PLAN,CUMPLE
sin_plan_llegada_grupasa,2026-03-27,BMOU4603719,8000236 P1 FSC GE,RE-03395,MSC,NAPORTEC,MEDLOG,2026-03-20,2026-03-24,2026-03-25,2026-04-09,,,,,,directa_hoja,2026-03-25,,,EN PATIO,,SIN NOVEDAD,Inferido desde inventario historico,False,False,5.0,,,SIN_PLAN,CUMPLE
sin_plan_llegada_grupasa,2026-03-27,CAIU4863399,8000236 P1 FSC GE,RE-03395,MSC,NAPORTEC,MEDLOG,2026-03-20,2026-03-24,2026-03-25,2026-04-09,,,,,,directa_hoja,2026-03-25,,,EN PATIO,,SIN NOVEDAD,Inferido desde inventario historico,False,False,5.0,,,SIN_PLAN,CUMPLE
sin_plan_llegada_grupasa,2026-03-27,CAIU7555614,8000236 P1 FSC GE,RE-03395,MSC,NAPORTEC,MEDLOG,2026-03-20,2026-03-24,2026-03-25,2026-04-09,,,,,,directa_hoja,2026-03-25,,,EN PATIO,,SIN NOVEDAD,Inferido desde inventario historico,False,False,5.0,,,SIN_PLAN,CUMPLE
sin_plan_llegada_grupasa,2026-03-27,CGMU5786209,8000239 P1 FSC GE,RE-04663,CMA CGM,TPG,BLASTI,2026-03-12,2026-03-16,2026-03-19,2026-04-01,,,,,,directa_hoja,2026-03-19,,,EN PATIO,,SIN NOVEDAD,Inferido desde inventario historico,False,False,7.0,,,SIN_PLAN,CUMPLE
sin_plan_llegada_grupasa,2026-03-27,CGMU6568916,8000239 P1 FSC GE,RE-04663,CMA CGM,TPG,BLASTI,2026-03-12,2026-03-16,2026-03-19,2026-04-01,,,,,,directa_hoja,2026-03-19,,,EN PATIO,,SIN NOVEDAD,Inferido desde inventario historico,False,False,7.0,,,SIN_PLAN,CUMPLE
sin_plan_llegada_grupasa,2026-03-27,CGMU6584516,8000239 P1 FSC GE,RE-04663,CMA CGM,TPG,BLASTI,2026-03-12,2026-03-16,2026-03-19,2026-04-01,,,,,,directa_hoja,2026-03-19,,,EN PATIO,,SIN NOVEDAD,Inferido desde inventario historico,False,False,7.0,,,SIN_PLAN,CUMPLE
sin_plan_llegada_grupasa,2026-03-27,CGMU6593760,8000239 P1 FSC GE,RE-04663,CMA CGM,TPG,BLASTI,2026-03-12,2026-03-16,2026-03-19,2026-04-01,,,,,,directa_hoja,2026-03-19,,,EN PATIO,,SIN NOVEDAD,Inferido desde inventario historico,False,False,7.0,,,SIN_PLAN,CUMPLE
sin_plan_llegada_grupasa,2026-03-27,CGMU7027752,8000239 P1 FSC GE,RE-04663,CMA CGM,TPG,BLASTI,2026-03-12,2026-03-16,2026-03-19,2026-04-01,,,,,,directa_hoja,2026-03-19,,,EN PATIO,,SIN NOVEDAD,Inferido desde inventario historico,False,False,7.0,,,SIN_PLAN,CUMPLE
sin_plan_llegada_grupasa,2026-03-27,CGMU8002851,8000239 P1 FSC GE,RE-04663,CMA CGM,TPG,BLASTI,2026-03-12,2026-03-16,2026-03-19,2026-04-01,,,,,,directa_hoja,2026-03-19,,,EN PATIO,,SIN NOVEDAD,Inferido desde inventario historico,False,False,7.0,,,SIN_PLAN,CUMPLE
sin_plan_llegada_grupasa,2026-03-27,CGMU9313251,8000239 P1 FSC GE,RE-04663,CMA CGM,TPG,BLASTI,2026-03-12,2026-03-16,2026-03-19,2026-04-01,,,,,,directa_hoja,2026-03-19,,,EN PATIO,,SIN NOVEDAD,Inferido desde inventario historico,False,False,7.0,,,SIN_PLAN,CUMPLE
sin_plan_llegada_grupasa,2026-03-27,CXRU1628450,8000239 P1 FSC GE,RE-04663,CMA CGM,TPG,BLASTI,2026-03-12,2026-03-16,2026-03-19,2026-04-01,,,,,,directa_hoja,2026-03-19,,,EN PATIO,,SIN NOVEDAD,Inferido desde inventario historico,False,False,7.0,,,SIN_PLAN,CUMPLE
sin_plan_llegada_grupasa,2026-03-27,FANU3529057,URG SPLIT 8000220 P2 FSC GE,RE-07265,HALO,TPG,TERCON,2026-03-16,2026-03-18,2026-03-23,2026-04-05,,,,,,directa_hoja,2026-03-23,,,EN PATIO,,SIN NOVEDAD,Inferido desde inventario historico,False,False,7.0,,,SIN_PLAN,CUMPLE
sin_plan_llegada_grupasa,2026-03-27,FCIU7421948,5700011284 P1 P3 GE,RE-06848,MSC,TPG,MEDLOG,2026-03-15,2026-03-18,2026-03-21,2026-03-29,,,,,,directa_hoja,2026-03-21,,,EN PATIO,,SIN NOVEDAD,Inferido desde inventario historico,False,False,6.0,,,SIN_PLAN,CUMPLE
sin_plan_llegada_grupasa,2026-03-27,FFAU3894570,8000236 P4 FSC GE,RE-04220,MSC,NAPORTEC,MEDLOG,2026-03-20,2026-03-23,2026-03-26,2026-04-09,,,,,,directa_hoja,2026-03-26,,,EN PATIO,,SIN NOVEDAD,Inferido desde inventario historico,False,False,6.0,,,SIN_PLAN,CUMPLE
sin_plan_llegada_grupasa,2026-03-27,FSCU7112969,8000236 P1 FSC GE,RE-03395,MSC,NAPORTEC,MEDLOG,2026-03-20,2026-03-24,2026-03-25,2026-04-09,,,,,,directa_hoja,2026-03-25,,,EN PATIO,,SIN NOVEDAD,Inferido desde inventario historico,False,False,5.0,,,SIN_PLAN,CUMPLE
sin_plan_llegada_grupasa,2026-03-27,GESU9452515,8000239 P1 FSC GE,RE-04663,CMA CGM,TPG,BLASTI,2026-03-12,2026-03-16,2026-03-19,2026-04-01,,,,,,directa_hoja,2026-03-19,,,EN PATIO,,SIN NOVEDAD,Inferido desde inventario historico,False,False,7.0,,,SIN_PLAN,CUMPLE
sin_plan_llegada_grupasa,2026-03-27,HAMU1540501,URG SPLIT 8000220 P2 FSC GE,RE-07265,HALO,TPG,TERCON,2026-03-16,2026-03-18,2026-03-23,2026-04-05,,,,,,directa_hoja,2026-03-23,,,EN PATIO,,SIN NOVEDAD,Inferido desde inventario historico,False,False,7.0,,,SIN_PLAN,CUMPLE
sin_plan_llegada_grupasa,2026-03-27,HAMU2193876,URG SPLIT 8000220 P2 FSC GE,RE-07265,HALO,TPG,TERCON,2026-03-16,2026-03-18,2026-03-23,2026-04-05,,,,,,directa_hoja,2026-03-23,,,EN PATIO,,SIN NOVEDAD,Inferido desde inventario historico,False,False,7.0,,,SIN_PLAN,CUMPLE
sin_plan_llegada_grupasa,2026-03-27,HAMU2198970,URG SPLIT 8000220 P2 FSC GE,RE-07265,HALO,TPG,TERCON,2026-03-16,2026-03-18,2026-03-23,2026-04-05,,,,,,directa_hoja,2026-03-23,,,EN PATIO,,SIN NOVEDAD,Inferido desde inventario historico,False,False,7.0,,,SIN_PLAN,CUMPLE
sin_plan_llegada_grupasa,2026-03-27,HAMU2447008,URG SPLIT 8000220 P2 FSC GE,RE-07265,HALO,TPG,TERCON,2026-03-16,2026-03-18,2026-03-23,2026-04-05,,,,,,directa_hoja,2026-03-23,,,EN PATIO,,SIN NOVEDAD,Inferido desde inventario historico,False,False,7.0,,,SIN_PLAN,CUMPLE
sin_plan_llegada_grupasa,2026-03-27,HAMU2484932,URG SPLIT 8000220 P2 FSC GE,RE-07265,HALO,TPG,TERCON,2026-03-16,2026-03-18,2026-03-23,2026-04-05,,,,,,directa_hoja,2026-03-23,,,EN PATIO,,SIN NOVEDAD,Inferido desde inventario historico,False,False,7.0,,,SIN_PLAN,CUMPLE
sin_plan_llegada_grupasa,2026-03-27,HAMU2551650,URG SPLIT 8000220 P2 FSC GE,RE-07265,HALO,TPG,TERCON,2026-03-16,2026-03-18,2026-03-23,2026-04-05,,,,,,directa_hoja,2026-03-23,,,EN PATIO,,SIN NOVEDAD,Inferido desde inventario historico,False,False,7.0,,,SIN_PLAN,CUMPLE
sin_plan_llegada_grupasa,2026-03-27,HAMU2559820,URG SPLIT 8000220 P2 FSC GE,RE-07265,HALO,TPG,TERCON,2026-03-16,2026-03-18,2026-03-23,2026-04-05,,,,,,directa_hoja,2026-03-23,,,EN PATIO,,SIN NOVEDAD,Inferido desde inventario historico,False,False,7.0,,,SIN_PLAN,CUMPLE
sin_plan_llegada_grupasa,2026-03-27,HAMU3097671,URG SPLIT 8000220 P2 FSC GE,RE-07265,HALO,TPG,TERCON,2026-03-16,2026-03-18,2026-03-23,2026-04-05,,,,,,directa_hoja,2026-03-23,,,EN PATIO,,SIN NOVEDAD,Inferido desde inventario historico,False,False,7.0,,,SIN_PLAN,CUMPLE
sin_plan_llegada_grupasa,2026-03-27,HAMU3228513,URG SPLIT 8000220 P2 FSC GE,RE-07265,HALO,TPG,TERCON,2026-03-16,2026-03-18,2026-03-23,2026-04-05,,,,,,directa_hoja,2026-03-23,,,EN PATIO,,SIN NOVEDAD,Inferido desde inventario historico,False,False,7.0,,,SIN_PLAN,CUMPLE
sin_plan_llegada_grupasa,2026-03-27,HAMU3285827,URG SPLIT 8000220 P2 FSC GE,RE-07265,HALO,TPG,TERCON,2026-03-16,2026-03-18,2026-03-23,2026-04-05,,,,,,directa_hoja,2026-03-23,,,EN PATIO,,SIN NOVEDAD,Inferido desde inventario historico,False,False,7.0,,,SIN_PLAN,CUMPLE
sin_plan_llegada_grupasa,2026-03-27,HAMU3414056,URG SPLIT 8000220 P2 FSC GE,RE-07265,HALO,TPG,TERCON,2026-03-16,2026-03-18,2026-03-23,2026-04-05,,,,,,directa_hoja,2026-03-23,,,EN PATIO,,SIN NOVEDAD,Inferido desde inventario historico,False,False,7.0,,,SIN_PLAN,CUMPLE
sin_plan_llegada_grupasa,2026-03-27,HAMU3769689,URG SPLIT 8000220 P2 FSC GE,RE-07265,HALO,TPG,TERCON,2026-03-16,2026-03-18,2026-03-23,2026-04-05,,,,,,directa_hoja,2026-03-23,,,EN PATIO,,SIN NOVEDAD,Inferido desde inventario historico,False,False,7.0,,,SIN_PLAN,CUMPLE
sin_plan_llegada_grupasa,2026-03-27,HAMU3822206,URG SPLIT 8000220 P2 FSC GE,RE-07265,HALO,TPG,TERCON,2026-03-16,2026-03-18,2026-03-23,2026-04-05,,,,,,directa_hoja,2026-03-23,,,EN PATIO,,SIN NOVEDAD,Inferido desde inventario historico,False,False,7.0,,,SIN_PLAN,CUMPLE
sin_plan_llegada_grupasa,2026-03-27,HAMU3843019,URG SPLIT 8000220 P2 FSC GE,RE-07265,HALO,TPG,TERCON,2026-03-16,2026-03-18,2026-03-23,2026-04-05,,,,,,directa_hoja,2026-03-23,,,EN PATIO,,SIN NOVEDAD,Inferido desde inventario historico,False,False,7.0,,,SIN_PLAN,CUMPLE
sin_plan_llegada_grupasa,2026-03-27,HAMU4447096,URG SPLIT 8000220 P2 FSC GE,RE-07265,HALO,TPG,TERCON,2026-03-16,2026-03-18,2026-03-23,2026-04-05,,,,,,directa_hoja,2026-03-23,,,EN PATIO,,SIN NOVEDAD,Inferido desde inventario historico,False,False,7.0,,,SIN_PLAN,CUMPLE
sin_plan_llegada_grupasa,2026-03-27,HAMU5122290,URG SPLIT 8000220 P2 FSC GE,RE-07265,HALO,TPG,TERCON,2026-03-16,2026-03-18,2026-03-23,2026-04-05,,,,,,directa_hoja,2026-03-23,,,EN PATIO,,SIN NOVEDAD,Inferido desde inventario historico,False,False,7.0,,,SIN_PLAN,CUMPLE
sin_plan_llegada_grupasa,2026-03-27,MEDU7075920,8000236 P1 FSC GE,RE-03395,MSC,NAPORTEC,MEDLOG,2026-03-20,2026-03-24,2026-03-25,2026-04-09,,,,,,directa_hoja,2026-03-25,,,EN PATIO,,SIN NOVEDAD,Inferido desde inventario historico,False,False,5.0,,,SIN_PLAN,CUMPLE
sin_plan_llegada_grupasa,2026-03-27,MEDU7419239,8000236 P1 FSC GE,RE-03395,MSC,NAPORTEC,MEDLOG,2026-03-20,2026-03-24,2026-03-25,2026-04-09,,,,,,directa_hoja,2026-03-25,,,EN PATIO,,SIN NOVEDAD,Inferido desde inventario historico,False,False,5.0,,,SIN_PLAN,CUMPLE
sin_plan_llegada_grupasa,2026-03-27,MSBU5222810,8000236 P4 FSC GE,RE-04220,MSC,NAPORTEC,MEDLOG,2026-03-20,2026-03-23,2026-03-26,2026-04-09,,,,,,directa_hoja,2026-03-26,,,EN PATIO,,SIN NOVEDAD,Inferido desde inventario historico,False,False,6.0,,,SIN_PLAN,CUMPLE
sin_plan_llegada_grupasa,2026-03-27,MSBU5255115,5700011284 P1 P3 GE,RE-06848,MSC,TPG,MEDLOG,2026-03-15,2026-03-18,2026-03-21,2026-03-29,,,,,,directa_hoja,2026-03-21,,,EN PATIO,,SIN NOVEDAD,Inferido desde inventario historico,False,False,6.0,,,SIN_PLAN,CUMPLE
sin_plan_llegada_grupasa,2026-03-27,MSBU5560166,8000236 P4 FSC GE,RE-04220,MSC,NAPORTEC,MEDLOG,2026-03-20,2026-03-23,2026-03-26,2026-04-09,,,,,,directa_hoja,2026-03-26,,,EN PATIO,,SIN NOVEDAD,Inferido desde inventario historico,False,False,6.0,,,SIN_PLAN,CUMPLE
sin_plan_llegada_grupasa,2026-03-27,MSBU8125727,8000236 P1 FSC GE,RE-03395,MSC,NAPORTEC,MEDLOG,2026-03-20,2026-03-24,2026-03-25,2026-04-09,,,,,,directa_hoja,2026-03-25,,,EN PATIO,,SIN NOVEDAD,Inferido desde inventario historico,False,False,5.0,,,SIN_PLAN,CUMPLE
sin_plan_llegada_grupasa,2026-03-27,MSCU5367757,8000236 P1 FSC GE,RE-03395,MSC,NAPORTEC,MEDLOG,2026-03-20,2026-03-24,2026-03-25,2026-04-09,,,,,,directa_hoja,2026-03-25,,,EN PATIO,,SIN NOVEDAD,Inferido desde inventario historico,False,False,5.0,,,SIN_PLAN,CUMPLE
sin_plan_llegada_grupasa,2026-03-27,MSDU5590872,8000236 P4 FSC GE,RE-04220,MSC,NAPORTEC,MEDLOG,2026-03-20,2026-03-23,2026-03-26,2026-04-09,,,,,,directa_hoja,2026-03-26,,,EN PATIO,,SIN NOVEDAD,Inferido desde inventario historico,False,False,6.0,,,SIN_PLAN,CUMPLE
sin_plan_llegada_grupasa,2026-03-27,MSDU5622455,8000236 P4 FSC GE,RE-04220,MSC,NAPORTEC,MEDLOG,2026-03-20,2026-03-23,2026-03-26,2026-04-09,,,,,,directa_hoja,2026-03-26,,,EN PATIO,,SIN NOVEDAD,Inferido desde inventario historico,False,False,6.0,,,SIN_PLAN,CUMPLE
sin_plan_llegada_grupasa,2026-03-27,MSDU5967117,8000236 P1 FSC GE,RE-03395,MSC,NAPORTEC,MEDLOG,2026-03-20,2026-03-24,2026-03-25,2026-04-09,,,,,,directa_hoja,2026-03-25,,,EN PATIO,,SIN NOVEDAD,Inferido desde inventario historico,False,False,5.0,,,SIN_PLAN,CUMPLE
sin_plan_llegada_grupasa,2026-03-27,MSDU7429390,8000236 P1 FSC GE,RE-03395,MSC,NAPORTEC,MEDLOG,2026-03-20,2026-03-24,2026-03-25,2026-04-09,,,,,,directa_hoja,2026-03-25,,,EN PATIO,,SIN NOVEDAD,Inferido desde inventario historico,False,False,5.0,,,SIN_PLAN,CUMPLE
sin_plan_llegada_grupasa,2026-03-27,MSDU7995273,8000236 P1 FSC GE,RE-03395,MSC,NAPORTEC,MEDLOG,2026-03-20,2026-03-24,2026-03-25,2026-04-09,,,,,,directa_hoja,2026-03-25,,,EN PATIO,,SIN NOVEDAD,Inferido desde inventario historico,False,False,5.0,,,SIN_PLAN,CUMPLE
sin_plan_llegada_grupasa,2026-03-27,MSDU8613729,5700011284 P1 P3 GE,RE-06848,MSC,TPG,MEDLOG,2026-03-15,2026-03-18,2026-03-21,2026-03-29,,,,,,directa_hoja,2026-03-21,,,EN PATIO,,SIN NOVEDAD,Inferido desde inventario historico,False,False,6.0,,,SIN_PLAN,CUMPLE
sin_plan_llegada_grupasa,2026-03-27,MSDU8765613,5700011284 P1 P3 GE,RE-06848,MSC,TPG,MEDLOG,2026-03-15,2026-03-18,2026-03-21,2026-03-29,,,,,,directa_hoja,2026-03-21,,,EN PATIO,,SIN NOVEDAD,Inferido desde inventario historico,False,False,6.0,,,SIN_PLAN,CUMPLE
sin_plan_llegada_grupasa,2026-03-27,MSDU8803776,8000236 P4 FSC GE,RE-04220,MSC,NAPORTEC,MEDLOG,2026-03-20,2026-03-23,2026-03-26,2026-04-09,,,,,,directa_hoja,2026-03-26,,,EN PATIO,,SIN NOVEDAD,Inferido desde inventario historico,False,False,6.0,,,SIN_PLAN,CUMPLE
sin_plan_llegada_grupasa,2026-03-27,MSMU4429535,8000236 P1 FSC GE,RE-03395,MSC,NAPORTEC,MEDLOG,2026-03-20,2026-03-24,2026-03-25,2026-04-09,,,,,,directa_hoja,2026-03-25,,,EN PATIO,,SIN NOVEDAD,Inferido desde inventario historico,False,False,5.0,,,SIN_PLAN,CUMPLE
sin_plan_llegada_grupasa,2026-03-27,MSMU4963875,8000236 P4 FSC GE,RE-04220,MSC,NAPORTEC,MEDLOG,2026-03-20,2026-03-23,2026-03-26,2026-04-09,,,,,,directa_hoja,2026-03-26,,,EN PATIO,,SIN NOVEDAD,Inferido desde inventario historico,False,False,6.0,,,SIN_PLAN,CUMPLE
sin_plan_llegada_grupasa,2026-03-27,MSMU5403896,5700011284 P1 P3 GE,RE-06848,MSC,TPG,MEDLOG,2026-03-15,2026-03-18,2026-03-21,2026-03-29,,,,,,directa_hoja,2026-03-21,,,EN PATIO,,SIN NOVEDAD,Inferido desde inventario historico,False,False,6.0,,,SIN_PLAN,CUMPLE
sin_plan_llegada_grupasa,2026-03-27,MSMU5483295,5700011284 P1 P3 GE,RE-06848,MSC,TPG,MEDLOG,2026-03-15,2026-03-18,2026-03-21,2026-03-29,,,,,,directa_hoja,2026-03-21,,,EN PATIO,,SIN NOVEDAD,Inferido desde inventario historico,False,False,6.0,,,SIN_PLAN,CUMPLE
sin_plan_llegada_grupasa,2026-03-27,MSMU5840601,8000236 P4 FSC GE,RE-04220,MSC,NAPORTEC,MEDLOG,2026-03-20,2026-03-23,2026-03-26,2026-04-09,,,,,,directa_hoja,2026-03-26,,,EN PATIO,,SIN NOVEDAD,Inferido desde inventario historico,False,False,6.0,,,SIN_PLAN,CUMPLE
sin_plan_llegada_grupasa,2026-03-27,MSMU6569897,8000236 P1 FSC GE,RE-03395,MSC,NAPORTEC,MEDLOG,2026-03-20,2026-03-24,2026-03-25,2026-04-09,,,,,,directa_hoja,2026-03-25,,,EN PATIO,,SIN NOVEDAD,Inferido desde inventario historico,False,False,5.0,,,SIN_PLAN,CUMPLE
sin_plan_llegada_grupasa,2026-03-27,MSMU6730297,8000236 P4 FSC GE,RE-04220,MSC,NAPORTEC,MEDLOG,2026-03-20,2026-03-23,2026-03-26,2026-04-09,,,,,,directa_hoja,2026-03-26,,,EN PATIO,,SIN NOVEDAD,Inferido desde inventario historico,False,False,6.0,,,SIN_PLAN,CUMPLE
sin_plan_llegada_grupasa,2026-03-27,MSMU7695204,5700011284 P1 P3 GE,RE-06848,MSC,TPG,MEDLOG,2026-03-15,2026-03-18,2026-03-21,2026-03-29,,,,,,directa_hoja,2026-03-21,,,EN PATIO,,SIN NOVEDAD,Inferido desde inventario historico,False,False,6.0,,,SIN_PLAN,CUMPLE
sin_plan_llegada_grupasa,2026-03-27,MSMU8647788,8000236 P4 FSC GE,RE-04220,MSC,NAPORTEC,MEDLOG,2026-03-20,2026-03-23,2026-03-26,2026-04-09,,,,,,directa_hoja,2026-03-26,,,EN PATIO,,SIN NOVEDAD,Inferido desde inventario historico,False,False,6.0,,,SIN_PLAN,CUMPLE
sin_plan_llegada_grupasa,2026-03-27,MSMU8912578,8000236 P4 FSC GE,RE-04220,MSC,NAPORTEC,MEDLOG,2026-03-20,2026-03-23,2026-03-26,2026-04-09,,,,,,directa_hoja,2026-03-26,,,EN PATIO,,SIN NOVEDAD,Inferido desde inventario historico,False,False,6.0,,,SIN_PLAN,CUMPLE
sin_plan_llegada_grupasa,2026-03-27,MSNU5139180,8000236 P4 FSC GE,RE-04220,MSC,NAPORTEC,MEDLOG,2026-03-20,2026-03-23,2026-03-26,2026-04-09,,,,,,directa_hoja,2026-03-26,,,EN PATIO,,SIN NOVEDAD,Inferido desde inventario historico,False,False,6.0,,,SIN_PLAN,CUMPLE
sin_plan_llegada_grupasa,2026-03-27,MSNU5216374,8000236 P1 FSC GE,RE-03395,MSC,NAPORTEC,MEDLOG,2026-03-20,2026-03-24,2026-03-25,2026-04-09,,,,,,directa_hoja,2026-03-25,,,EN PATIO,,SIN NOVEDAD,Inferido desde inventario historico,False,False,5.0,,,SIN_PLAN,CUMPLE
sin_plan_llegada_grupasa,2026-03-27,MSNU5672081,8000236 P1 FSC GE,RE-03395,MSC,NAPORTEC,MEDLOG,2026-03-20,2026-03-24,2026-03-25,2026-04-09,,,,,,directa_hoja,2026-03-25,,,EN PATIO,,SIN NOVEDAD,Inferido desde inventario historico,False,False,5.0,,,SIN_PLAN,CUMPLE
sin_plan_llegada_grupasa,2026-03-27,MSNU5843116,8000236 P4 FSC GE,RE-04220,MSC,NAPORTEC,MEDLOG,2026-03-20,2026-03-23,2026-03-26,2026-04-09,,,,,,directa_hoja,2026-03-26,,,EN PATIO,,SIN NOVEDAD,Inferido desde inventario historico,False,False,6.0,,,SIN_PLAN,CUMPLE
sin_plan_llegada_grupasa,2026-03-27,MSNU6083044,5700011284 P1 P3 GE,RE-06848,MSC,TPG,MEDLOG,2026-03-15,2026-03-18,2026-03-21,2026-03-29,,,,,,directa_hoja,2026-03-21,,,EN PATIO,,SIN NOVEDAD,Inferido desde inventario historico,False,False,6.0,,,SIN_PLAN,CUMPLE
sin_plan_llegada_grupasa,2026-03-27,MSNU6764686,8000236 P1 FSC GE,RE-03395,MSC,NAPORTEC,MEDLOG,2026-03-20,2026-03-24,2026-03-25,2026-04-09,,,,,,directa_hoja,2026-03-25,,,EN PATIO,,SIN NOVEDAD,Inferido desde inventario historico,False,False,5.0,,,SIN_PLAN,CUMPLE
sin_plan_llegada_grupasa,2026-03-27,MSNU8498482,8000236 P4 FSC GE,RE-04220,MSC,NAPORTEC,MEDLOG,2026-03-20,2026-03-23,2026-03-26,2026-04-09,,,,,,directa_hoja,2026-03-26,,,EN PATIO,,SIN NOVEDAD,Inferido desde inventario historico,False,False,6.0,,,SIN_PLAN,CUMPLE
sin_plan_llegada_grupasa,2026-03-27,MSNU8499848,8000236 P1 FSC GE,RE-03395,MSC,NAPORTEC,MEDLOG,2026-03-20,2026-03-24,2026-03-25,2026-04-09,,,,,,directa_hoja,2026-03-25,,,EN PATIO,,SIN NOVEDAD,Inferido desde inventario historico,False,False,5.0,,,SIN_PLAN,CUMPLE
sin_plan_llegada_grupasa,2026-03-27,SEKU4088694,8000236 P1 FSC GE,RE-03395,MSC,NAPORTEC,MEDLOG,2026-03-20,2026-03-24,2026-03-25,2026-04-09,,,,,,directa_hoja,2026-03-25,,,EN PATIO,,SIN NOVEDAD,Inferido desde inventario historico,False,False,5.0,,,SIN_PLAN,CUMPLE
sin_plan_llegada_grupasa,2026-03-27,SEKU9248516,8000239 P1 FSC GE,RE-04663,CMA CGM,TPG,BLASTI,2026-03-12,2026-03-16,2026-03-19,2026-04-01,,,,,,directa_hoja,2026-03-19,,,EN PATIO,,SIN NOVEDAD,Inferido desde inventario historico,False,False,7.0,,,SIN_PLAN,CUMPLE
sin_plan_llegada_grupasa,2026-03-27,TCKU6524496,8000256 P1 FSC GE,RE-05271,MAERKS,TPG,OPACIFIC,2026-03-16,2026-03-18,2026-03-20,2026-04-04,,,,,,directa_hoja,2026-03-20,,,EN PATIO,,SIN NOVEDAD,Inferido desde inventario historico,False,False,4.0,,,SIN_PLAN,CUMPLE
sin_plan_llegada_grupasa,2026-03-27,TCNU1420404,5700011284 P1 P3 GE,RE-06848,MSC,TPG,MEDLOG,2026-03-15,2026-03-18,2026-03-21,2026-03-29,,,,,,directa_hoja,2026-03-21,,,EN PATIO,,SIN NOVEDAD,Inferido desde inventario historico,False,False,6.0,,,SIN_PLAN,CUMPLE
sin_plan_llegada_grupasa,2026-03-27,TGBU7170977,8000236 P1 FSC GE,RE-03395,MSC,NAPORTEC,MEDLOG,2026-03-20,2026-03-24,2026-03-25,2026-04-09,,,,,,directa_hoja,2026-03-25,,,EN PATIO,,SIN NOVEDAD,Inferido desde inventario historico,False,False,5.0,,,SIN_PLAN,CUMPLE
sin_plan_llegada_grupasa,2026-03-27,TGBU7989738,5700011284 P1 P3 GE,RE-06848,MSC,TPG,MEDLOG,2026-03-15,2026-03-18,2026-03-21,2026-03-29,,,,,,directa_hoja,2026-03-21,,,EN PATIO,,SIN NOVEDAD,Inferido desde inventario historico,False,False,6.0,,,SIN_PLAN,CUMPLE
sin_plan_llegada_grupasa,2026-03-27,TGHU6147188,8000236 P1 FSC GE,RE-03395,MSC,NAPORTEC,MEDLOG,2026-03-20,2026-03-24,2026-03-25,2026-04-09,,,,,,directa_hoja,2026-03-25,,,EN PATIO,,SIN NOVEDAD,Inferido desde inventario historico,False,False,5.0,,,SIN_PLAN,CUMPLE
sin_plan_llegada_grupasa,2026-03-27,TIIU5095718,8000236 P4 FSC GE,RE-04220,MSC,NAPORTEC,MEDLOG,2026-03-20,2026-03-23,2026-03-26,2026-04-09,,,,,,directa_hoja,2026-03-26,,,EN PATIO,,SIN NOVEDAD,Inferido desde inventario historico,False,False,6.0,,,SIN_PLAN,CUMPLE
sin_plan_llegada_grupasa,2026-03-27,TIIU5983724,8000236 P1 FSC GE,RE-03395,MSC,NAPORTEC,MEDLOG,2026-03-20,2026-03-24,2026-03-25,2026-04-09,,,,,,directa_hoja,2026-03-25,,,EN PATIO,,SIN NOVEDAD,Inferido desde inventario historico,False,False,5.0,,,SIN_PLAN,CUMPLE
sin_plan_llegada_grupasa,2026-03-27,TLLU5120366,5700011284 P1 P3 GE,RE-06848,MSC,TPG,MEDLOG,2026-03-15,2026-03-18,2026-03-21,2026-03-29,,,,,,directa_hoja,2026-03-21,,,EN PATIO,,SIN NOVEDAD,Inferido desde inventario historico,False,False,6.0,,,SIN_PLAN,CUMPLE
sin_plan_llegada_grupasa,2026-03-27,TRHU7222415,5700011284 P1 P3 GE,RE-06848,MSC,TPG,MEDLOG,2026-03-15,2026-03-18,2026-03-21,2026-03-29,,,,,,directa_hoja,2026-03-21,,,EN PATIO,,SIN NOVEDAD,Inferido desde inventario historico,False,False,6.0,,,SIN_PLAN,CUMPLE
sin_plan_llegada_grupasa,2026-03-27,TRHU7765979,8000236 P4 FSC GE,RE-04220,MSC,NAPORTEC,MEDLOG,2026-03-20,2026-03-23,2026-03-26,2026-04-09,,,,,,directa_hoja,2026-03-26,,,EN PATIO,,SIN NOVEDAD,Inferido desde inventario historico,False,False,6.0,,,SIN_PLAN,CUMPLE
sin_plan_llegada_grupasa,2026-03-27,TTNU8958800,8000239 P1 FSC GE,RE-04663,CMA CGM,TPG,BLASTI,2026-03-12,2026-03-16,2026-03-19,2026-04-01,,,,,,directa_hoja,2026-03-19,,,EN PATIO,,SIN NOVEDAD,Inferido desde inventario historico,False,False,7.0,,,SIN_PLAN,CUMPLE
sin_plan_llegada_grupasa,2026-03-27,TXGU6784593,8000236 P4 FSC GE,RE-04220,MSC,NAPORTEC,MEDLOG,2026-03-20,2026-03-23,2026-03-26,2026-04-09,,,,,,directa_hoja,2026-03-26,,,EN PATIO,,SIN NOVEDAD,Inferido desde inventario historico,False,False,6.0,,,SIN_PLAN,CUMPLE
sin_plan_llegada_grupasa,2026-03-27,TXGU7261745,8000236 P4 FSC GE,RE-04220,MSC,NAPORTEC,MEDLOG,2026-03-20,2026-03-23,2026-03-26,2026-04-09,,,,,,directa_hoja,2026-03-26,,,EN PATIO,,SIN NOVEDAD,Inferido desde inventario historico,False,False,6.0,,,SIN_PLAN,CUMPLE
sin_plan_llegada_grupasa,2026-03-27,TXGU8901030,8000236 P1 FSC GE,RE-03395,MSC,NAPORTEC,MEDLOG,2026-03-20,2026-03-24,2026-03-25,2026-04-09,,,,,,directa_hoja,2026-03-25,,,EN PATIO,,SIN NOVEDAD,Inferido desde inventario historico,False,False,5.0,,,SIN_PLAN,CUMPLE
sin_plan_llegada_grupasa,2026-03-27,UETU6136275,8000236 P4 FSC GE,RE-04220,MSC,NAPORTEC,MEDLOG,2026-03-20,2026-03-23,2026-03-26,2026-04-09,,,,,,directa_hoja,2026-03-26,,,EN PATIO,,SIN NOVEDAD,Inferido desde inventario historico,False,False,6.0,,,SIN_PLAN,CUMPLE
sin_plan_llegada_grupasa,2026-03-27,UETU6854544,URG SPLIT 8000220 P2 FSC GE,RE-07265,HALO,TPG,TERCON,2026-03-16,2026-03-18,2026-03-23,2026-04-05,,,,,,directa_hoja,2026-03-23,,,EN PATIO,,SIN NOVEDAD,Inferido desde inventario historico,False,False,7.0,,,SIN_PLAN,CUMPLE
sin_plan_llegada_grupasa,2026-03-27,UETU7674146,5700011284 P1 P3 GE,RE-06848,MSC,TPG,MEDLOG,2026-03-15,2026-03-18,2026-03-21,2026-03-29,,,,,,directa_hoja,2026-03-21,,,EN PATIO,,SIN NOVEDAD,Inferido desde inventario historico,False,False,6.0,,,SIN_PLAN,CUMPLE
sin_plan_devolucion_vacio,2026-03-27,AMCU9327044,8000239 P1 FSC GE,RE-04663,CMA CGM,TPG,BLASTI,2026-03-12,2026-03-16,2026-03-19,2026-04-01,,,,,,directa_hoja,2026-03-19,,,EN PATIO,,SIN NOVEDAD,Inferido desde inventario historico,False,False,7.0,,,SIN_PLAN,CUMPLE
sin_plan_devolucion_vacio,2026-03-27,APRU6140475,8000239 P1 FSC GE,RE-04663,CMA CGM,TPG,BLASTI,2026-03-12,2026-03-16,2026-03-19,2026-04-01,,,,,,directa_hoja,2026-03-19,,,EN PATIO,,SIN NOVEDAD,Inferido desde inventario historico,False,False,7.0,,,SIN_PLAN,CUMPLE
sin_plan_devolucion_vacio,2026-03-27,BEAU5937341,8000236 P4 FSC GE,RE-04220,MSC,NAPORTEC,MEDLOG,2026-03-20,2026-03-23,2026-03-26,2026-04-09,,,,,,directa_hoja,2026-03-26,,,EN PATIO,,SIN NOVEDAD,Inferido desde inventario historico,False,False,6.0,,,SIN_PLAN,CUMPLE
sin_plan_devolucion_vacio,2026-03-27,BMOU4603719,8000236 P1 FSC GE,RE-03395,MSC,NAPORTEC,MEDLOG,2026-03-20,2026-03-24,2026-03-25,2026-04-09,,,,,,directa_hoja,2026-03-25,,,EN PATIO,,SIN NOVEDAD,Inferido desde inventario historico,False,False,5.0,,,SIN_PLAN,CUMPLE
sin_plan_devolucion_vacio,2026-03-27,BMOU9628406,8000239 P1 FSC GE,RE-04663,CMA CGM,TPG,BLASTI,2026-03-12,2026-03-16,2026-03-19,2026-04-01,2026-03-28,,,,,directa_hoja,2026-03-19,,,EN PATIO,,SIN NOVEDAD,Inferido desde inventario historico,False,False,7.0,,,PENDIENTE,CUMPLE
sin_plan_devolucion_vacio,2026-03-27,CAAU5658204,5700011108 P2 GG,RE-07749,MSC,TPG,MEDLOG,2026-03-15,2026-03-17,2026-03-20,2026-03-29,2026-03-27,,,,,directa_hoja,2026-03-20,,,EN PATIO,,SIN NOVEDAD,Inferido desde inventario historico,False,False,5.0,,,PENDIENTE,CUMPLE
sin_plan_devolucion_vacio,2026-03-27,CAAU7534352,5700011108 P2 GG,RE-07749,MSC,TPG,MEDLOG,2026-03-15,2026-03-17,2026-03-20,2026-03-29,2026-03-27,,,,,directa_hoja,2026-03-20,,,EN PATIO,,SIN NOVEDAD,Inferido desde inventario historico,False,False,5.0,,,PENDIENTE,CUMPLE
sin_plan_devolucion_vacio,2026-03-27,CAAU8149068,5700011108 P2 GG,RE-07749,MSC,TPG,MEDLOG,2026-03-15,2026-03-17,2026-03-20,2026-03-29,2026-03-27,,,,,directa_hoja,2026-03-20,,,EN PATIO,,SIN NOVEDAD,Inferido desde inventario historico,False,False,5.0,,,PENDIENTE,CUMPLE
sin_plan_devolucion_vacio,2026-03-27,CAIU4863399,8000236 P1 FSC GE,RE-03395,MSC,NAPORTEC,MEDLOG,2026-03-20,2026-03-24,2026-03-25,2026-04-09,,,,,,directa_hoja,2026-03-25,,,EN PATIO,,SIN NOVEDAD,Inferido desde inventario historico,False,False,5.0,,,SIN_PLAN,CUMPLE
sin_plan_devolucion_vacio,2026-03-27,CAIU7038062,5700011108 P2 GG,RE-07749,MSC,TPG,MEDLOG,2026-03-15,2026-03-17,2026-03-20,2026-03-29,2026-03-27,,,,,directa_hoja,2026-03-20,,,EN PATIO,,SIN NOVEDAD,Inferido desde inventario historico,False,False,5.0,,,PENDIENTE,CUMPLE
sin_plan_devolucion_vacio,2026-03-27,CAIU7555614,8000236 P1 FSC GE,RE-03395,MSC,NAPORTEC,MEDLOG,2026-03-20,2026-03-24,2026-03-25,2026-04-09,,,,,,directa_hoja,2026-03-25,,,EN PATIO,,SIN NOVEDAD,Inferido desde inventario historico,False,False,5.0,,,SIN_PLAN,CUMPLE
sin_plan_devolucion_vacio,2026-03-27,CGMU5094767,8000239 P1 FSC GE,RE-04663,CMA CGM,TPG,BLASTI,2026-03-12,2026-03-16,2026-03-19,2026-04-01,2026-03-28,,,,,directa_hoja,2026-03-19,,,EN PATIO,,SIN NOVEDAD,Inferido desde inventario historico,False,False,7.0,,,PENDIENTE,CUMPLE
sin_plan_devolucion_vacio,2026-03-27,CGMU5270700,8000239 P1 FSC GE,RE-04663,CMA CGM,TPG,BLASTI,2026-03-12,2026-03-16,2026-03-19,2026-04-01,2026-03-28,,,,,directa_hoja,2026-03-19,,,EN PATIO,,SIN NOVEDAD,Inferido desde inventario historico,False,False,7.0,,,PENDIENTE,CUMPLE
sin_plan_devolucion_vacio,2026-03-27,CGMU5356825,8000239 P1 FSC GE,RE-04663,CMA CGM,TPG,BLASTI,2026-03-12,2026-03-16,2026-03-19,2026-04-01,2026-03-28,,,,,directa_hoja,2026-03-19,,,EN PATIO,,SIN NOVEDAD,Inferido desde inventario historico,False,False,7.0,,,PENDIENTE,CUMPLE
sin_plan_devolucion_vacio,2026-03-27,CGMU5415759,8000239 P1 FSC GE,RE-04663,CMA CGM,TPG,BLASTI,2026-03-12,2026-03-16,2026-03-19,2026-04-01,2026-03-28,,,,,directa_hoja,2026-03-19,,,EN PATIO,,SIN NOVEDAD,Inferido desde inventario historico,False,False,7.0,,,PENDIENTE,CUMPLE
sin_plan_devolucion_vacio,2026-03-27,CGMU5786209,8000239 P1 FSC GE,RE-04663,CMA CGM,TPG,BLASTI,2026-03-12,2026-03-16,2026-03-19,2026-04-01,,,,,,directa_hoja,2026-03-19,,,EN PATIO,,SIN NOVEDAD,Inferido desde inventario historico,False,False,7.0,,,SIN_PLAN,CUMPLE
sin_plan_devolucion_vacio,2026-03-27,CGMU6568916,8000239 P1 FSC GE,RE-04663,CMA CGM,TPG,BLASTI,2026-03-12,2026-03-16,2026-03-19,2026-04-01,,,,,,directa_hoja,2026-03-19,,,EN PATIO,,SIN NOVEDAD,Inferido desde inventario historico,False,False,7.0,,,SIN_PLAN,CUMPLE
sin_plan_devolucion_vacio,2026-03-27,CGMU6584516,8000239 P1 FSC GE,RE-04663,CMA CGM,TPG,BLASTI,2026-03-12,2026-03-16,2026-03-19,2026-04-01,,,,,,directa_hoja,2026-03-19,,,EN PATIO,,SIN NOVEDAD,Inferido desde inventario historico,False,False,7.0,,,SIN_PLAN,CUMPLE
sin_plan_devolucion_vacio,2026-03-27,CGMU6593760,8000239 P1 FSC GE,RE-04663,CMA CGM,TPG,BLASTI,2026-03-12,2026-03-16,2026-03-19,2026-04-01,,,,,,directa_hoja,2026-03-19,,,EN PATIO,,SIN NOVEDAD,Inferido desde inventario historico,False,False,7.0,,,SIN_PLAN,CUMPLE
sin_plan_devolucion_vacio,2026-03-27,CGMU7027752,8000239 P1 FSC GE,RE-04663,CMA CGM,TPG,BLASTI,2026-03-12,2026-03-16,2026-03-19,2026-04-01,,,,,,directa_hoja,2026-03-19,,,EN PATIO,,SIN NOVEDAD,Inferido desde inventario historico,False,False,7.0,,,SIN_PLAN,CUMPLE
sin_plan_devolucion_vacio,2026-03-27,CGMU8002851,8000239 P1 FSC GE,RE-04663,CMA CGM,TPG,BLASTI,2026-03-12,2026-03-16,2026-03-19,2026-04-01,,,,,,directa_hoja,2026-03-19,,,EN PATIO,,SIN NOVEDAD,Inferido desde inventario historico,False,False,7.0,,,SIN_PLAN,CUMPLE
sin_plan_devolucion_vacio,2026-03-27,CGMU9313251,8000239 P1 FSC GE,RE-04663,CMA CGM,TPG,BLASTI,2026-03-12,2026-03-16,2026-03-19,2026-04-01,,,,,,directa_hoja,2026-03-19,,,EN PATIO,,SIN NOVEDAD,Inferido desde inventario historico,False,False,7.0,,,SIN_PLAN,CUMPLE
sin_plan_devolucion_vacio,2026-03-27,CMAU6466032,8000239 P1 FSC GE,RE-04663,CMA CGM,TPG,BLASTI,2026-03-12,2026-03-16,2026-03-19,2026-04-01,2026-03-28,,,,,directa_hoja,2026-03-19,,,EN PATIO,,SIN NOVEDAD,Inferido desde inventario historico,False,False,7.0,,,PENDIENTE,CUMPLE
sin_plan_devolucion_vacio,2026-03-27,CMAU7678490,8000239 P1 FSC GE,RE-04663,CMA CGM,TPG,BLASTI,2026-03-12,2026-03-16,2026-03-19,2026-04-01,2026-03-28,,,,,directa_hoja,2026-03-19,,,EN PATIO,,SIN NOVEDAD,Inferido desde inventario historico,False,False,7.0,,,PENDIENTE,CUMPLE
sin_plan_devolucion_vacio,2026-03-27,CXDU2042270,5700011108 P2 GG,RE-07749,MSC,TPG,MEDLOG,2026-03-15,2026-03-17,2026-03-20,2026-03-29,2026-03-27,,,,,directa_hoja,2026-03-20,,,EN PATIO,,SIN NOVEDAD,Inferido desde inventario historico,False,False,5.0,,,PENDIENTE,CUMPLE
sin_plan_devolucion_vacio,2026-03-27,CXRU1628450,8000239 P1 FSC GE,RE-04663,CMA CGM,TPG,BLASTI,2026-03-12,2026-03-16,2026-03-19,2026-04-01,,,,,,directa_hoja,2026-03-19,,,EN PATIO,,SIN NOVEDAD,Inferido desde inventario historico,False,False,7.0,,,SIN_PLAN,CUMPLE
sin_plan_devolucion_vacio,2026-03-27,FANU3529057,URG SPLIT 8000220 P2 FSC GE,RE-07265,HALO,TPG,TERCON,2026-03-16,2026-03-18,2026-03-23,2026-04-05,,,,,,directa_hoja,2026-03-23,,,EN PATIO,,SIN NOVEDAD,Inferido desde inventario historico,False,False,7.0,,,SIN_PLAN,CUMPLE
sin_plan_devolucion_vacio,2026-03-27,FBIU5082801,8000239 P1 FSC GE,RE-04663,CMA CGM,TPG,BLASTI,2026-03-12,2026-03-16,2026-03-19,2026-04-01,2026-03-28,,,,,directa_hoja,2026-03-19,,,EN PATIO,,SIN NOVEDAD,Inferido desde inventario historico,False,False,7.0,,,PENDIENTE,CUMPLE
sin_plan_devolucion_vacio,2026-03-27,FCIU7421948,5700011284 P1 P3 GE,RE-06848,MSC,TPG,MEDLOG,2026-03-15,2026-03-18,2026-03-21,2026-03-29,,,,,,directa_hoja,2026-03-21,,,EN PATIO,,SIN NOVEDAD,Inferido desde inventario historico,False,False,6.0,,,SIN_PLAN,CUMPLE
sin_plan_devolucion_vacio,2026-03-27,FFAU3894570,8000236 P4 FSC GE,RE-04220,MSC,NAPORTEC,MEDLOG,2026-03-20,2026-03-23,2026-03-26,2026-04-09,,,,,,directa_hoja,2026-03-26,,,EN PATIO,,SIN NOVEDAD,Inferido desde inventario historico,False,False,6.0,,,SIN_PLAN,CUMPLE
sin_plan_devolucion_vacio,2026-03-27,FSCU7112969,8000236 P1 FSC GE,RE-03395,MSC,NAPORTEC,MEDLOG,2026-03-20,2026-03-24,2026-03-25,2026-04-09,,,,,,directa_hoja,2026-03-25,,,EN PATIO,,SIN NOVEDAD,Inferido desde inventario historico,False,False,5.0,,,SIN_PLAN,CUMPLE
sin_plan_devolucion_vacio,2026-03-27,GESU9452515,8000239 P1 FSC GE,RE-04663,CMA CGM,TPG,BLASTI,2026-03-12,2026-03-16,2026-03-19,2026-04-01,,,,,,directa_hoja,2026-03-19,,,EN PATIO,,SIN NOVEDAD,Inferido desde inventario historico,False,False,7.0,,,SIN_PLAN,CUMPLE
sin_plan_devolucion_vacio,2026-03-27,HAMU1540501,URG SPLIT 8000220 P2 FSC GE,RE-07265,HALO,TPG,TERCON,2026-03-16,2026-03-18,2026-03-23,2026-04-05,,,,,,directa_hoja,2026-03-23,,,EN PATIO,,SIN NOVEDAD,Inferido desde inventario historico,False,False,7.0,,,SIN_PLAN,CUMPLE
sin_plan_devolucion_vacio,2026-03-27,HAMU2193876,URG SPLIT 8000220 P2 FSC GE,RE-07265,HALO,TPG,TERCON,2026-03-16,2026-03-18,2026-03-23,2026-04-05,,,,,,directa_hoja,2026-03-23,,,EN PATIO,,SIN NOVEDAD,Inferido desde inventario historico,False,False,7.0,,,SIN_PLAN,CUMPLE
sin_plan_devolucion_vacio,2026-03-27,HAMU2198970,URG SPLIT 8000220 P2 FSC GE,RE-07265,HALO,TPG,TERCON,2026-03-16,2026-03-18,2026-03-23,2026-04-05,,,,,,directa_hoja,2026-03-23,,,EN PATIO,,SIN NOVEDAD,Inferido desde inventario historico,False,False,7.0,,,SIN_PLAN,CUMPLE
sin_plan_devolucion_vacio,2026-03-27,HAMU2447008,URG SPLIT 8000220 P2 FSC GE,RE-07265,HALO,TPG,TERCON,2026-03-16,2026-03-18,2026-03-23,2026-04-05,,,,,,directa_hoja,2026-03-23,,,EN PATIO,,SIN NOVEDAD,Inferido desde inventario historico,False,False,7.0,,,SIN_PLAN,CUMPLE
sin_plan_devolucion_vacio,2026-03-27,HAMU2484932,URG SPLIT 8000220 P2 FSC GE,RE-07265,HALO,TPG,TERCON,2026-03-16,2026-03-18,2026-03-23,2026-04-05,,,,,,directa_hoja,2026-03-23,,,EN PATIO,,SIN NOVEDAD,Inferido desde inventario historico,False,False,7.0,,,SIN_PLAN,CUMPLE
sin_plan_devolucion_vacio,2026-03-27,HAMU2551650,URG SPLIT 8000220 P2 FSC GE,RE-07265,HALO,TPG,TERCON,2026-03-16,2026-03-18,2026-03-23,2026-04-05,,,,,,directa_hoja,2026-03-23,,,EN PATIO,,SIN NOVEDAD,Inferido desde inventario historico,False,False,7.0,,,SIN_PLAN,CUMPLE
sin_plan_devolucion_vacio,2026-03-27,HAMU2559820,URG SPLIT 8000220 P2 FSC GE,RE-07265,HALO,TPG,TERCON,2026-03-16,2026-03-18,2026-03-23,2026-04-05,,,,,,directa_hoja,2026-03-23,,,EN PATIO,,SIN NOVEDAD,Inferido desde inventario historico,False,False,7.0,,,SIN_PLAN,CUMPLE
sin_plan_devolucion_vacio,2026-03-27,HAMU3097671,URG SPLIT 8000220 P2 FSC GE,RE-07265,HALO,TPG,TERCON,2026-03-16,2026-03-18,2026-03-23,2026-04-05,,,,,,directa_hoja,2026-03-23,,,EN PATIO,,SIN NOVEDAD,Inferido desde inventario historico,False,False,7.0,,,SIN_PLAN,CUMPLE
sin_plan_devolucion_vacio,2026-03-27,HAMU3228513,URG SPLIT 8000220 P2 FSC GE,RE-07265,HALO,TPG,TERCON,2026-03-16,2026-03-18,2026-03-23,2026-04-05,,,,,,directa_hoja,2026-03-23,,,EN PATIO,,SIN NOVEDAD,Inferido desde inventario historico,False,False,7.0,,,SIN_PLAN,CUMPLE
sin_plan_devolucion_vacio,2026-03-27,HAMU3285827,URG SPLIT 8000220 P2 FSC GE,RE-07265,HALO,TPG,TERCON,2026-03-16,2026-03-18,2026-03-23,2026-04-05,,,,,,directa_hoja,2026-03-23,,,EN PATIO,,SIN NOVEDAD,Inferido desde inventario historico,False,False,7.0,,,SIN_PLAN,CUMPLE
sin_plan_devolucion_vacio,2026-03-27,HAMU3414056,URG SPLIT 8000220 P2 FSC GE,RE-07265,HALO,TPG,TERCON,2026-03-16,2026-03-18,2026-03-23,2026-04-05,,,,,,directa_hoja,2026-03-23,,,EN PATIO,,SIN NOVEDAD,Inferido desde inventario historico,False,False,7.0,,,SIN_PLAN,CUMPLE
sin_plan_devolucion_vacio,2026-03-27,HAMU3769689,URG SPLIT 8000220 P2 FSC GE,RE-07265,HALO,TPG,TERCON,2026-03-16,2026-03-18,2026-03-23,2026-04-05,,,,,,directa_hoja,2026-03-23,,,EN PATIO,,SIN NOVEDAD,Inferido desde inventario historico,False,False,7.0,,,SIN_PLAN,CUMPLE
sin_plan_devolucion_vacio,2026-03-27,HAMU3822206,URG SPLIT 8000220 P2 FSC GE,RE-07265,HALO,TPG,TERCON,2026-03-16,2026-03-18,2026-03-23,2026-04-05,,,,,,directa_hoja,2026-03-23,,,EN PATIO,,SIN NOVEDAD,Inferido desde inventario historico,False,False,7.0,,,SIN_PLAN,CUMPLE
sin_plan_devolucion_vacio,2026-03-27,HAMU3843019,URG SPLIT 8000220 P2 FSC GE,RE-07265,HALO,TPG,TERCON,2026-03-16,2026-03-18,2026-03-23,2026-04-05,,,,,,directa_hoja,2026-03-23,,,EN PATIO,,SIN NOVEDAD,Inferido desde inventario historico,False,False,7.0,,,SIN_PLAN,CUMPLE
sin_plan_devolucion_vacio,2026-03-27,HAMU4447096,URG SPLIT 8000220 P2 FSC GE,RE-07265,HALO,TPG,TERCON,2026-03-16,2026-03-18,2026-03-23,2026-04-05,,,,,,directa_hoja,2026-03-23,,,EN PATIO,,SIN NOVEDAD,Inferido desde inventario historico,False,False,7.0,,,SIN_PLAN,CUMPLE
sin_plan_devolucion_vacio,2026-03-27,HAMU5122290,URG SPLIT 8000220 P2 FSC GE,RE-07265,HALO,TPG,TERCON,2026-03-16,2026-03-18,2026-03-23,2026-04-05,,,,,,directa_hoja,2026-03-23,,,EN PATIO,,SIN NOVEDAD,Inferido desde inventario historico,False,False,7.0,,,SIN_PLAN,CUMPLE
sin_plan_devolucion_vacio,2026-03-27,MEDU7075920,8000236 P1 FSC GE,RE-03395,MSC,NAPORTEC,MEDLOG,2026-03-20,2026-03-24,2026-03-25,2026-04-09,,,,,,directa_hoja,2026-03-25,,,EN PATIO,,SIN NOVEDAD,Inferido desde inventario historico,False,False,5.0,,,SIN_PLAN,CUMPLE
sin_plan_devolucion_vacio,2026-03-27,MEDU7419239,8000236 P1 FSC GE,RE-03395,MSC,NAPORTEC,MEDLOG,2026-03-20,2026-03-24,2026-03-25,2026-04-09,,,,,,directa_hoja,2026-03-25,,,EN PATIO,,SIN NOVEDAD,Inferido desde inventario historico,False,False,5.0,,,SIN_PLAN,CUMPLE
sin_plan_devolucion_vacio,2026-03-27,MSBU5222810,8000236 P4 FSC GE,RE-04220,MSC,NAPORTEC,MEDLOG,2026-03-20,2026-03-23,2026-03-26,2026-04-09,,,,,,directa_hoja,2026-03-26,,,EN PATIO,,SIN NOVEDAD,Inferido desde inventario historico,False,False,6.0,,,SIN_PLAN,CUMPLE
sin_plan_devolucion_vacio,2026-03-27,MSBU5255115,5700011284 P1 P3 GE,RE-06848,MSC,TPG,MEDLOG,2026-03-15,2026-03-18,2026-03-21,2026-03-29,,,,,,directa_hoja,2026-03-21,,,EN PATIO,,SIN NOVEDAD,Inferido desde inventario historico,False,False,6.0,,,SIN_PLAN,CUMPLE
sin_plan_devolucion_vacio,2026-03-27,MSBU5560166,8000236 P4 FSC GE,RE-04220,MSC,NAPORTEC,MEDLOG,2026-03-20,2026-03-23,2026-03-26,2026-04-09,,,,,,directa_hoja,2026-03-26,,,EN PATIO,,SIN NOVEDAD,Inferido desde inventario historico,False,False,6.0,,,SIN_PLAN,CUMPLE
sin_plan_devolucion_vacio,2026-03-27,MSBU8125727,8000236 P1 FSC GE,RE-03395,MSC,NAPORTEC,MEDLOG,2026-03-20,2026-03-24,2026-03-25,2026-04-09,,,,,,directa_hoja,2026-03-25,,,EN PATIO,,SIN NOVEDAD,Inferido desde inventario historico,False,False,5.0,,,SIN_PLAN,CUMPLE
sin_plan_devolucion_vacio,2026-03-27,MSBU8277150,5700011108 P2 GG,RE-07749,MSC,TPG,MEDLOG,2026-03-15,2026-03-17,2026-03-20,2026-03-29,2026-03-27,,,,,directa_hoja,2026-03-20,,,EN PATIO,,SIN NOVEDAD,Inferido desde inventario historico,False,False,5.0,,,PENDIENTE,CUMPLE
sin_plan_devolucion_vacio,2026-03-27,MSCU5367757,8000236 P1 FSC GE,RE-03395,MSC,NAPORTEC,MEDLOG,2026-03-20,2026-03-24,2026-03-25,2026-04-09,,,,,,directa_hoja,2026-03-25,,,EN PATIO,,SIN NOVEDAD,Inferido desde inventario historico,False,False,5.0,,,SIN_PLAN,CUMPLE
sin_plan_devolucion_vacio,2026-03-27,MSDU5590872,8000236 P4 FSC GE,RE-04220,MSC,NAPORTEC,MEDLOG,2026-03-20,2026-03-23,2026-03-26,2026-04-09,,,,,,directa_hoja,2026-03-26,,,EN PATIO,,SIN NOVEDAD,Inferido desde inventario historico,False,False,6.0,,,SIN_PLAN,CUMPLE
sin_plan_devolucion_vacio,2026-03-27,MSDU5622455,8000236 P4 FSC GE,RE-04220,MSC,NAPORTEC,MEDLOG,2026-03-20,2026-03-23,2026-03-26,2026-04-09,,,,,,directa_hoja,2026-03-26,,,EN PATIO,,SIN NOVEDAD,Inferido desde inventario historico,False,False,6.0,,,SIN_PLAN,CUMPLE
sin_plan_devolucion_vacio,2026-03-27,MSDU5967117,8000236 P1 FSC GE,RE-03395,MSC,NAPORTEC,MEDLOG,2026-03-20,2026-03-24,2026-03-25,2026-04-09,,,,,,directa_hoja,2026-03-25,,,EN PATIO,,SIN NOVEDAD,Inferido desde inventario historico,False,False,5.0,,,SIN_PLAN,CUMPLE
sin_plan_devolucion_vacio,2026-03-27,MSDU6396162,5700011108 P2 GG,RE-07749,MSC,TPG,MEDLOG,2026-03-15,2026-03-17,2026-03-20,2026-03-29,2026-03-27,,,,,directa_hoja,2026-03-20,,,EN PATIO,,SIN NOVEDAD,Inferido desde inventario historico,False,False,5.0,,,PENDIENTE,CUMPLE
sin_plan_devolucion_vacio,2026-03-27,MSDU7429390,8000236 P1 FSC GE,RE-03395,MSC,NAPORTEC,MEDLOG,2026-03-20,2026-03-24,2026-03-25,2026-04-09,,,,,,directa_hoja,2026-03-25,,,EN PATIO,,SIN NOVEDAD,Inferido desde inventario historico,False,False,5.0,,,SIN_PLAN,CUMPLE
sin_plan_devolucion_vacio,2026-03-27,MSDU7995273,8000236 P1 FSC GE,RE-03395,MSC,NAPORTEC,MEDLOG,2026-03-20,2026-03-24,2026-03-25,2026-04-09,,,,,,directa_hoja,2026-03-25,,,EN PATIO,,SIN NOVEDAD,Inferido desde inventario historico,False,False,5.0,,,SIN_PLAN,CUMPLE
sin_plan_devolucion_vacio,2026-03-27,MSDU8613729,5700011284 P1 P3 GE,RE-06848,MSC,TPG,MEDLOG,2026-03-15,2026-03-18,2026-03-21,2026-03-29,,,,,,directa_hoja,2026-03-21,,,EN PATIO,,SIN NOVEDAD,Inferido desde inventario historico,False,False,6.0,,,SIN_PLAN,CUMPLE
sin_plan_devolucion_vacio,2026-03-27,MSDU8733370,5700011108 P2 GG,RE-07749,MSC,TPG,MEDLOG,2026-03-15,2026-03-17,2026-03-20,2026-03-29,2026-03-27,,,,,directa_hoja,2026-03-20,,,EN PATIO,,SIN NOVEDAD,Inferido desde inventario historico,False,False,5.0,,,PENDIENTE,CUMPLE
sin_plan_devolucion_vacio,2026-03-27,MSDU8762580,5700011108 P2 GG,RE-07749,MSC,TPG,MEDLOG,2026-03-15,2026-03-17,2026-03-20,2026-03-29,2026-03-27,,,,,directa_hoja,2026-03-20,,,EN PATIO,,SIN NOVEDAD,Inferido desde inventario historico,False,False,5.0,,,PENDIENTE,CUMPLE
sin_plan_devolucion_vacio,2026-03-27,MSDU8765613,5700011284 P1 P3 GE,RE-06848,MSC,TPG,MEDLOG,2026-03-15,2026-03-18,2026-03-21,2026-03-29,,,,,,directa_hoja,2026-03-21,,,EN PATIO,,SIN NOVEDAD,Inferido desde inventario historico,False,False,6.0,,,SIN_PLAN,CUMPLE
sin_plan_devolucion_vacio,2026-03-27,MSDU8803776,8000236 P4 FSC GE,RE-04220,MSC,NAPORTEC,MEDLOG,2026-03-20,2026-03-23,2026-03-26,2026-04-09,,,,,,directa_hoja,2026-03-26,,,EN PATIO,,SIN NOVEDAD,Inferido desde inventario historico,False,False,6.0,,,SIN_PLAN,CUMPLE
sin_plan_devolucion_vacio,2026-03-27,MSMU4429535,8000236 P1 FSC GE,RE-03395,MSC,NAPORTEC,MEDLOG,2026-03-20,2026-03-24,2026-03-25,2026-04-09,,,,,,directa_hoja,2026-03-25,,,EN PATIO,,SIN NOVEDAD,Inferido desde inventario historico,False,False,5.0,,,SIN_PLAN,CUMPLE
sin_plan_devolucion_vacio,2026-03-27,MSMU4608464,5700011108 P2 GG,RE-07749,MSC,TPG,MEDLOG,2026-03-15,2026-03-17,2026-03-20,2026-03-29,2026-03-27,,,,,directa_hoja,2026-03-20,,,EN PATIO,,SIN NOVEDAD,Inferido desde inventario historico,False,False,5.0,,,PENDIENTE,CUMPLE
sin_plan_devolucion_vacio,2026-03-27,MSMU4963875,8000236 P4 FSC GE,RE-04220,MSC,NAPORTEC,MEDLOG,2026-03-20,2026-03-23,2026-03-26,2026-04-09,,,,,,directa_hoja,2026-03-26,,,EN PATIO,,SIN NOVEDAD,Inferido desde inventario historico,False,False,6.0,,,SIN_PLAN,CUMPLE
sin_plan_devolucion_vacio,2026-03-27,MSMU5403896,5700011284 P1 P3 GE,RE-06848,MSC,TPG,MEDLOG,2026-03-15,2026-03-18,2026-03-21,2026-03-29,,,,,,directa_hoja,2026-03-21,,,EN PATIO,,SIN NOVEDAD,Inferido desde inventario historico,False,False,6.0,,,SIN_PLAN,CUMPLE
sin_plan_devolucion_vacio,2026-03-27,MSMU5483295,5700011284 P1 P3 GE,RE-06848,MSC,TPG,MEDLOG,2026-03-15,2026-03-18,2026-03-21,2026-03-29,,,,,,directa_hoja,2026-03-21,,,EN PATIO,,SIN NOVEDAD,Inferido desde inventario historico,False,False,6.0,,,SIN_PLAN,CUMPLE
sin_plan_devolucion_vacio,2026-03-27,MSMU5840601,8000236 P4 FSC GE,RE-04220,MSC,NAPORTEC,MEDLOG,2026-03-20,2026-03-23,2026-03-26,2026-04-09,,,,,,directa_hoja,2026-03-26,,,EN PATIO,,SIN NOVEDAD,Inferido desde inventario historico,False,False,6.0,,,SIN_PLAN,CUMPLE
sin_plan_devolucion_vacio,2026-03-27,MSMU6569897,8000236 P1 FSC GE,RE-03395,MSC,NAPORTEC,MEDLOG,2026-03-20,2026-03-24,2026-03-25,2026-04-09,,,,,,directa_hoja,2026-03-25,,,EN PATIO,,SIN NOVEDAD,Inferido desde inventario historico,False,False,5.0,,,SIN_PLAN,CUMPLE
sin_plan_devolucion_vacio,2026-03-27,MSMU6730297,8000236 P4 FSC GE,RE-04220,MSC,NAPORTEC,MEDLOG,2026-03-20,2026-03-23,2026-03-26,2026-04-09,,,,,,directa_hoja,2026-03-26,,,EN PATIO,,SIN NOVEDAD,Inferido desde inventario historico,False,False,6.0,,,SIN_PLAN,CUMPLE
sin_plan_devolucion_vacio,2026-03-27,MSMU7695204,5700011284 P1 P3 GE,RE-06848,MSC,TPG,MEDLOG,2026-03-15,2026-03-18,2026-03-21,2026-03-29,,,,,,directa_hoja,2026-03-21,,,EN PATIO,,SIN NOVEDAD,Inferido desde inventario historico,False,False,6.0,,,SIN_PLAN,CUMPLE
sin_plan_devolucion_vacio,2026-03-27,MSMU7710422,5700011108 P2 GG,RE-07749,MSC,TPG,MEDLOG,2026-03-15,2026-03-17,2026-03-20,2026-03-29,2026-03-27,,,,,directa_hoja,2026-03-20,,,EN PATIO,,SIN NOVEDAD,Inferido desde inventario historico,False,False,5.0,,,PENDIENTE,CUMPLE
sin_plan_devolucion_vacio,2026-03-27,MSMU7799488,5700011108 P2 GG,RE-07749,MSC,TPG,MEDLOG,2026-03-15,2026-03-17,2026-03-20,2026-03-29,2026-03-27,,,,,directa_hoja,2026-03-20,,,EN PATIO,,SIN NOVEDAD,Inferido desde inventario historico,False,False,5.0,,,PENDIENTE,CUMPLE
sin_plan_devolucion_vacio,2026-03-27,MSMU8187661,5700011108 P2 GG,RE-07749,MSC,TPG,MEDLOG,2026-03-15,2026-03-17,2026-03-20,2026-03-29,2026-03-27,,,,,directa_hoja,2026-03-20,,,EN PATIO,,SIN NOVEDAD,Inferido desde inventario historico,False,False,5.0,,,PENDIENTE,CUMPLE
sin_plan_devolucion_vacio,2026-03-27,MSMU8647788,8000236 P4 FSC GE,RE-04220,MSC,NAPORTEC,MEDLOG,2026-03-20,2026-03-23,2026-03-26,2026-04-09,,,,,,directa_hoja,2026-03-26,,,EN PATIO,,SIN NOVEDAD,Inferido desde inventario historico,False,False,6.0,,,SIN_PLAN,CUMPLE
sin_plan_devolucion_vacio,2026-03-27,MSMU8912578,8000236 P4 FSC GE,RE-04220,MSC,NAPORTEC,MEDLOG,2026-03-20,2026-03-23,2026-03-26,2026-04-09,,,,,,directa_hoja,2026-03-26,,,EN PATIO,,SIN NOVEDAD,Inferido desde inventario historico,False,False,6.0,,,SIN_PLAN,CUMPLE
sin_plan_devolucion_vacio,2026-03-27,MSNU5139180,8000236 P4 FSC GE,RE-04220,MSC,NAPORTEC,MEDLOG,2026-03-20,2026-03-23,2026-03-26,2026-04-09,,,,,,directa_hoja,2026-03-26,,,EN PATIO,,SIN NOVEDAD,Inferido desde inventario historico,False,False,6.0,,,SIN_PLAN,CUMPLE
sin_plan_devolucion_vacio,2026-03-27,MSNU5140746,5700011108 P2 GG,RE-07749,MSC,TPG,MEDLOG,2026-03-15,2026-03-17,2026-03-20,2026-03-29,2026-03-27,,,,,directa_hoja,2026-03-20,,,EN PATIO,,SIN NOVEDAD,Inferido desde inventario historico,False,False,5.0,,,PENDIENTE,CUMPLE
sin_plan_devolucion_vacio,2026-03-27,MSNU5216374,8000236 P1 FSC GE,RE-03395,MSC,NAPORTEC,MEDLOG,2026-03-20,2026-03-24,2026-03-25,2026-04-09,,,,,,directa_hoja,2026-03-25,,,EN PATIO,,SIN NOVEDAD,Inferido desde inventario historico,False,False,5.0,,,SIN_PLAN,CUMPLE
sin_plan_devolucion_vacio,2026-03-27,MSNU5672081,8000236 P1 FSC GE,RE-03395,MSC,NAPORTEC,MEDLOG,2026-03-20,2026-03-24,2026-03-25,2026-04-09,,,,,,directa_hoja,2026-03-25,,,EN PATIO,,SIN NOVEDAD,Inferido desde inventario historico,False,False,5.0,,,SIN_PLAN,CUMPLE
sin_plan_devolucion_vacio,2026-03-27,MSNU5843116,8000236 P4 FSC GE,RE-04220,MSC,NAPORTEC,MEDLOG,2026-03-20,2026-03-23,2026-03-26,2026-04-09,,,,,,directa_hoja,2026-03-26,,,EN PATIO,,SIN NOVEDAD,Inferido desde inventario historico,False,False,6.0,,,SIN_PLAN,CUMPLE
sin_plan_devolucion_vacio,2026-03-27,MSNU6083044,5700011284 P1 P3 GE,RE-06848,MSC,TPG,MEDLOG,2026-03-15,2026-03-18,2026-03-21,2026-03-29,,,,,,directa_hoja,2026-03-21,,,EN PATIO,,SIN NOVEDAD,Inferido desde inventario historico,False,False,6.0,,,SIN_PLAN,CUMPLE
sin_plan_devolucion_vacio,2026-03-27,MSNU6764686,8000236 P1 FSC GE,RE-03395,MSC,NAPORTEC,MEDLOG,2026-03-20,2026-03-24,2026-03-25,2026-04-09,,,,,,directa_hoja,2026-03-25,,,EN PATIO,,SIN NOVEDAD,Inferido desde inventario historico,False,False,5.0,,,SIN_PLAN,CUMPLE
sin_plan_devolucion_vacio,2026-03-27,MSNU7832785,5700011108 P2 GG,RE-07749,MSC,TPG,MEDLOG,2026-03-15,2026-03-17,2026-03-20,2026-03-29,2026-03-27,,,,,directa_hoja,2026-03-20,,,EN PATIO,,SIN NOVEDAD,Inferido desde inventario historico,False,False,5.0,,,PENDIENTE,CUMPLE
sin_plan_devolucion_vacio,2026-03-27,MSNU8498482,8000236 P4 FSC GE,RE-04220,MSC,NAPORTEC,MEDLOG,2026-03-20,2026-03-23,2026-03-26,2026-04-09,,,,,,directa_hoja,2026-03-26,,,EN PATIO,,SIN NOVEDAD,Inferido desde inventario historico,False,False,6.0,,,SIN_PLAN,CUMPLE
sin_plan_devolucion_vacio,2026-03-27,MSNU8499848,8000236 P1 FSC GE,RE-03395,MSC,NAPORTEC,MEDLOG,2026-03-20,2026-03-24,2026-03-25,2026-04-09,,,,,,directa_hoja,2026-03-25,,,EN PATIO,,SIN NOVEDAD,Inferido desde inventario historico,False,False,5.0,,,SIN_PLAN,CUMPLE
sin_plan_devolucion_vacio,2026-03-27,MSNU9712686,5700011108 P2 GG,RE-07749,MSC,TPG,MEDLOG,2026-03-15,2026-03-17,2026-03-20,2026-03-29,2026-03-27,,,,,directa_hoja,2026-03-20,,,EN PATIO,,SIN NOVEDAD,Inferido desde inventario historico,False,False,5.0,,,PENDIENTE,CUMPLE
sin_plan_devolucion_vacio,2026-03-27,SEGU9409391,8000239 P1 FSC GE,RE-04663,CMA CGM,TPG,BLASTI,2026-03-12,2026-03-16,2026-03-19,2026-04-01,2026-03-28,,,,,directa_hoja,2026-03-19,,,EN PATIO,,SIN NOVEDAD,Inferido desde inventario historico,False,False,7.0,,,PENDIENTE,CUMPLE
sin_plan_devolucion_vacio,2026-03-27,SEGU9425643,8000239 P1 FSC GE,RE-04663,CMA CGM,TPG,BLASTI,2026-03-12,2026-03-16,2026-03-19,2026-04-01,2026-03-28,,,,,directa_hoja,2026-03-19,,,EN PATIO,,SIN NOVEDAD,Inferido desde inventario historico,False,False,7.0,,,PENDIENTE,CUMPLE
sin_plan_devolucion_vacio,2026-03-27,SEKU4088694,8000236 P1 FSC GE,RE-03395,MSC,NAPORTEC,MEDLOG,2026-03-20,2026-03-24,2026-03-25,2026-04-09,,,,,,directa_hoja,2026-03-25,,,EN PATIO,,SIN NOVEDAD,Inferido desde inventario historico,False,False,5.0,,,SIN_PLAN,CUMPLE
sin_plan_devolucion_vacio,2026-03-27,SEKU9248516,8000239 P1 FSC GE,RE-04663,CMA CGM,TPG,BLASTI,2026-03-12,2026-03-16,2026-03-19,2026-04-01,,,,,,directa_hoja,2026-03-19,,,EN PATIO,,SIN NOVEDAD,Inferido desde inventario historico,False,False,7.0,,,SIN_PLAN,CUMPLE
sin_plan_devolucion_vacio,2026-03-27,SZLU9663840,8000239 P1 FSC GE,RE-04663,CMA CGM,TPG,BLASTI,2026-03-12,2026-03-16,2026-03-20,2026-04-01,2026-03-28,,,,,directa_hoja,2026-03-20,,,EN PATIO,,SIN NOVEDAD,Inferido desde inventario historico,False,False,8.0,,,PENDIENTE,CUMPLE
sin_plan_devolucion_vacio,2026-03-27,SZLU9866540,8000239 P1 FSC GE,RE-04663,CMA CGM,TPG,BLASTI,2026-03-12,2026-03-16,2026-03-20,2026-04-01,2026-03-28,,,,,directa_hoja,2026-03-20,,,EN PATIO,,SIN NOVEDAD,Inferido desde inventario historico,False,False,8.0,,,PENDIENTE,CUMPLE
sin_plan_devolucion_vacio,2026-03-27,SZLU9916403,8000239 P1 FSC GE,RE-04663,CMA CGM,TPG,BLASTI,2026-03-12,2026-03-16,2026-03-19,2026-04-01,2026-03-28,CAMPO CHINO,,,,directa_hoja,2026-03-19,,,EN GRUPASA,,SIN NOVEDAD,Inferido desde inventario historico,False,False,7.0,1.0,,CUMPLE,CUMPLE
sin_plan_devolucion_vacio,2026-03-27,TCKU6524496,8000256 P1 FSC GE,RE-05271,MAERKS,TPG,OPACIFIC,2026-03-16,2026-03-18,2026-03-20,2026-04-04,,,,,,directa_hoja,2026-03-20,,,EN PATIO,,SIN NOVEDAD,Inferido desde inventario historico,False,False,4.0,,,SIN_PLAN,CUMPLE
sin_plan_devolucion_vacio,2026-03-27,TCLU1242558,8000239 P1 FSC GE,RE-04663,CMA CGM,TPG,BLASTI,2026-03-12,2026-03-16,2026-03-19,2026-04-01,2026-03-28,,,,,directa_hoja,2026-03-19,,,EN PATIO,,SIN NOVEDAD,Inferido desde inventario historico,False,False,7.0,,,PENDIENTE,CUMPLE
sin_plan_devolucion_vacio,2026-03-27,TCNU1420404,5700011284 P1 P3 GE,RE-06848,MSC,TPG,MEDLOG,2026-03-15,2026-03-18,2026-03-21,2026-03-29,,,,,,directa_hoja,2026-03-21,,,EN PATIO,,SIN NOVEDAD,Inferido desde inventario historico,False,False,6.0,,,SIN_PLAN,CUMPLE
sin_plan_devolucion_vacio,2026-03-27,TEMU7964030,5700011108 P2 GG,RE-07749,MSC,TPG,MEDLOG,2026-03-15,2026-03-17,2026-03-20,2026-03-29,2026-03-27,,,,,directa_hoja,2026-03-20,,,EN PATIO,,SIN NOVEDAD,Inferido desde inventario historico,False,False,5.0,,,PENDIENTE,CUMPLE
sin_plan_devolucion_vacio,2026-03-27,TEMU9109111,8000239 P1 FSC GE,RE-04663,CMA CGM,TPG,BLASTI,2026-03-12,2026-03-16,2026-03-19,2026-04-01,2026-03-28,,,,,directa_hoja,2026-03-19,,,EN PATIO,,SIN NOVEDAD,Inferido desde inventario historico,False,False,7.0,,,PENDIENTE,CUMPLE
sin_plan_devolucion_vacio,2026-03-27,TEMU9268685,8000239 P1 FSC GE,RE-04663,CMA CGM,TPG,BLASTI,2026-03-12,2026-03-16,2026-03-19,2026-04-01,2026-03-28,,,,,directa_hoja,2026-03-19,,,EN PATIO,,SIN NOVEDAD,Inferido desde inventario historico,False,False,7.0,,,PENDIENTE,CUMPLE
sin_plan_devolucion_vacio,2026-03-27,TGBU7170977,8000236 P1 FSC GE,RE-03395,MSC,NAPORTEC,MEDLOG,2026-03-20,2026-03-24,2026-03-25,2026-04-09,,,,,,directa_hoja,2026-03-25,,,EN PATIO,,SIN NOVEDAD,Inferido desde inventario historico,False,False,5.0,,,SIN_PLAN,CUMPLE
sin_plan_devolucion_vacio,2026-03-27,TGBU7989738,5700011284 P1 P3 GE,RE-06848,MSC,TPG,MEDLOG,2026-03-15,2026-03-18,2026-03-21,2026-03-29,,,,,,directa_hoja,2026-03-21,,,EN PATIO,,SIN NOVEDAD,Inferido desde inventario historico,False,False,6.0,,,SIN_PLAN,CUMPLE
sin_plan_devolucion_vacio,2026-03-27,TGHU6147188,8000236 P1 FSC GE,RE-03395,MSC,NAPORTEC,MEDLOG,2026-03-20,2026-03-24,2026-03-25,2026-04-09,,,,,,directa_hoja,2026-03-25,,,EN PATIO,,SIN NOVEDAD,Inferido desde inventario historico,False,False,5.0,,,SIN_PLAN,CUMPLE
sin_plan_devolucion_vacio,2026-03-27,TIIU5095718,8000236 P4 FSC GE,RE-04220,MSC,NAPORTEC,MEDLOG,2026-03-20,2026-03-23,2026-03-26,2026-04-09,,,,,,directa_hoja,2026-03-26,,,EN PATIO,,SIN NOVEDAD,Inferido desde inventario historico,False,False,6.0,,,SIN_PLAN,CUMPLE
sin_plan_devolucion_vacio,2026-03-27,TIIU5983724,8000236 P1 FSC GE,RE-03395,MSC,NAPORTEC,MEDLOG,2026-03-20,2026-03-24,2026-03-25,2026-04-09,,,,,,directa_hoja,2026-03-25,,,EN PATIO,,SIN NOVEDAD,Inferido desde inventario historico,False,False,5.0,,,SIN_PLAN,CUMPLE
sin_plan_devolucion_vacio,2026-03-27,TLLU5120366,5700011284 P1 P3 GE,RE-06848,MSC,TPG,MEDLOG,2026-03-15,2026-03-18,2026-03-21,2026-03-29,,,,,,directa_hoja,2026-03-21,,,EN PATIO,,SIN NOVEDAD,Inferido desde inventario historico,False,False,6.0,,,SIN_PLAN,CUMPLE
sin_plan_devolucion_vacio,2026-03-27,TRHU6012501,8000239 P1 FSC GE,RE-04663,CMA CGM,TPG,BLASTI,2026-03-12,2026-03-16,2026-03-19,2026-04-01,2026-03-28,,,,,directa_hoja,2026-03-19,,,EN PATIO,,SIN NOVEDAD,Inferido desde inventario historico,False,False,7.0,,,PENDIENTE,CUMPLE
sin_plan_devolucion_vacio,2026-03-27,TRHU6380226,5700011108 P2 GG,RE-07749,MSC,TPG,MEDLOG,2026-03-15,2026-03-17,2026-03-20,2026-03-29,2026-03-27,,,,,directa_hoja,2026-03-20,,,EN PATIO,,SIN NOVEDAD,Inferido desde inventario historico,False,False,5.0,,,PENDIENTE,CUMPLE
sin_plan_devolucion_vacio,2026-03-27,TRHU7222415,5700011284 P1 P3 GE,RE-06848,MSC,TPG,MEDLOG,2026-03-15,2026-03-18,2026-03-21,2026-03-29,,,,,,directa_hoja,2026-03-21,,,EN PATIO,,SIN NOVEDAD,Inferido desde inventario historico,False,False,6.0,,,SIN_PLAN,CUMPLE
sin_plan_devolucion_vacio,2026-03-27,TRHU7765979,8000236 P4 FSC GE,RE-04220,MSC,NAPORTEC,MEDLOG,2026-03-20,2026-03-23,2026-03-26,2026-04-09,,,,,,directa_hoja,2026-03-26,,,EN PATIO,,SIN NOVEDAD,Inferido desde inventario historico,False,False,6.0,,,SIN_PLAN,CUMPLE
sin_plan_devolucion_vacio,2026-03-27,TRIU8767814,8000239 P1 FSC GE,RE-04663,CMA CGM,TPG,BLASTI,2026-03-12,2026-03-16,2026-03-19,2026-04-01,2026-03-28,,,,,directa_hoja,2026-03-19,,,EN PATIO,,SIN NOVEDAD,Inferido desde inventario historico,False,False,7.0,,,PENDIENTE,CUMPLE
sin_plan_devolucion_vacio,2026-03-27,TTNU8467432,8000239 P1 FSC GE,RE-04663,CMA CGM,TPG,BLASTI,2026-03-12,2026-03-16,2026-03-19,2026-04-01,2026-03-28,,,,,directa_hoja,2026-03-19,,,EN PATIO,,SIN NOVEDAD,Inferido desde inventario historico,False,False,7.0,,,PENDIENTE,CUMPLE
sin_plan_devolucion_vacio,2026-03-27,TTNU8659142,8000239 P1 FSC GE,RE-04663,CMA CGM,TPG,BLASTI,2026-03-12,2026-03-16,2026-03-19,2026-04-01,2026-03-28,CAMPO CHINO,,,,directa_hoja,2026-03-19,,,EN GRUPASA,,SIN NOVEDAD,Inferido desde inventario historico,False,False,7.0,1.0,,CUMPLE,CUMPLE
sin_plan_devolucion_vacio,2026-03-27,TTNU8958800,8000239 P1 FSC GE,RE-04663,CMA CGM,TPG,BLASTI,2026-03-12,2026-03-16,2026-03-19,2026-04-01,,,,,,directa_hoja,2026-03-19,,,EN PATIO,,SIN NOVEDAD,Inferido desde inventario historico,False,False,7.0,,,SIN_PLAN,CUMPLE
sin_plan_devolucion_vacio,2026-03-27,TXGU6784593,8000236 P4 FSC GE,RE-04220,MSC,NAPORTEC,MEDLOG,2026-03-20,2026-03-23,2026-03-26,2026-04-09,,,,,,directa_hoja,2026-03-26,,,EN PATIO,,SIN NOVEDAD,Inferido desde inventario historico,False,False,6.0,,,SIN_PLAN,CUMPLE
sin_plan_devolucion_vacio,2026-03-27,TXGU7261745,8000236 P4 FSC GE,RE-04220,MSC,NAPORTEC,MEDLOG,2026-03-20,2026-03-23,2026-03-26,2026-04-09,,,,,,directa_hoja,2026-03-26,,,EN PATIO,,SIN NOVEDAD,Inferido desde inventario historico,False,False,6.0,,,SIN_PLAN,CUMPLE
sin_plan_devolucion_vacio,2026-03-27,TXGU8901030,8000236 P1 FSC GE,RE-03395,MSC,NAPORTEC,MEDLOG,2026-03-20,2026-03-24,2026-03-25,2026-04-09,,,,,,directa_hoja,2026-03-25,,,EN PATIO,,SIN NOVEDAD,Inferido desde inventario historico,False,False,5.0,,,SIN_PLAN,CUMPLE
sin_plan_devolucion_vacio,2026-03-27,UETU6136275,8000236 P4 FSC GE,RE-04220,MSC,NAPORTEC,MEDLOG,2026-03-20,2026-03-23,2026-03-26,2026-04-09,,,,,,directa_hoja,2026-03-26,,,EN PATIO,,SIN NOVEDAD,Inferido desde inventario historico,False,False,6.0,,,SIN_PLAN,CUMPLE
sin_plan_devolucion_vacio,2026-03-27,UETU6591598,5700011108 P2 GG,RE-07749,MSC,TPG,MEDLOG,2026-03-15,2026-03-17,2026-03-20,2026-03-29,2026-03-27,,,,,directa_hoja,2026-03-20,,,EN PATIO,,SIN NOVEDAD,Inferido desde inventario historico,False,False,5.0,,,PENDIENTE,CUMPLE
sin_plan_devolucion_vacio,2026-03-27,UETU6854544,URG SPLIT 8000220 P2 FSC GE,RE-07265,HALO,TPG,TERCON,2026-03-16,2026-03-18,2026-03-23,2026-04-05,,,,,,directa_hoja,2026-03-23,,,EN PATIO,,SIN NOVEDAD,Inferido desde inventario historico,False,False,7.0,,,SIN_PLAN,CUMPLE
sin_plan_devolucion_vacio,2026-03-27,UETU7674146,5700011284 P1 P3 GE,RE-06848,MSC,TPG,MEDLOG,2026-03-15,2026-03-18,2026-03-21,2026-03-29,,,,,,directa_hoja,2026-03-21,,,EN PATIO,,SIN NOVEDAD,Inferido desde inventario historico,False,False,6.0,,,SIN_PLAN,CUMPLE
