contenedor_key,contenedor_id,pedido,parcial,naviera,puerto,deposito_vacio
1,AMCU9321405,,,,,
2,AMCU9327044,8000239 P1 FSC GE,RE-04663,CMA CGM,TPG,BLASTI
3,APRU6140475,8000239 P1 FSC GE,RE-04663,CMA CGM,TPG,BLASTI
4,BEAU4546384,,,,,
5,BEAU4549070,8000271 P1 FSC GE,RE-05719,HALO,TPG,TPG
6,BEAU5823631,,,,,
7,BEAU5937341,8000236 P4 FSC GE,RE-04220,MSC,NAPORTEC,MEDLOG
8,BEAU6304667,,,,,
9,BMOU4521668,,,,,
10,BMOU4603719,8000236 P1 FSC GE,RE-03395,MSC,NAPORTEC,MEDLOG
11,BMOU4974448,,,,,
12,BMOU5503951,8000215 P1 FSC GG,RE-54392,MSC,TPG,MEDLOG
13,BMOU5934326,,,,,
14,BMOU5969180,8000215 P2 FSC GE,RE-06205,MSC,NAPORTEC,MEDLOG
15,BMOU6570044,,,,,
16,BMOU6684896,,,,,
17,BMOU6690585,,,,,
18,BMOU6787981,,,,,
19,BMOU6903401,5700011067 P5 - 8000203 P2 - 212 P5 - 8000242 P4 F,RE-05174,MSC,TPG,MEDLOG
20,BMOU6940555,,,,,
21,BMOU6954733,5700011067 P5 - 8000203 P2 - 212 P5 - 8000242 P4 F,RE-05174,MSC,TPG,MEDLOG
22,BMOU9624524,,,,,
23,BMOU9628406,8000239 P1 FSC GE,RE-04663,CMA CGM,TPG,BLASTI
24,BMOU9897679,,,,,
25,BSIU8298964,8000271 P1 FSC GE,RE-05719,HALO,TPG,TPG
26,BSIU9594765,,,,,
27,CAAU4558670,8000229 P1 FSC GE,RE-06198,MSC,NAPORTEC,MEDLOG
28,CAAU4583733,8000229 P1 FSC GE,RE-06198,MSC,NAPORTEC,MEDLOG
29,CAAU4720477,,,,,
30,CAAU4722989,8000261 P1 P2 P3 P4 P5 FSC GG,RE-06142,MAERKS,TPG,OPACIFIC
31,CAAU4726135,,,,,
32,CAAU4895135,,,,,
33,CAAU5002849,,,,,
34,CAAU5081107,,,,,
35,CAAU5114638,,,,,
36,CAAU5369840,,,,,
37,CAAU5528160,5700011067 P5 - 8000203 P2 - 212 P5 - 8000242 P4 F,RE-05174,MSC,TPG,MEDLOG
38,CAAU5658204,5700011108 P2 GG,RE-07749,MSC,TPG,MEDLOG
39,CAAU5814267,,,,,
40,CAAU6508889,,,,,
41,CAAU6849226,,,,,
42,CAAU7081791,8000261 P1 P2 P3 P4 P5 FSC GG,RE-06142,MAERKS,TPG,OPACIFIC
43,CAAU7121805,,,,,
44,CAAU7121940,,,,,
45,CAAU7177532,,,,,
46,CAAU7323088,,,,,
47,CAAU7331273,,,,,
48,CAAU7340362,,,,,
49,CAAU7357067,8000229 P1 FSC GE,RE-06198,MSC,NAPORTEC,MEDLOG
50,CAAU7503310,,,,,
51,CAAU7523717,8000215 P1 FSC GG,RE-54392,MSC,TPG,MEDLOG
52,CAAU7529206,8000218 P1 FSC GE,RE-54910,MSC,NAPORTEC,MEDLOG
53,CAAU7534352,5700011108 P2 GG,RE-07749,MSC,TPG,MEDLOG
54,CAAU7590865,,,,,
55,CAAU7849621,,,,,
56,CAAU7887658,,,,,
57,CAAU8098422,,,,,
58,CAAU8149068,5700011108 P2 GG,RE-07749,MSC,TPG,MEDLOG
59,CAAU8177239,,,,,
60,CAAU8182852,,,,,
61,CAAU8210851,8000198 P5 FSC GE,RE-03838,HALO,TPG,TERCON
62,CAAU8616394,,,,,
63,CAAU8629792,,,,,
64,CAAU8932577,,,,,
65,CAAU8970767,,,,,
66,CAAU9029771,,,,,
67,CAAU9168988,8000261 P1 P2 P3 P4 P5 FSC GG,RE-06142,MAERKS,TPG,OPACIFIC
68,CAAU9198869,,,,,
69,CAAU9267050,,,,,
70,CAAU9342359,,,,,
71,CAAU9359454,,,,,
72,CAAU9493102,8000214 P2 FSC GG,RE-54128,MSC,NAPORTEC,MEDLOG
73,CAAU9859906,,,,,
74,CAIU4299756,,,,,
75,CAIU4612789,,,,,
76,CAIU4635486,,,,,
77,CAIU4687052,8000218 P1 FSC GE,RE-54910,MSC,NAPORTEC,MEDLOG
78,CAIU4773232,5700011067 P5 - 8000203 P2 - 212 P5 - 8000242 P4 F,RE-05174,MSC,TPG,MEDLOG
79,CAIU4863399,8000236 P1 FSC GE,RE-03395,MSC,NAPORTEC,MEDLOG
80,CAIU4872338,,,,,
81,CAIU4874222,,,,,
82,CAIU5533663,,,,,
83,CAIU7025595,,,,,
84,CAIU7038062,5700011108 P2 GG,RE-07749,MSC,TPG,MEDLOG
85,CAIU7354970,,,,,
86,CAIU7355473,5700011067 P5 - 8000203 P2 - 212 P5 - 8000242 P4 F,RE-05174,MSC,TPG,MEDLOG
87,CAIU7356150,,,,,
88,CAIU7551753,,,,,
89,CAIU7555614,8000236 P1 FSC GE,RE-03395,MSC,NAPORTEC,MEDLOG
90,CAIU7583072,,,,,
91,CAIU7624567,,,,,
92,CAIU7754766,,,,,
93,CAIU7820889,,,,,
94,CAIU8711732,5700011067 P5 - 8000203 P2 - 212 P5 - 8000242 P4 F,RE-05174,MSC,TPG,MEDLOG
95,CAIU8771243,,,,,
96,CAIU8841314,,,,,
97,CAIU9800686,,,,,
98,CAIU9852735,,,,,
99,CAIU9874185,,,,,
100,CAJU5005335,,,,,
101,CAJU5029677,,,,,
102,CARU5249735,,,,,
103,CARU9966689,,,,,
104,CGMU5078107,,,,,
105,CGMU5081266,,,,,
106,CGMU5083037,,,,,
107,CGMU5083124,,,,,
108,CGMU5094767,8000239 P1 FSC GE,RE-04663,CMA CGM,TPG,BLASTI
109,CGMU5105563,,,,,
110,CGMU5107910,,,,,
111,CGMU5151213,,,,,
112,CGMU5245225,,,,,
113,CGMU5270700,8000239 P1 FSC GE,RE-04663,CMA CGM,TPG,BLASTI
114,CGMU5303189,,,,,
115,CGMU5330034,,,,,
116,CGMU5356825,8000239 P1 FSC GE,RE-04663,CMA CGM,TPG,BLASTI
117,CGMU5358469,,,,,
118,CGMU5391873,,,,,
119,CGMU5415759,8000239 P1 FSC GE,RE-04663,CMA CGM,TPG,BLASTI
120,CGMU5556211,,,,,
121,CGMU5622144,,,,,
122,CGMU5662867,,,,,
123,CGMU5667175,,,,,
124,CGMU5765464,,,,,
125,CGMU5786209,8000239 P1 FSC GE,RE-04663,CMA CGM,TPG,BLASTI
126,CGMU6534480,,,,,
127,CGMU6568916,8000239 P1 FSC GE,RE-04663,CMA CGM,TPG,BLASTI
128,CGMU6584516,8000239 P1 FSC GE,RE-04663,CMA CGM,TPG,BLASTI
129,CGMU6592234,,,,,
130,CGMU6593760,8000239 P1 FSC GE,RE-04663,CMA CGM,TPG,BLASTI
131,CGMU6921345,,,,,
132,CGMU6928062,,,,,
133,CGMU6951695,,,,,
134,CGMU6988647,,,,,
135,CGMU7027752,8000239 P1 FSC GE,RE-04663,CMA CGM,TPG,BLASTI
136,CGMU7032506,,,,,
137,CGMU8002851,8000239 P1 FSC GE,RE-04663,CMA CGM,TPG,BLASTI
138,CGMU8004345,,,,,
139,CGMU8020270,,,,,
140,CGMU8031124,,,,,
141,CGMU9313251,8000239 P1 FSC GE,RE-04663,CMA CGM,TPG,BLASTI
142,CGMU9369570,,,,,
143,CGMU9406652,,,,,
144,CMAU3563759,,,,,
145,CMAU3710551,,,,,
146,CMAU3748027,,,,,
147,CMAU4584165,8000235 P1 FSC GE,RE-54923,CMA CGM,TPG,BLASTI
148,CMAU4719888,8000235 P1 FSC GE,RE-54923,CMA CGM,TPG,BLASTI
149,CMAU6466032,8000239 P1 FSC GE,RE-04663,CMA CGM,TPG,BLASTI
150,CMAU6534630,,,,,
151,CMAU7678490,8000239 P1 FSC GE,RE-04663,CMA CGM,TPG,BLASTI
152,CMAU9344830,,,,,
153,CMAU9446976,,,,,
154,CRSU9103768,,,,,
155,CXDU2042270,5700011108 P2 GG,RE-07749,MSC,TPG,MEDLOG
156,CXDU2126540,,,,,
157,CXDU2149308,5700011067 P5 - 8000203 P2 - 212 P5 - 8000242 P4 F,RE-05174,MSC,TPG,MEDLOG
158,CXDU2159311,,,,,
159,CXRU1038789,,,,,
160,CXRU1383770,,,,,
161,CXRU1606370,,,,,
162,CXRU1628450,8000239 P1 FSC GE,RE-04663,CMA CGM,TPG,BLASTI
163,DFSU6595086,8000215 P1 FSC GG,RE-54392,MSC,TPG,MEDLOG
164,DFSU7418866,8000271 P1 FSC GE,RE-05719,HALO,TPG,TPG
165,DFSU7790298,5700011067 P5 - 8000203 P2 - 212 P5 - 8000242 P4 F,RE-05174,MSC,TPG,MEDLOG
166,DRYU9385816,5700011067 P5 - 8000203 P2 - 212 P5 - 8000242 P4 F,RE-05174,MSC,TPG,MEDLOG
167,DRYU9712729,8000215 P1 FSC GG,RE-54392,MSC,TPG,MEDLOG
168,ECMU5454560,,,,,
169,ECMU7056288,8000235 P1 FSC GE,RE-54923,CMA CGM,TPG,BLASTI
170,FANU1183469,8000271 P1 FSC GE,RE-05719,HALO,TPG,TPG
171,FANU1494455,8000271 P1 FSC GE,RE-05719,HALO,TPG,TPG
172,FANU1494882,8000271 P1 FSC GE,RE-05719,HALO,TPG,TPG
173,FANU3058189,,,,,
174,FANU3193403,,,,,
175,FANU3234950,,,,,
176,FANU3252445,8000271 P1 FSC GE,RE-05719,HALO,TPG,TPG
177,FANU3261196,8000271 P1 FSC GE,RE-05719,HALO,TPG,TPG
178,FANU3303239,,,,,
179,FANU3305210,,,,,
180,FANU3312441,,,,,
181,FANU3355720,8000271 P1 FSC GE,RE-05719,HALO,TPG,TPG
182,FANU3377205,,,,,
183,FANU3425751,5700011308 P1 ARCLAD GE,RE-05556,HALO,TPG,TPG
184,FANU3439462,,,,,
185,FANU3449305,SPLIT 8000220 P1 FSC GE,RE-54108,HALO,TPG,TPG
186,FANU3529057,URG SPLIT 8000220 P2 FSC GE,RE-07265,HALO,TPG,TERCON
187,FANU3676248,,,,,
188,FANU3745903,URG SPLIT 8000220 P2 FSC GE,RE-07265,HALO,TPG,TERCON
189,FANU592045,,,,,
190,FBIU5082801,8000239 P1 FSC GE,RE-04663,CMA CGM,TPG,BLASTI
191,FBIU5083217,,,,,
192,FBIU5105297,,,,,
193,FBLU0041091,,,,,
194,FBLU0116328,8000218 P1 FSC GE,RE-54910,MSC,NAPORTEC,MEDLOG
195,FCIU7382456,5700011067 P5 - 8000203 P2 - 212 P5 - 8000242 P4 F,RE-05174,MSC,TPG,MEDLOG
196,FCIU7382923,,,,,
197,FCIU7421948,5700011284 P1 P3 GE,RE-06848,MSC,TPG,MEDLOG
198,FCIU9027867,8000218 P1 FSC GE,RE-54910,MSC,NAPORTEC,MEDLOG
199,FCIU9808788,,,,,
200,FDCU0069100,,,,,
201,FDCU0091063,8000215 P1 FSC GG,RE-54392,MSC,TPG,MEDLOG
202,FDCU0216324,,,,,
203,FDCU0329953,,,,,
204,FFAU1231692,8000271 P1 FSC GE,RE-05719,HALO,TPG,TPG
205,FFAU1563001,5700011067 P5 - 8000203 P2 - 212 P5 - 8000242 P4 F,RE-05174,MSC,TPG,MEDLOG
206,FFAU1659382,,,,,
207,FFAU1709610,,,,,
208,FFAU1750830,,,,,
209,FFAU1770312,,,,,
210,FFAU1972170,8000229 P1 FSC GE,RE-06198,MSC,NAPORTEC,MEDLOG
211,FFAU2065404,,,,,
212,FFAU2143805,,,,,
213,FFAU2265378,5700011067 P5 - 8000203 P2 - 212 P5 - 8000242 P4 F,RE-05174,MSC,TPG,MEDLOG
214,FFAU2381043,,,,,
215,FFAU2391870,,,,,
216,FFAU2538810,,,,,
217,FFAU2992063,,,,,
218,FFAU3505513,5700011067 P5 - 8000203 P2 - 212 P5 - 8000242 P4 F,RE-05174,MSC,TPG,MEDLOG
219,FFAU3807196,,,,,
220,FFAU3812947,,,,,
221,FFAU3841930,,,,,
222,FFAU3894570,8000236 P4 FSC GE,RE-04220,MSC,NAPORTEC,MEDLOG
223,FFAU3923299,,,,,
224,FFAU3939485,,,,,
225,FFAU3948825,,,,,
226,FFAU3956944,,,,,
227,FFAU3957513,,,,,
228,FFAU4033833,,,,,
229,FFAU4045686,,,,,
230,FFAU4080408,,,,,
231,FFAU4938565,5700011308 P2 ARCLAD GE,RE-05572,HALO,TPG,TPG
232,FFAU5031429,,,,,
233,FFAU5056324,,,,,
234,FFAU5338713,,,,,
235,FFAU5418300,,,,,
236,FFAU5603360,,,,,
237,FFAU5705763,,,,,
238,FFAU5720412,,,,,
239,FFAU5721893,8000261 P1 P2 P3 P4 P5 FSC GG,RE-06142,MAERKS,TPG,OPACIFIC
240,FFAU5730257,8000214 P2 FSC GG,RE-54128,MSC,NAPORTEC,MEDLOG
241,FFAU5739655,8000218 P1 FSC GE,RE-54910,MSC,NAPORTEC,MEDLOG
242,FFAU5820284,,,,,
243,FFAU5840803,,,,,
244,FFAU5889470,,,,,
245,FFAU6608388,8000229 P1 FSC GE,RE-06198,MSC,NAPORTEC,MEDLOG
246,FFAU7102408,,,,,
247,FJKU6006325,,,,,
248,FSCU7112969,8000236 P1 FSC GE,RE-03395,MSC,NAPORTEC,MEDLOG
249,FSCU7281450,,,,,
250,FSCU8143075,,,,,
251,FSCU8331025,8000214 P2 FSC GG,RE-54128,MSC,NAPORTEC,MEDLOG
252,FSCU8928237,,,,,
253,GAOU6703465,,,,,
254,GAOU6748496,,,,,
255,GAOU7031940,,,,,
256,GAOU7269287,,,,,
257,GAOU7278951,8000261 P1 P2 P3 P4 P5 FSC GG,RE-06142,MAERKS,TPG,OPACIFIC
258,GAOU7436086,5700011067 P5 - 8000203 P2 - 212 P5 - 8000242 P4 F,RE-05174,MSC,TPG,MEDLOG
259,GAOU7669175,,,,,
260,GCXU5553824,8000261 P1 P2 P3 P4 P5 FSC GG,RE-06142,MAERKS,TPG,OPACIFIC
261,GCXU5594628,,,,,
262,GCXU5752744,8000261 P1 P2 P3 P4 P5 FSC GG,RE-06142,MAERKS,TPG,OPACIFIC
263,GCXU5765588,,,,,
264,GCXU5981890,8000271 P1 FSC GE,RE-05719,HALO,TPG,TPG
265,GCXU6458626,,,,,
266,GESU6575769,,,,,
267,GESU9452515,8000239 P1 FSC GE,RE-04663,CMA CGM,TPG,BLASTI
268,GOSU1013943,,,,,
269,HAMU1291271,,,,,
270,HAMU1371530,,,,,
271,HAMU1459025,,,,,
272,HAMU1495932,8000198 P5 FSC GE,RE-03838,HALO,TPG,TERCON
273,HAMU1511102,,,,,
274,HAMU1540501,URG SPLIT 8000220 P2 FSC GE,RE-07265,HALO,TPG,TERCON
275,HAMU1551574,,,,,
276,HAMU1570851,,,,,
277,HAMU1588300,,,,,
278,HAMU1730477,8000198 P5 FSC GE,RE-03838,HALO,TPG,TERCON
279,HAMU1764944,8000271 P1 FSC GE,RE-05719,HALO,TPG,TPG
280,HAMU1837655,8000198 P5 FSC GE,RE-03838,HALO,TPG,TERCON
281,HAMU1880013,,,,,
282,HAMU1920456,,,,,
283,HAMU1947312,,,,,
284,HAMU2193876,URG SPLIT 8000220 P2 FSC GE,RE-07265,HALO,TPG,TERCON
285,HAMU2198970,URG SPLIT 8000220 P2 FSC GE,RE-07265,HALO,TPG,TERCON
286,HAMU2220441,,,,,
287,HAMU2352237,,,,,
288,HAMU2447008,URG SPLIT 8000220 P2 FSC GE,RE-07265,HALO,TPG,TERCON
289,HAMU2481471,,,,,
290,HAMU2484932,URG SPLIT 8000220 P2 FSC GE,RE-07265,HALO,TPG,TERCON
291,HAMU2522349,,,,,
292,HAMU2551650,URG SPLIT 8000220 P2 FSC GE,RE-07265,HALO,TPG,TERCON
293,HAMU2559820,URG SPLIT 8000220 P2 FSC GE,RE-07265,HALO,TPG,TERCON
294,HAMU2716257,,,,,
295,HAMU2869770,,,,,
296,HAMU3016350,8000198 P5 FSC GE,RE-03838,HALO,TPG,TERCON
297,HAMU3097671,URG SPLIT 8000220 P2 FSC GE,RE-07265,HALO,TPG,TERCON
298,HAMU3136084,,,,,
299,HAMU3177036,,,,,
300,HAMU3177139,,,,,
301,HAMU3228513,URG SPLIT 8000220 P2 FSC GE,RE-07265,HALO,TPG,TERCON
302,HAMU3247489,,,,,
303,HAMU3247730,,,,,
304,HAMU3256156,,,,,
305,HAMU3278108,,,,,
306,HAMU3285827,URG SPLIT 8000220 P2 FSC GE,RE-07265,HALO,TPG,TERCON
307,HAMU3414056,URG SPLIT 8000220 P2 FSC GE,RE-07265,HALO,TPG,TERCON
308,HAMU3457612,,,,,
309,HAMU3713606,,,,,
310,HAMU3745922,,,,,
311,HAMU3758318,,,,,
312,HAMU3767069,,,,,
313,HAMU3769689,URG SPLIT 8000220 P2 FSC GE,RE-07265,HALO,TPG,TERCON
314,HAMU3776245,,,,,
315,HAMU3822206,URG SPLIT 8000220 P2 FSC GE,RE-07265,HALO,TPG,TERCON
316,HAMU3843019,URG SPLIT 8000220 P2 FSC GE,RE-07265,HALO,TPG,TERCON
317,HAMU3858615,5700011308 P1 ARCLAD GE,RE-05556,HALO,TPG,TPG
318,HAMU4025892,,,,,
319,HAMU4054205,,,,,
320,HAMU4075580,,,,,
321,HAMU4116483,,,,,
322,HAMU4151545,,,,,
323,HAMU4229767,,,,,
324,HAMU4328292,,,,,
325,HAMU4427382,,,,,
326,HAMU4429127,,,,,
327,HAMU4447096,URG SPLIT 8000220 P2 FSC GE,RE-07265,HALO,TPG,TERCON
328,HAMU4525814,,,,,
329,HAMU4527648,,,,,
330,HAMU4625860,,,,,
331,HAMU5122290,URG SPLIT 8000220 P2 FSC GE,RE-07265,HALO,TPG,TERCON
332,HAMU5149310,8000271 P1 FSC GE,RE-05719,HALO,TPG,TPG
333,HASU4861580,8000261 P1 P2 P3 P4 P5 FSC GG,RE-06142,MAERKS,TPG,OPACIFIC
334,HLBU1286573,,,,,
335,HLBU2207898,,,,,
336,HLBU2271752,8000271 P1 FSC GE,RE-05719,HALO,TPG,TPG
337,HLBU2683385,8000271 P1 FSC GE,RE-05719,HALO,TPG,TPG
338,HLBU3219086,8000271 P1 FSC GE,RE-05719,HALO,TPG,TPG
339,HLXU8164846,8000198 P5 FSC GE,RE-03838,HALO,TPG,TERCON
340,HLXU8521080,,,,,
341,HLXU8605453,8000198 P5 FSC GE,RE-03838,HALO,TPG,TERCON
342,HNSU5026296,8000215 P1 FSC GG,RE-54392,MSC,TPG,MEDLOG
343,HPCU4648893,,,,,
344,IKSU5200776,,,,,
345,JXLU4439305,,,,,
346,JXLU4670720,,,,,
347,JXLU6256807,,,,,
348,JXLU6391005,,,,,
349,JXLU6424686,,,,,
350,MEDU4329640,,,,,
351,MEDU4381931,,,,,
352,MEDU4409896,,,,,
353,MEDU4505056,8000215 P2 FSC GE,RE-06205,MSC,NAPORTEC,MEDLOG
354,MEDU4527862,,,,,
355,MEDU4554235,,,,,
356,MEDU4618237,8000215 P2 FSC GE,RE-06205,MSC,NAPORTEC,MEDLOG
357,MEDU4673297,,,,,
358,MEDU4779458,8000215 P1 FSC GG,RE-54392,MSC,TPG,MEDLOG
359,MEDU4822831,,,,,
360,MEDU4900298,,,,,
361,MEDU4986239,,,,,
362,MEDU7062769,,,,,
363,MEDU7075920,8000236 P1 FSC GE,RE-03395,MSC,NAPORTEC,MEDLOG
364,MEDU7096394,,,,,
365,MEDU7097282,,,,,
366,MEDU7171878,,,,,
367,MEDU7216680,,,,,
368,MEDU7217520,8000215 P2 FSC GE,RE-06205,MSC,NAPORTEC,MEDLOG
369,MEDU7401121,,,,,
370,MEDU7419239,8000236 P1 FSC GE,RE-03395,MSC,NAPORTEC,MEDLOG
371,MEDU7578380,,,,,
372,MEDU7633507,,,,,
373,MEDU7757046,,,,,
374,MEDU7886892,,,,,
375,MEDU7912688,,,,,
376,MEDU7932299,,,,,
377,MEDU7987080,,,,,
378,MEDU8504947,,,,,
379,MEDU8576783,,,,,
380,MEDU8863470,8000215 P2 FSC GE,RE-06205,MSC,NAPORTEC,MEDLOG
381,MEDU9363416,,,,,
382,MEDU9369775,5700011067 P5 - 8000203 P2 - 212 P5 - 8000242 P4 F,RE-05174,MSC,TPG,MEDLOG
383,MEDU9430427,,,,,
384,MEDU9475442,,,,,
385,MEDUWJ540642,,,,,
386,MRKU2386806,,,,,
387,MRKU2599925,,,,,
388,MRKU2642765,8000261 P1 P2 P3 P4 P5 FSC GG,RE-06142,MAERKS,TPG,OPACIFIC
389,MRKU2824918,8000261 P1 P2 P3 P4 P5 FSC GG,RE-06142,MAERKS,TPG,OPACIFIC
390,MRKU3674690,,,,,
391,MRKU3677508,8000261 P1 P2 P3 P4 P5 FSC GG,RE-06142,MAERKS,TPG,OPACIFIC
392,MRKU4857612,8000261 P1 P2 P3 P4 P5 FSC GG,RE-06142,MAERKS,TPG,OPACIFIC
393,MRKU4866260,8000261 P1 P2 P3 P4 P5 FSC GG,RE-06142,MAERKS,TPG,OPACIFIC
394,MRKU4884238,8000261 P1 P2 P3 P4 P5 FSC GG,RE-06142,MAERKS,TPG,OPACIFIC
395,MRKU5119969,,,,,
396,MRKU5169276,8000261 P1 P2 P3 P4 P5 FSC GG,RE-06142,MAERKS,TPG,OPACIFIC
397,MRKU5355223,,,,,
398,MRKU5520570,8000261 P1 P2 P3 P4 P5 FSC GG,RE-06142,MAERKS,TPG,OPACIFIC
399,MRKU5672681,,,,,
400,MRKU5799634,8000261 P1 P2 P3 P4 P5 FSC GG,RE-06142,MAERKS,TPG,OPACIFIC
401,MRKU5838330,8000261 P1 P2 P3 P4 P5 FSC GG,RE-06142,MAERKS,TPG,OPACIFIC
402,MRKU5988710,,,,,
403,MRKU6111480,,,,,
404,MRKU6138562,8000261 P1 P2 P3 P4 P5 FSC GG,RE-06142,MAERKS,TPG,OPACIFIC
405,MRKU6207792,,,,,
406,MRKU6337965,8000261 P1 P2 P3 P4 P5 FSC GG,RE-06142,MAERKS,TPG,OPACIFIC
407,MRKU6379805,8000261 P1 P2 P3 P4 P5 FSC GG,RE-06142,MAERKS,TPG,OPACIFIC
408,MRKU6435410,,,,,
409,MRKU6443057,,,,,
410,MRKU6492370,8000261 P1 P2 P3 P4 P5 FSC GG,RE-06142,MAERKS,TPG,OPACIFIC
411,MRSU3110137,8000261 P1 P2 P3 P4 P5 FSC GG,RE-06142,MAERKS,TPG,OPACIFIC
412,MRSU3558780,,,,,
413,MRSU3763168,,,,,
414,MRSU3910700,8000261 P1 P2 P3 P4 P5 FSC GG,RE-06142,MAERKS,TPG,OPACIFIC
415,MRSU3923517,,,,,
416,MRSU4055163,,,,,
417,MRSU4145760,8000261 P1 P2 P3 P4 P5 FSC GG,RE-06142,MAERKS,TPG,OPACIFIC
418,MRSU4204610,8000261 P1 P2 P3 P4 P5 FSC GG,RE-06142,MAERKS,TPG,OPACIFIC
419,MRSU4320009,,,,,
420,MRSU4327087,,,,,
421,MRSU4541930,,,,,
422,MRSU4552391,8000261 P1 P2 P3 P4 P5 FSC GG,RE-06142,MAERKS,TPG,OPACIFIC
423,MRSU4613563,,,,,
424,MRSU4678013,,,,,
425,MRSU4699736,,,,,
426,MRSU4715307,8000261 P1 P2 P3 P4 P5 FSC GG,RE-06142,MAERKS,TPG,OPACIFIC
427,MRSU4778590,,,,,
428,MRSU4801724,,,,,
429,MRSU4877334,,,,,
430,MRSU4904980,,,,,
431,MRSU5007745,,,,,
432,MRSU5018082,,,,,
433,MRSU5072186,,,,,
434,MRSU5200097,,,,,
435,MRSU5510092,,,,,
436,MRSU5601973,,,,,
437,MRSU5817068,,,,,
438,MRSU5875552,,,,,
439,MRSU6069090,8000261 P1 P2 P3 P4 P5 FSC GG,RE-06142,MAERKS,TPG,OPACIFIC
440,MRSU6085022,,,,,
441,MRSU6570460,8000261 P1 P2 P3 P4 P5 FSC GG,RE-06142,MAERKS,TPG,OPACIFIC
442,MRSU6629635,,,,,
443,MRSU6647897,,,,,
444,MRSU6660862,,,,,
445,MRSU6731713,,,,,
446,MRSU6793063,,,,,
447,MRSU6824143,,,,,
448,MRSU6929735,,,,,
449,MRSU7118244,8000261 P1 P2 P3 P4 P5 FSC GG,RE-06142,MAERKS,TPG,OPACIFIC
450,MRSU7277230,,,,,
451,MRSU7637110,,,,,
452,MRSU7920413,,,,,
453,MRSU7995808,,,,,
454,MRSU8145305,,,,,
455,MRSU8157380,,,,,
456,MRSU8820980,,,,,
457,MSBU5061526,,,,,
458,MSBU5084265,8000215 P1 FSC GG,RE-54392,MSC,TPG,MEDLOG
459,MSBU5108095,,,,,
460,MSBU5120763,,,,,
461,MSBU5128321,,,,,
462,MSBU5207420,8000229 P1 FSC GE,RE-06198,MSC,NAPORTEC,MEDLOG
463,MSBU5222810,8000236 P4 FSC GE,RE-04220,MSC,NAPORTEC,MEDLOG
464,MSBU5255115,5700011284 P1 P3 GE,RE-06848,MSC,TPG,MEDLOG
465,MSBU5350088,8000214 P2 FSC GG,RE-54128,MSC,NAPORTEC,MEDLOG
466,MSBU5373150,,,,,
467,MSBU5464964,,,,,
468,MSBU5472717,,,,,
469,MSBU5535142,,,,,
470,MSBU5540914,,,,,
471,MSBU5547879,8000215 P2 FSC GE,RE-06205,MSC,NAPORTEC,MEDLOG
472,MSBU5560166,8000236 P4 FSC GE,RE-04220,MSC,NAPORTEC,MEDLOG
473,MSBU5608275,8000242 P2 P3 FSC GG,RE-05051,MSC,TPG,MEDLOG
474,MSBU6526593,8000215 P2 FSC GE,RE-06205,MSC,NAPORTEC,MEDLOG
475,MSBU6539841,8000218 P1 FSC GE,RE-54910,MSC,NAPORTEC,MEDLOG
476,MSBU6564593,,,,,
477,MSBU6656452,,,,,
478,MSBU6746216,,,,,
479,MSBU6766418,,,,,
480,MSBU6849385,8000214 P2 FSC GG,RE-54128,MSC,NAPORTEC,MEDLOG
481,MSBU6871692,8000215 P2 FSC GE,RE-06205,MSC,NAPORTEC,MEDLOG
482,MSBU6906274,8000214 P2 FSC GG,RE-54128,MSC,NAPORTEC,MEDLOG
483,MSBU6953023,,,,,
484,MSBU6955089,8000214 P2 FSC GG,RE-54128,MSC,NAPORTEC,MEDLOG
485,MSBU7052462,,,,,
486,MSBU7111293,8000215 P1 FSC GG,RE-54392,MSC,TPG,MEDLOG
487,MSBU7157988,,,,,
488,MSBU7162120,,,,,
489,MSBU7162156,,,,,
490,MSBU7163168,,,,,
491,MSBU7220490,,,,,
492,MSBU7232166,,,,,
493,MSBU7267521,,,,,
494,MSBU7307033,,,,,
495,MSBU7342672,,,,,
496,MSBU7425720,5700011067 P5 - 8000203 P2 - 212 P5 - 8000242 P4 F,RE-05174,MSC,TPG,MEDLOG
497,MSBU7472526,8000229 P1 FSC GE,RE-06198,MSC,NAPORTEC,MEDLOG
498,MSBU7536997,8000215 P1 FSC GG,RE-54392,MSC,TPG,MEDLOG
499,MSBU7544539,8000215 P1 FSC GG,RE-54392,MSC,TPG,MEDLOG
500,MSBU8125727,8000236 P1 FSC GE,RE-03395,MSC,NAPORTEC,MEDLOG
501,MSBU8174418,,,,,
502,MSBU8276404,,,,,
503,MSBU8277150,5700011108 P2 GG,RE-07749,MSC,TPG,MEDLOG
504,MSCU5062423,,,,,
505,MSCU5081362,,,,,
506,MSCU5136552,,,,,
507,MSCU5148698,8000215 P1 FSC GG,RE-54392,MSC,TPG,MEDLOG
508,MSCU5238913,,,,,
509,MSCU5239885,,,,,
510,MSCU5239951,5700011067 P5 - 8000203 P2 - 212 P5 - 8000242 P4 F,RE-05174,MSC,TPG,MEDLOG
511,MSCU5293280,,,,,
512,MSCU5332133,5700011067 P5 - 8000203 P2 - 212 P5 - 8000242 P4 F,RE-05174,MSC,TPG,MEDLOG
513,MSCU5367757,8000236 P1 FSC GE,RE-03395,MSC,NAPORTEC,MEDLOG
514,MSCU5380770,,,,,
515,MSCU5388385,,,,,
516,MSCU5418746,,,,,
517,MSCU5462517,,,,,
518,MSDU5018091,,,,,
519,MSDU5135652,,,,,
520,MSDU5140176,,,,,
521,MSDU5186752,,,,,
522,MSDU5215450,,,,,
523,MSDU5437797,,,,,
524,MSDU5446989,,,,,
525,MSDU5526472,,,,,
526,MSDU5577654,,,,,
527,MSDU5590872,8000236 P4 FSC GE,RE-04220,MSC,NAPORTEC,MEDLOG
528,MSDU5603687,5700011067 P5 - 8000203 P2 - 212 P5 - 8000242 P4 F,RE-05174,MSC,TPG,MEDLOG
529,MSDU5622455,8000236 P4 FSC GE,RE-04220,MSC,NAPORTEC,MEDLOG
530,MSDU5695894,,,,,
531,MSDU5714171,8000215 P2 FSC GE,RE-06205,MSC,NAPORTEC,MEDLOG
532,MSDU5913110,,,,,
533,MSDU5915197,8000215 P1 FSC GG,RE-54392,MSC,TPG,MEDLOG
534,MSDU5967117,8000236 P1 FSC GE,RE-03395,MSC,NAPORTEC,MEDLOG
535,MSDU5976952,,,,,
536,MSDU6051556,,,,,
537,MSDU6052341,,,,,
538,MSDU6129762,,,,,
539,MSDU6163556,8000229 P1 FSC GE,RE-06198,MSC,NAPORTEC,MEDLOG
540,MSDU6164059,,,,,
541,MSDU6213451,8000229 P1 FSC GE,RE-06198,MSC,NAPORTEC,MEDLOG
542,MSDU6217040,8000215 P2 FSC GE,RE-06205,MSC,NAPORTEC,MEDLOG
543,MSDU6220810,,,,,
544,MSDU6280110,,,,,
545,MSDU6396162,5700011108 P2 GG,RE-07749,MSC,TPG,MEDLOG
546,MSDU6427495,,,,,
547,MSDU6439808,,,,,
548,MSDU6466470,8000229 P1 FSC GE,RE-06198,MSC,NAPORTEC,MEDLOG
549,MSDU6522640,,,,,
550,MSDU6533223,5700011067 P5 - 8000203 P2 - 212 P5 - 8000242 P4 F,RE-05174,MSC,TPG,MEDLOG
551,MSDU6551335,,,,,
552,MSDU6602725,,,,,
553,MSDU6606530,,,,,
554,MSDU6713971,,,,,
555,MSDU6780901,8000229 P1 FSC GE,RE-06198,MSC,NAPORTEC,MEDLOG
556,MSDU6841015,5700011067 P5 - 8000203 P2 - 212 P5 - 8000242 P4 F,RE-05174,MSC,TPG,MEDLOG
557,MSDU6895114,5700011067 P5 - 8000203 P2 - 212 P5 - 8000242 P4 F,RE-05174,MSC,TPG,MEDLOG
558,MSDU6929446,,,,,
559,MSDU6959353,8000214 P2 FSC GG,RE-54128,MSC,NAPORTEC,MEDLOG
560,MSDU6975776,,,,,
561,MSDU6997970,,,,,
562,MSDU6998426,,,,,
563,MSDU7097633,,,,,
564,MSDU7198407,8000218 P1 FSC GE,RE-54910,MSC,NAPORTEC,MEDLOG
565,MSDU7221636,,,,,
566,MSDU7243759,,,,,
567,MSDU7429390,8000236 P1 FSC GE,RE-03395,MSC,NAPORTEC,MEDLOG
568,MSDU7431988,,,,,
569,MSDU7436228,,,,,
570,MSDU7528160,5700011067 P5 - 8000203 P2 - 212 P5 - 8000242 P4 F,RE-05174,MSC,TPG,MEDLOG
571,MSDU7630824,,,,,
572,MSDU7712877,,,,,
573,MSDU7739950,,,,,
574,MSDU7770298,8000229 P1 FSC GE,RE-06198,MSC,NAPORTEC,MEDLOG
575,MSDU7820212,,,,,
576,MSDU7824394,,,,,
577,MSDU7889733,,,,,
578,MSDU7927704,,,,,
579,MSDU7936347,,,,,
580,MSDU7995273,8000236 P1 FSC GE,RE-03395,MSC,NAPORTEC,MEDLOG
581,MSDU8024312,,,,,
582,MSDU8051200,8000215 P2 FSC GE,RE-06205,MSC,NAPORTEC,MEDLOG
583,MSDU8102328,,,,,
584,MSDU8112075,,,,,
585,MSDU8264550,8000215 P1 FSC GG,RE-54392,MSC,TPG,MEDLOG
586,MSDU8342925,8000218 P1 FSC GE,RE-54910,MSC,NAPORTEC,MEDLOG
587,MSDU8392320,,,,,
588,MSDU8503568,,,,,
589,MSDU8528550,,,,,
590,MSDU8560547,8000215 P1 FSC GG,RE-54392,MSC,TPG,MEDLOG
591,MSDU8613729,5700011284 P1 P3 GE,RE-06848,MSC,TPG,MEDLOG
592,MSDU8721528,,,,,
593,MSDU8733370,5700011108 P2 GG,RE-07749,MSC,TPG,MEDLOG
594,MSDU8735769,,,,,
595,MSDU8762580,5700011108 P2 GG,RE-07749,MSC,TPG,MEDLOG
596,MSDU8764371,,,,,
597,MSDU8765613,5700011284 P1 P3 GE,RE-06848,MSC,TPG,MEDLOG
598,MSDU8803776,8000236 P4 FSC GE,RE-04220,MSC,NAPORTEC,MEDLOG
599,MSDU8846361,,,,,
600,MSDU8851882,8000214 P2 FSC GG,RE-54128,MSC,NAPORTEC,MEDLOG
601,MSDU8858655,,,,,
602,MSDU8879088,,,,,
603,MSDU8912400,,,,,
604,MSDU8922250,5700011067 P5 - 8000203 P2 - 212 P5 - 8000242 P4 F,RE-05174,MSC,TPG,MEDLOG
605,MSDU8923642,8000215 P2 FSC GE,RE-06205,MSC,NAPORTEC,MEDLOG
606,MSDU8991858,,,,,
607,MSKU1017132,,,,,
608,MSKU1028610,,,,,
609,MSMU4036651,5700011067 P5 - 8000203 P2 - 212 P5 - 8000242 P4 F,RE-05174,MSC,TPG,MEDLOG
610,MSMU4052360,,,,,
611,MSMU4054275,,,,,
612,MSMU4138308,,,,,
613,MSMU4166927,,,,,
614,MSMU4167348,,,,,
615,MSMU4184129,8000214 P2 FSC GG,RE-54128,MSC,NAPORTEC,MEDLOG
616,MSMU4189310,5700011067 P5 - 8000203 P2 - 212 P5 - 8000242 P4 F,RE-05174,MSC,TPG,MEDLOG
617,MSMU4237701,,,,,
618,MSMU4248645,,,,,
619,MSMU4260050,,,,,
620,MSMU4267964,,,,,
621,MSMU4274520,,,,,
622,MSMU4382253,8000214 P2 FSC GG,RE-54128,MSC,NAPORTEC,MEDLOG
623,MSMU4427682,,,,,
624,MSMU4429535,8000236 P1 FSC GE,RE-03395,MSC,NAPORTEC,MEDLOG
625,MSMU4608464,5700011108 P2 GG,RE-07749,MSC,TPG,MEDLOG
626,MSMU4638828,,,,,
627,MSMU4797440,,,,,
628,MSMU4806011,8000229 P1 FSC GE,RE-06198,MSC,NAPORTEC,MEDLOG
629,MSMU4872040,,,,,
630,MSMU4933572,5700011067 P5 - 8000203 P2 - 212 P5 - 8000242 P4 F,RE-05174,MSC,TPG,MEDLOG
631,MSMU4963875,8000236 P4 FSC GE,RE-04220,MSC,NAPORTEC,MEDLOG
632,MSMU5003138,,,,,
633,MSMU5014322,,,,,
634,MSMU5018061,,,,,
635,MSMU506933D,,,,,
636,MSMU5103760,,,,,
637,MSMU5139274,8000215 P2 FSC GE,RE-06205,MSC,NAPORTEC,MEDLOG
638,MSMU5174969,8000214 P2 FSC GG,RE-54128,MSC,NAPORTEC,MEDLOG
639,MSMU5211321,,,,,
640,MSMU5237985,,,,,
641,MSMU5241516,,,,,
642,MSMU5326737,,,,,
643,MSMU5332405,,,,,
644,MSMU5333470,,,,,
645,MSMU5355782,,,,,
646,MSMU5363406,,,,,
647,MSMU5403896,5700011284 P1 P3 GE,RE-06848,MSC,TPG,MEDLOG
648,MSMU5444724,,,,,
649,MSMU5483295,5700011284 P1 P3 GE,RE-06848,MSC,TPG,MEDLOG
650,MSMU5506810,,,,,
651,MSMU5538823,,,,,
652,MSMU5556895,,,,,
653,MSMU5560513,8000214 P2 FSC GG,RE-54128,MSC,NAPORTEC,MEDLOG
654,MSMU5585738,,,,,
655,MSMU5615133,8000242 P2 P3 FSC GG,RE-05051,MSC,TPG,MEDLOG
656,MSMU5641554,,,,,
657,MSMU5644506,,,,,
658,MSMU5730878,,,,,
659,MSMU5744465,,,,,
660,MSMU5840601,8000236 P4 FSC GE,RE-04220,MSC,NAPORTEC,MEDLOG
661,MSMU5900547,,,,,
662,MSMU5908759,,,,,
663,MSMU5940581,,,,,
664,MSMU6027279,,,,,
665,MSMU6111116,,,,,
666,MSMU6143561,,,,,
667,MSMU6185649,,,,,
668,MSMU6201729,,,,,
669,MSMU6214285,,,,,
670,MSMU6224540,,,,,
671,MSMU6230075,,,,,
672,MSMU6308722,,,,,
673,MSMU6432604,,,,,
674,MSMU6460247,5700011067 P5 - 8000203 P2 - 212 P5 - 8000242 P4 F,RE-05174,MSC,TPG,MEDLOG
675,MSMU6491037,,,,,
676,MSMU6544100,,,,,
677,MSMU6569897,8000236 P1 FSC GE,RE-03395,MSC,NAPORTEC,MEDLOG
678,MSMU6604684,8000218 P1 FSC GE,RE-54910,MSC,NAPORTEC,MEDLOG
679,MSMU6646817,,,,,
680,MSMU6685813,,,,,
681,MSMU6711208,,,,,
682,MSMU6730297,8000236 P4 FSC GE,RE-04220,MSC,NAPORTEC,MEDLOG
683,MSMU6740187,,,,,
684,MSMU6740232,,,,,
685,MSMU6805760,,,,,
686,MSMU6806216,,,,,
687,MSMU6809302,8000218 P1 FSC GE,RE-54910,MSC,NAPORTEC,MEDLOG
688,MSMU6820214,,,,,
689,MSMU6862890,,,,,
690,MSMU6902483,,,,,
691,MSMU6920002,8000215 P1 FSC GG,RE-54392,MSC,TPG,MEDLOG
692,MSMU6929102,8000214 P2 FSC GG,RE-54128,MSC,NAPORTEC,MEDLOG
693,MSMU6968053,,,,,
694,MSMU7056409,8000229 P1 FSC GE,RE-06198,MSC,NAPORTEC,MEDLOG
695,MSMU7140546,,,,,
696,MSMU7181376,,,,,
697,MSMU7307926,,,,,
698,MSMU7445859,,,,,
699,MSMU7449936,,,,,
700,MSMU7489836,5700011067 P5 - 8000203 P2 - 212 P5 - 8000242 P4 F,RE-05174,MSC,TPG,MEDLOG
701,MSMU7490190,,,,,
702,MSMU7630224,,,,,
703,MSMU7695204,5700011284 P1 P3 GE,RE-06848,MSC,TPG,MEDLOG
704,MSMU7710422,5700011108 P2 GG,RE-07749,MSC,TPG,MEDLOG
705,MSMU7716987,,,,,
706,MSMU7791105,,,,,
707,MSMU7799488,5700011108 P2 GG,RE-07749,MSC,TPG,MEDLOG
708,MSMU7814026,,,,,
709,MSMU7867746,,,,,
710,MSMU7895286,8000218 P1 FSC GE,RE-54910,MSC,NAPORTEC,MEDLOG
711,MSMU7936847,,,,,
712,MSMU7981050,,,,,
713,MSMU8025486,,,,,
714,MSMU8085124,,,,,
715,MSMU8096751,5700011067 P5 - 8000203 P2 - 212 P5 - 8000242 P4 F,RE-05174,MSC,TPG,MEDLOG
716,MSMU8109817,,,,,
717,MSMU8110485,,,,,
718,MSMU8133006,,,,,
719,MSMU8146180,,,,,
720,MSMU8149131,,,,,
721,MSMU8154333,,,,,
722,MSMU8187661,5700011108 P2 GG,RE-07749,MSC,TPG,MEDLOG
723,MSMU8207330,8000215 P1 FSC GG,RE-54392,MSC,TPG,MEDLOG
724,MSMU8274576,8000215 P2 FSC GE,RE-06205,MSC,NAPORTEC,MEDLOG
725,MSMU8336301,8000229 P1 FSC GE,RE-06198,MSC,NAPORTEC,MEDLOG
726,MSMU8487592,,,,,
727,MSMU8495617,,,,,
728,MSMU8503498,,,,,
729,MSMU8544645,,,,,
730,MSMU8626110,5700011067 P5 - 8000203 P2 - 212 P5 - 8000242 P4 F,RE-05174,MSC,TPG,MEDLOG
731,MSMU8647788,8000236 P4 FSC GE,RE-04220,MSC,NAPORTEC,MEDLOG
732,MSMU8686043,,,,,
733,MSMU8689398,,,,,
734,MSMU8704949,,,,,
735,MSMU8718460,,,,,
736,MSMU8755524,,,,,
737,MSMU8858517,,,,,
738,MSMU8912578,8000236 P4 FSC GE,RE-04220,MSC,NAPORTEC,MEDLOG
739,MSMU8951595,,,,,
740,MSMU8952821,,,,,
741,MSMU8953556,,,,,
742,MSMU8973784,,,,,
743,MSNU5139180,8000236 P4 FSC GE,RE-04220,MSC,NAPORTEC,MEDLOG
744,MSNU5140746,5700011108 P2 GG,RE-07749,MSC,TPG,MEDLOG
745,MSNU5145476,,,,,
746,MSNU5203778,8000215 P2 FSC GE,RE-06205,MSC,NAPORTEC,MEDLOG
747,MSNU5216374,8000236 P1 FSC GE,RE-03395,MSC,NAPORTEC,MEDLOG
748,MSNU5291110,,,,,
749,MSNU5324609,,,,,
750,MSNU5329998,8000229 P1 FSC GE,RE-06198,MSC,NAPORTEC,MEDLOG
751,MSNU5414913,,,,,
752,MSNU5427490,5700011067 P5 - 8000203 P2 - 212 P5 - 8000242 P4 F,RE-05174,MSC,TPG,MEDLOG
753,MSNU5427660,5700011067 P5 - 8000203 P2 - 212 P5 - 8000242 P4 F,RE-05174,MSC,TPG,MEDLOG
754,MSNU5428964,,,,,
755,MSNU5442751,,,,,
756,MSNU5478646,8000214 P2 FSC GG,RE-54128,MSC,NAPORTEC,MEDLOG
757,MSNU5522374,,,,,
758,MSNU5548065,,,,,
759,MSNU5605801,5700011067 P5 - 8000203 P2 - 212 P5 - 8000242 P4 F,RE-05174,MSC,TPG,MEDLOG
760,MSNU5617823,,,,,
761,MSNU5672081,8000236 P1 FSC GE,RE-03395,MSC,NAPORTEC,MEDLOG
762,MSNU5676160,,,,,
763,MSNU5821586,,,,,
764,MSNU5843116,8000236 P4 FSC GE,RE-04220,MSC,NAPORTEC,MEDLOG
765,MSNU5880275,,,,,
766,MSNU5893328,,,,,
767,MSNU6010578,,,,,
768,MSNU6031837,,,,,
769,MSNU6083044,5700011284 P1 P3 GE,RE-06848,MSC,TPG,MEDLOG
770,MSNU6103069,,,,,
771,MSNU6521881,,,,,
772,MSNU6532253,,,,,
773,MSNU6558900,,,,,
774,MSNU6567075,,,,,
775,MSNU6694172,,,,,
776,MSNU6703080,,,,,
777,MSNU6764686,8000236 P1 FSC GE,RE-03395,MSC,NAPORTEC,MEDLOG
778,MSNU6814771,8000215 P1 FSC GG,RE-54392,MSC,TPG,MEDLOG
779,MSNU7058724,8000215 P2 FSC GE,RE-06205,MSC,NAPORTEC,MEDLOG
780,MSNU7096010,,,,,
781,MSNU7186303,,,,,
782,MSNU7265974,,,,,
783,MSNU7295829,,,,,
784,MSNU7300859,8000215 P2 FSC GE,RE-06205,MSC,NAPORTEC,MEDLOG
785,MSNU7353123,,,,,
786,MSNU7366943,5700011067 P5 - 8000203 P2 - 212 P5 - 8000242 P4 F,RE-05174,MSC,TPG,MEDLOG
787,MSNU7384150,5700011067 P5 - 8000203 P2 - 212 P5 - 8000242 P4 F,RE-05174,MSC,TPG,MEDLOG
788,MSNU7429595,,,,,
789,MSNU7434903,,,,,
790,MSNU7461468,,,,,
791,MSNU7597201,,,,,
792,MSNU7599035,,,,,
793,MSNU7721251,,,,,
794,MSNU7770960,,,,,
795,MSNU7772562,,,,,
796,MSNU7832785,5700011108 P2 GG,RE-07749,MSC,TPG,MEDLOG
797,MSNU7833652,,,,,
798,MSNU7836780,,,,,
799,MSNU7946068,,,,,
800,MSNU8027245,,,,,
801,MSNU8027435,,,,,
802,MSNU8031409,,,,,
803,MSNU8406676,,,,,
804,MSNU8423117,8000229 P1 FSC GE,RE-06198,MSC,NAPORTEC,MEDLOG
805,MSNU8498482,8000236 P4 FSC GE,RE-04220,MSC,NAPORTEC,MEDLOG
806,MSNU8499848,8000236 P1 FSC GE,RE-03395,MSC,NAPORTEC,MEDLOG
807,MSNU8526624,,,,,
808,MSNU8650851,,,,,
809,MSNU8665867,,,,,
810,MSNU8766271,,,,,
811,MSNU8831227,,,,,
812,MSNU9008846,8000215 P2 FSC GE,RE-06205,MSC,NAPORTEC,MEDLOG
813,MSNU9064201,8000214 P2 FSC GG,RE-54128,MSC,NAPORTEC,MEDLOG
814,MSNU9120460,,,,,
815,MSNU9140385,,,,,
816,MSNU9141191,,,,,
817,MSNU9170760,8000218 P1 FSC GE,RE-54910,MSC,NAPORTEC,MEDLOG
818,MSNU9305741,5700011067 P5 - 8000203 P2 - 212 P5 - 8000242 P4 F,RE-05174,MSC,TPG,MEDLOG
819,MSNU9577061,,,,,
820,MSNU9592214,,,,,
821,MSNU9638022,,,,,
822,MSNU9663200,,,,,
823,MSNU9682154,,,,,
824,MSNU9712686,5700011108 P2 GG,RE-07749,MSC,TPG,MEDLOG
825,MSNU9741555,,,,,
826,MSNU9754737,5700011067 P5 - 8000203 P2 - 212 P5 - 8000242 P4 F,RE-05174,MSC,TPG,MEDLOG
827,MSNU9786328,,,,,
828,MTSU9624380,8000261 P1 P2 P3 P4 P5 FSC GG,RE-06142,MAERKS,TPG,OPACIFIC
829,MTSU9636668,,,,,
830,OTPU6719266,,,,,
831,OTPU6721941,,,,,
832,OTPU6722193,,,,,
833,OTPU6722378,,,,,
834,OTPU6782037,,,,,
835,OTPU6782280,,,,,
836,OTPU6782588,,,,,
837,OTPU6784889,,,,,
838,OTPU6785801,,,,,
839,SEGU4261866,8000261 P1 P2 P3 P4 P5 FSC GG,RE-06142,MAERKS,TPG,OPACIFIC
840,SEGU5490867,,,,,
841,SEGU5713805,,,,,
842,SEGU6810970,,,,,
843,SEGU9409391,8000239 P1 FSC GE,RE-04663,CMA CGM,TPG,BLASTI
844,SEGU9425643,8000239 P1 FSC GE,RE-04663,CMA CGM,TPG,BLASTI
845,SEGU9443971,,,,,
846,SEGU9501825,,,,,
847,SEGU9544431,,,,,
848,SEKU4088694,8000236 P1 FSC GE,RE-03395,MSC,NAPORTEC,MEDLOG
849,SEKU4518814,,,,,
850,SEKU6079881,,,,,
851,SEKU6337862,,,,,
852,SEKU6448022,,,,,
853,SEKU6678956,,,,,
854,SEKU6686381,,,,,
855,SEKU6709888,,,,,
856,SEKU6716953,,,,,
857,SEKU6764484,,,,,
858,SEKU6767610,,,,,
859,SEKU6778960,5700011067 P5 - 8000203 P2 - 212 P5 - 8000242 P4 F,RE-05174,MSC,TPG,MEDLOG
860,SEKU6779530,,,,,
861,SEKU6822127,8000214 P2 FSC GG,RE-54128,MSC,NAPORTEC,MEDLOG
862,SEKU6824135,,,,,
863,SEKU6883164,,,,,
864,SEKU6938246,,,,,
865,SEKU9055327,,,,,
866,SEKU9064442,,,,,
867,SEKU9065639,,,,,
868,SEKU9072406,,,,,
869,SEKU9248516,8000239 P1 FSC GE,RE-04663,CMA CGM,TPG,BLASTI
870,SELU4091289,,,,,
871,SELU4493863,,,,,
872,SELU4501927,,,,,
873,SILU7003041,,,,,
874,SMLU3136960,5700011297 - 5700011298,,CITYCOLD,CGSA,RFS
875,SMLU3138557,5700011203 / 5700011204,,,CGSA,RFS
876,SMLU7867243,5700011203 / 5700011204,,,CGSA,RFS
877,SMLU7915043,5700011297 - 5700011298,,CITYCOLD,CGSA,RFS
878,SUDU8988658,,,,,
879,SZLU9101490,,,,,
880,SZLU9102855,,,,,
881,SZLU9193243,,,,,
882,SZLU9631592,,,,,
883,SZLU9663840,8000239 P1 FSC GE,RE-04663,CMA CGM,TPG,BLASTI
884,SZLU9866540,8000239 P1 FSC GE,RE-04663,CMA CGM,TPG,BLASTI
885,SZLU9897366,,,,,
886,SZLU9916403,8000239 P1 FSC GE,RE-04663,CMA CGM,TPG,BLASTI
887,TCKU6524496,8000256 P1 FSC GE,RE-05271,MAERKS,TPG,OPACIFIC
888,TCKU6959879,8000261 P1 P2 P3 P4 P5 FSC GG,RE-06142,MAERKS,TPG,OPACIFIC
889,TCKU7131636,,,,,
890,TCKU7401114,,,,,
891,TCKU7766637,8000261 P1 P2 P3 P4 P5 FSC GG,RE-06142,MAERKS,TPG,OPACIFIC
892,TCLU1096788,,,,,
893,TCLU1128340,,,,,
894,TCLU1242558,8000239 P1 FSC GE,RE-04663,CMA CGM,TPG,BLASTI
895,TCLU1625080,,,,,
896,TCLU3379977,5700011308 P2 ARCLAD GE,RE-05572,HALO,TPG,TPG
897,TCLU4991781,5700011067 P5 - 8000203 P2 - 212 P5 - 8000242 P4 F,RE-05174,MSC,TPG,MEDLOG
898,TCLU5956620,,,,,
899,TCLU7223513,8000218 P1 FSC GE,RE-54910,MSC,NAPORTEC,MEDLOG
900,TCLU7769905,5700011067 P5 - 8000203 P2 - 212 P5 - 8000242 P4 F,RE-05174,MSC,TPG,MEDLOG
901,TCLU8083490,,,,,
902,TCLU9332128,,,,,
903,TCLU9498398,,,,,
904,TCLU9510894,,,,,
905,TCNU1083406,,,,,
906,TCNU1250041,,,,,
907,TCNU1383701,8000271 P1 FSC GE,RE-05719,HALO,TPG,TPG
908,TCNU1414490,,,,,
909,TCNU1420404,5700011284 P1 P3 GE,RE-06848,MSC,TPG,MEDLOG
910,TCNU1440946,,,,,
911,TCNU1830688,8000261 P1 P2 P3 P4 P5 FSC GG,RE-06142,MAERKS,TPG,OPACIFIC
912,TCNU2562770,,,,,
913,TCNU2629298,,,,,
914,TCNU2908461,,,,,
915,TCNU4471236,8000261 P1 P2 P3 P4 P5 FSC GG,RE-06142,MAERKS,TPG,OPACIFIC
916,TCNU6877800,,,,,
917,TCNU7113600,,,,,
918,TCNU8897744,,,,,
919,TCNU8943860,,,,,
920,TCNU9368236,5700011067 P5 - 8000203 P2 - 212 P5 - 8000242 P4 F,RE-05174,MSC,TPG,MEDLOG
921,TEMU0708037,,,,,
922,TEMU6585393,,,,,
923,TEMU7499601,8000271 P1 FSC GE,RE-05719,HALO,TPG,TPG
924,TEMU7598800,8000235 P1 FSC GE,RE-54923,CMA CGM,TPG,BLASTI
925,TEMU7643323,5700011067 P5 - 8000203 P2 - 212 P5 - 8000242 P4 F,RE-05174,MSC,TPG,MEDLOG
926,TEMU7964030,5700011108 P2 GG,RE-07749,MSC,TPG,MEDLOG
927,TEMU8133983,,,,,
928,TEMU8166210,,,,,
929,TEMU8184933,8000218 P1 FSC GE,RE-54910,MSC,NAPORTEC,MEDLOG
930,TEMU8203376,,,,,
931,TEMU8262276,,,,,
932,TEMU8266435,,,,,
933,TEMU8291248,,,,,
934,TEMU8365063,,,,,
935,TEMU9109111,8000239 P1 FSC GE,RE-04663,CMA CGM,TPG,BLASTI
936,TEMU9216995,,,,,
937,TEMU9268685,8000239 P1 FSC GE,RE-04663,CMA CGM,TPG,BLASTI
938,TEMU9575505,,,,,
939,TEMU9844380,,,,,
940,TEMU9874996,,,,,
941,TGBU4394588,,,,,
942,TGBU4584762,,,,,
943,TGBU4635643,,,,,
944,TGBU5580226,,,,,
945,TGBU5854230,,,,,
946,TGBU5908254,5700011067 P5 - 8000203 P2 - 212 P5 - 8000242 P4 F,RE-05174,MSC,TPG,MEDLOG
947,TGBU5926978,,,,,
948,TGBU5982539,,,,,
949,TGBU6115960,8000271 P1 FSC GE,RE-05719,HALO,TPG,TPG
950,TGBU6181196,8000214 P2 FSC GG,RE-54128,MSC,NAPORTEC,MEDLOG
951,TGBU6422272,,,,,
952,TGBU6423509,,,,,
953,TGBU6434376,,,,,
954,TGBU6688220,8000261 P1 P2 P3 P4 P5 FSC GG,RE-06142,MAERKS,TPG,OPACIFIC
955,TGBU7170977,8000236 P1 FSC GE,RE-03395,MSC,NAPORTEC,MEDLOG
956,TGBU7184327,,,,,
957,TGBU7494301,8000215 P1 FSC GG,RE-54392,MSC,TPG,MEDLOG
958,TGBU7559275,,,,,
959,TGBU7736658,,,,,
960,TGBU7958249,,,,,
961,TGBU7989738,5700011284 P1 P3 GE,RE-06848,MSC,TPG,MEDLOG
962,TGBU7995448,8000218 P1 FSC GE,RE-54910,MSC,NAPORTEC,MEDLOG
963,TGBU8053928,,,,,
964,TGBU9596982,,,,,
965,TGBU9599507,5700011067 P5 - 8000203 P2 - 212 P5 - 8000242 P4 F,RE-05174,MSC,TPG,MEDLOG
966,TGBU9617935,,,,,
967,TGBU9883792,,,,,
968,TGCU5097470,,,,,
969,TGCU5097989,,,,,
970,TGCU5111330,8000215 P2 FSC GE,RE-06205,MSC,NAPORTEC,MEDLOG
971,TGCU5255620,,,,,
972,TGCU5258996,,,,,
973,TGCU5265110,,,,,
974,TGCU5466330,8000235 P1 FSC GE,RE-54923,CMA CGM,TPG,BLASTI
975,TGHU6071307,8000218 P1 FSC GE,RE-54910,MSC,NAPORTEC,MEDLOG
976,TGHU6094365,8000215 P2 FSC GE,RE-06205,MSC,NAPORTEC,MEDLOG
977,TGHU6147188,8000236 P1 FSC GE,RE-03395,MSC,NAPORTEC,MEDLOG
978,TGHU6164499,8000215 P2 FSC GE,RE-06205,MSC,NAPORTEC,MEDLOG
979,TGHU6833589,8000218 P1 FSC GE,RE-54910,MSC,NAPORTEC,MEDLOG
980,TGHU9544569,,,,,
981,TIIU4128550,,,,,
982,TIIU4241593,,,,,
983,TIIU4467831,,,,,
984,TIIU4530699,,,,,
985,TIIU4692344,8000261 P1 P2 P3 P4 P5 FSC GG,RE-06142,MAERKS,TPG,OPACIFIC
986,TIIU4829479,,,,,
987,TIIU4837221,,,,,
988,TIIU5091034,,,,,
989,TIIU5095718,8000236 P4 FSC GE,RE-04220,MSC,NAPORTEC,MEDLOG
990,TIIU5155519,8000215 P1 FSC GG,RE-54392,MSC,TPG,MEDLOG
991,TIIU5329190,,,,,
992,TIIU5983724,8000236 P1 FSC GE,RE-03395,MSC,NAPORTEC,MEDLOG
993,TIIU6001647,,,,,
994,TIIU7100670,,,,,
995,TLLU5120366,5700011284 P1 P3 GE,RE-06848,MSC,TPG,MEDLOG
996,TLLU5983407,8000261 P1 P2 P3 P4 P5 FSC GG,RE-06142,MAERKS,TPG,OPACIFIC
997,TLLU7528233,,,,,
998,TLLU7560960,,,,,
999,TLLU7566742,,,,,
1000,TLLU7566932,,,,,
1001,TLLU7598605,,,,,
1002,TLLU7855030,5700011067 P5 - 8000203 P2 - 212 P5 - 8000242 P4 F,RE-05174,MSC,TPG,MEDLOG
1003,TLLU7861223,,,,,
1004,TLLU7904618,,,,,
1005,TLLU8601220,8000214 P2 FSC GG,RE-54128,MSC,NAPORTEC,MEDLOG
1006,TRHU4531180,8000198 P5 FSC GE,RE-03838,HALO,TPG,TERCON
1007,TRHU4758908,,,,,
1008,TRHU5032870,,,,,
1009,TRHU5033726,,,,,
1010,TRHU5087281,,,,,
1011,TRHU6012501,8000239 P1 FSC GE,RE-04663,CMA CGM,TPG,BLASTI
1012,TRHU6029248,,,,,
1013,TRHU6110160,,,,,
1014,TRHU6213980,,,,,
1015,TRHU6325023,,,,,
1016,TRHU6380226,5700011108 P2 GG,RE-07749,MSC,TPG,MEDLOG
1017,TRHU6808905,,,,,
1018,TRHU6834740,,,,,
1019,TRHU7207909,,,,,
1020,TRHU7222415,5700011284 P1 P3 GE,RE-06848,MSC,TPG,MEDLOG
1021,TRHU7432216,,,,,
1022,TRHU7455844,,,,,
1023,TRHU7455947,,,,,
1024,TRHU7458308,,,,,
1025,TRHU7477951,,,,,
1026,TRHU7607931,5700011067 P5 - 8000203 P2 - 212 P5 - 8000242 P4 F,RE-05174,MSC,TPG,MEDLOG
1027,TRHU7619763,,,,,
1028,TRHU7765979,8000236 P4 FSC GE,RE-04220,MSC,NAPORTEC,MEDLOG
1029,TRHU7852754,,,,,
1030,TRHU7874394,,,,,
1031,TRHU8293456,,,,,
1032,TRHU8330585,,,,,
1033,TRHU8403953,,,,,
1034,TRHU8422233,,,,,
1035,TRHU8581106,,,,,
1036,TRHU8641843,8000229 P1 FSC GE,RE-06198,MSC,NAPORTEC,MEDLOG
1037,TRHU8731150,,,,,
1038,TRIU8093450,,,,,
1039,TRIU8767814,8000239 P1 FSC GE,RE-04663,CMA CGM,TPG,BLASTI
1040,TTNU8097003,,,,,
1041,TTNU8103976,,,,,
1042,TTNU8187180,,,,,
1043,TTNU8467432,8000239 P1 FSC GE,RE-04663,CMA CGM,TPG,BLASTI
1044,TTNU8601789,,,,,
1045,TTNU8659142,8000239 P1 FSC GE,RE-04663,CMA CGM,TPG,BLASTI
1046,TTNU8688963,,,,,
1047,TTNU8923785,,,,,
1048,TTNU8950918,,,,,
1049,TTNU8958800,8000239 P1 FSC GE,RE-04663,CMA CGM,TPG,BLASTI
1050,TXGU4210528,,,,,
1051,TXGU5380473,,,,,
1052,TXGU5381839,,,,,
1053,TXGU5387159,,,,,
1054,TXGU5390785,,,,,
1055,TXGU5433254,,,,,
1056,TXGU5449749,8000229 P1 FSC GE,RE-06198,MSC,NAPORTEC,MEDLOG
1057,TXGU5461277,,,,,
1058,TXGU6702039,,,,,
1059,TXGU6712280,,,,,
1060,TXGU6784593,8000236 P4 FSC GE,RE-04220,MSC,NAPORTEC,MEDLOG
1061,TXGU6793872,,,,,
1062,TXGU6900034,8000271 P1 FSC GE,RE-05719,HALO,TPG,TPG
1063,TXGU7261745,8000236 P4 FSC GE,RE-04220,MSC,NAPORTEC,MEDLOG
1064,TXGU7997910,,,,,
1065,TXGU8280740,,,,,
1066,TXGU8901030,8000236 P1 FSC GE,RE-03395,MSC,NAPORTEC,MEDLOG
1067,TXGU8922990,5700011067 P5 - 8000203 P2 - 212 P5 - 8000242 P4 F,RE-05174,MSC,TPG,MEDLOG
1068,UACU5918193,,,,,
1069,UETU6030658,,,,,
1070,UETU6075077,,,,,
1071,UETU6136275,8000236 P4 FSC GE,RE-04220,MSC,NAPORTEC,MEDLOG
1072,UETU6255485,,,,,
1073,UETU6320087,,,,,
1074,UETU6392791,8000198 P5 FSC GE,RE-03838,HALO,TPG,TERCON
1075,UETU6551152,,,,,
1076,UETU6562959,,,,,
1077,UETU6591598,5700011108 P2 GG,RE-07749,MSC,TPG,MEDLOG
1078,UETU6628819,,,,,
1079,UETU6711775,8000229 P1 FSC GE,RE-06198,MSC,NAPORTEC,MEDLOG
1080,UETU6723098,,,,,
1081,UETU6854544,URG SPLIT 8000220 P2 FSC GE,RE-07265,HALO,TPG,TERCON
1082,UETU6872316,,,,,
1083,UETU6990319,,,,,
1084,UETU7077222,,,,,
1085,UETU7401239,8000229 P1 FSC GE,RE-06198,MSC,NAPORTEC,MEDLOG
1086,UETU7492007,,,,,
1087,UETU7612653,,,,,
1088,UETU7674146,5700011284 P1 P3 GE,RE-06848,MSC,TPG,MEDLOG
1089,UETU7678199,,,,,
1090,UETU7709469,,,,,
1091,UETU7729613,,,,,
1092,UETU7737840,,,,,
1093,UETU7928662,8000214 P2 FSC GG,RE-54128,MSC,NAPORTEC,MEDLOG
1094,UETU8008740,,,,,
1095,UETU8092788,8000215 P1 FSC GG,RE-54392,MSC,TPG,MEDLOG
1096,UETU8094646,,,,,
1097,UETU8170540,,,,,
1098,UETU8170690,,,,,
1099,UETU8185957,,,,,
1100,UETU8465198,,,,,
1101,UETU8517060,,,,,
1102,UETU8541847,,,,,
1103,UETU8554000,,,,,
1104,ZCSU6566886,,,,,
1105,ZCSU6610660,,,,,
1106,ZCSU7396470,,,,,
1107,ZCSU7422800,,,,,
1108,ZCSU8745371,,,,,
