snapshot_fecha_key,fecha_arribo_gye_key,fecha_salida_autorizada_key,fecha_arribo_key,fecha_cas_key,plan_llegada_grupasa_key,plan_llegada_patio_key,plan_devolucion_vacio_key,contenedor_key,status_key,bodega_key,fecha_snapshot,contenedor_id,pedido,parcial,naviera,puerto,deposito_vacio,fecha_arribo_gye,fecha_salida_autorizada,fecha_arribo,fecha_cas,plan_llegada_grupasa,hora_descarga,plan_slot_grupasa,tipo_asignacion_grupasa,plan_llegada_patio,plan_devolucion_vacio,cumplimiento_grupasa,cumplimiento_galagans,dias_puerto_a_patio,dias_patio_a_bodega,dias_bodega_a_deposito,alerta_cas,cas_vencido
20260327,20260312,20260316,20260319,20260401,,20260319,,2,3,0,2026-03-27,AMCU9327044,8000239 P1 FSC GE,RE-04663,CMA CGM,TPG,BLASTI,2026-03-12,2026-03-16,2026-03-19,2026-04-01,,,,directa_hoja,2026-03-19,,SIN_PLAN,CUMPLE,7.0,,,False,False
20260327,20260312,20260316,20260319,20260401,,20260319,,3,3,0,2026-03-27,APRU6140475,8000239 P1 FSC GE,RE-04663,CMA CGM,TPG,BLASTI,2026-03-12,2026-03-16,2026-03-19,2026-04-01,,,,directa_hoja,2026-03-19,,SIN_PLAN,CUMPLE,7.0,,,False,False
20260327,20260302,20260305,20260307,20260322,20260313,20260307,20260319,5,1,2,2026-03-27,BEAU4549070,8000271 P1 FSC GE,RE-05719,HALO,TPG,TPG,2026-03-02,2026-03-05,2026-03-07,2026-03-22,2026-03-13,,,directa_hoja,2026-03-07,2026-03-19,PENDIENTE,CUMPLE,5.0,,,False,False
20260327,20260320,20260323,20260326,20260409,,20260326,,7,3,0,2026-03-27,BEAU5937341,8000236 P4 FSC GE,RE-04220,MSC,NAPORTEC,MEDLOG,2026-03-20,2026-03-23,2026-03-26,2026-04-09,,,,directa_hoja,2026-03-26,,SIN_PLAN,CUMPLE,6.0,,,False,False
20260327,20260320,20260324,20260325,20260409,,20260325,,10,3,0,2026-03-27,BMOU4603719,8000236 P1 FSC GE,RE-03395,MSC,NAPORTEC,MEDLOG,2026-03-20,2026-03-24,2026-03-25,2026-04-09,,,,directa_hoja,2026-03-25,,SIN_PLAN,CUMPLE,5.0,,,False,False
20260327,20260214,20260219,20260221,20260306,20260305,20260221,20260305,12,1,2,2026-03-27,BMOU5503951,8000215 P1 FSC GG,RE-54392,MSC,TPG,MEDLOG,2026-02-14,2026-02-19,2026-02-21,2026-03-06,2026-03-05,,,directa_hoja,2026-02-21,2026-03-05,PENDIENTE,CUMPLE,7.0,,,False,False
20260327,20260306,20260309,20260314,20260326,20260320,20260314,20260321,14,1,2,2026-03-27,BMOU5969180,8000215 P2 FSC GE,RE-06205,MSC,NAPORTEC,MEDLOG,2026-03-06,2026-03-09,2026-03-14,2026-03-26,2026-03-20,,,directa_hoja,2026-03-14,2026-03-21,PENDIENTE,CUMPLE,8.0,,,False,False
20260327,20260305,20260309,20260310,20260319,20260313,20260310,20260313,19,1,3,2026-03-27,BMOU6903401,5700011067 P5 - 8000203 P2 - 212 P5 - 8000242 P4 F,RE-05174,MSC,TPG,MEDLOG,2026-03-05,2026-03-09,2026-03-10,2026-03-19,2026-03-13,,,directa_hoja,2026-03-10,2026-03-13,PENDIENTE,CUMPLE,5.0,,,False,False
20260327,20260305,20260309,20260310,20260319,20260318,20260310,20260317,21,1,2,2026-03-27,BMOU6954733,5700011067 P5 - 8000203 P2 - 212 P5 - 8000242 P4 F,RE-05174,MSC,TPG,MEDLOG,2026-03-05,2026-03-09,2026-03-10,2026-03-19,2026-03-18,,,directa_hoja,2026-03-10,2026-03-17,PENDIENTE,CUMPLE,5.0,,,False,False
20260327,20260312,20260316,20260319,20260401,20260328,20260319,,23,3,0,2026-03-27,BMOU9628406,8000239 P1 FSC GE,RE-04663,CMA CGM,TPG,BLASTI,2026-03-12,2026-03-16,2026-03-19,2026-04-01,2026-03-28,,,directa_hoja,2026-03-19,,PENDIENTE,CUMPLE,7.0,,,False,False
20260327,20260302,20260305,20260307,20260322,20260312,20260307,20260318,25,1,2,2026-03-27,BSIU8298964,8000271 P1 FSC GE,RE-05719,HALO,TPG,TPG,2026-03-02,2026-03-05,2026-03-07,2026-03-22,2026-03-12,,,directa_hoja,2026-03-07,2026-03-18,PENDIENTE,CUMPLE,5.0,,,False,False
20260327,20260306,20260309,20260311,20260327,20260319,20260311,20260320,27,1,2,2026-03-27,CAAU4558670,8000229 P1 FSC GE,RE-06198,MSC,NAPORTEC,MEDLOG,2026-03-06,2026-03-09,2026-03-11,2026-03-27,2026-03-19,,,directa_hoja,2026-03-11,2026-03-20,PENDIENTE,CUMPLE,5.0,,,False,False
20260327,20260306,20260309,20260312,20260327,20260318,20260312,20260318,28,1,2,2026-03-27,CAAU4583733,8000229 P1 FSC GE,RE-06198,MSC,NAPORTEC,MEDLOG,2026-03-06,2026-03-09,2026-03-12,2026-03-27,2026-03-18,,,directa_hoja,2026-03-12,2026-03-18,PENDIENTE,CUMPLE,6.0,,,False,False
20260327,20260308,20260309,20260311,20260328,20260323,20260311,20260326,30,1,2,2026-03-27,CAAU4722989,8000261 P1 P2 P3 P4 P5 FSC GG,RE-06142,MAERKS,TPG,OPACIFIC,2026-03-08,2026-03-09,2026-03-11,2026-03-28,2026-03-23,,,directa_hoja,2026-03-11,2026-03-26,PENDIENTE,CUMPLE,3.0,,,False,False
20260327,20260305,20260309,20260310,20260319,20260318,20260310,20260318,37,1,2,2026-03-27,CAAU5528160,5700011067 P5 - 8000203 P2 - 212 P5 - 8000242 P4 F,RE-05174,MSC,TPG,MEDLOG,2026-03-05,2026-03-09,2026-03-10,2026-03-19,2026-03-18,,,directa_hoja,2026-03-10,2026-03-18,PENDIENTE,CUMPLE,5.0,,,False,False
20260327,20260315,20260317,20260320,20260329,20260327,20260320,,38,3,0,2026-03-27,CAAU5658204,5700011108 P2 GG,RE-07749,MSC,TPG,MEDLOG,2026-03-15,2026-03-17,2026-03-20,2026-03-29,2026-03-27,,,directa_hoja,2026-03-20,,PENDIENTE,CUMPLE,5.0,,,False,False
20260327,20260308,20260309,20260311,20260328,20260323,20260311,20260326,42,1,2,2026-03-27,CAAU7081791,8000261 P1 P2 P3 P4 P5 FSC GG,RE-06142,MAERKS,TPG,OPACIFIC,2026-03-08,2026-03-09,2026-03-11,2026-03-28,2026-03-23,,,directa_hoja,2026-03-11,2026-03-26,PENDIENTE,CUMPLE,3.0,,,False,False
20260327,20260306,20260309,20260312,20260327,20260319,20260312,20260320,49,1,2,2026-03-27,CAAU7357067,8000229 P1 FSC GE,RE-06198,MSC,NAPORTEC,MEDLOG,2026-03-06,2026-03-09,2026-03-12,2026-03-27,2026-03-19,,,directa_hoja,2026-03-12,2026-03-20,PENDIENTE,CUMPLE,6.0,,,False,False
20260327,20260214,20260219,20260221,20260306,20260305,20260221,20260305,51,1,2,2026-03-27,CAAU7523717,8000215 P1 FSC GG,RE-54392,MSC,TPG,MEDLOG,2026-02-14,2026-02-19,2026-02-21,2026-03-06,2026-03-05,,,directa_hoja,2026-02-21,2026-03-05,PENDIENTE,CUMPLE,7.0,,,False,False
20260327,20260301,20260305,20260307,20260321,20260311,20260307,20260311,52,1,2,2026-03-27,CAAU7529206,8000218 P1 FSC GE,RE-54910,MSC,NAPORTEC,MEDLOG,2026-03-01,2026-03-05,2026-03-07,2026-03-21,2026-03-11,,,directa_hoja,2026-03-07,2026-03-11,PENDIENTE,CUMPLE,6.0,,,False,False
20260327,20260315,20260317,20260320,20260329,20260327,20260320,,53,3,0,2026-03-27,CAAU7534352,5700011108 P2 GG,RE-07749,MSC,TPG,MEDLOG,2026-03-15,2026-03-17,2026-03-20,2026-03-29,2026-03-27,,,directa_hoja,2026-03-20,,PENDIENTE,CUMPLE,5.0,,,False,False
20260327,20260315,20260317,20260320,20260329,20260327,20260320,,58,3,0,2026-03-27,CAAU8149068,5700011108 P2 GG,RE-07749,MSC,TPG,MEDLOG,2026-03-15,2026-03-17,2026-03-20,2026-03-29,2026-03-27,,,directa_hoja,2026-03-20,,PENDIENTE,CUMPLE,5.0,,,False,False
20260327,20260218,20260223,20260224,20260324,20260307,20260224,20260307,61,1,2,2026-03-27,CAAU8210851,8000198 P5 FSC GE,RE-03838,HALO,TPG,TERCON,2026-02-18,2026-02-23,2026-02-24,2026-03-24,2026-03-07,,,directa_hoja,2026-02-24,2026-03-07,PENDIENTE,CUMPLE,6.0,,,False,False
20260327,20260308,20260309,20260311,20260328,20260324,20260311,20260324,67,1,2,2026-03-27,CAAU9168988,8000261 P1 P2 P3 P4 P5 FSC GG,RE-06142,MAERKS,TPG,OPACIFIC,2026-03-08,2026-03-09,2026-03-11,2026-03-28,2026-03-24,,,directa_hoja,2026-03-11,2026-03-24,PENDIENTE,CUMPLE,3.0,,,False,False
20260327,20260215,20260219,20260223,20260307,20260306,20260223,20260306,72,1,2,2026-03-27,CAAU9493102,8000214 P2 FSC GG,RE-54128,MSC,NAPORTEC,MEDLOG,2026-02-15,2026-02-19,2026-02-23,2026-03-07,2026-03-06,,,directa_hoja,2026-02-23,2026-03-06,PENDIENTE,CUMPLE,8.0,,,False,False
20260327,20260301,20260305,20260307,20260321,20260311,20260307,20260311,77,1,2,2026-03-27,CAIU4687052,8000218 P1 FSC GE,RE-54910,MSC,NAPORTEC,MEDLOG,2026-03-01,2026-03-05,2026-03-07,2026-03-21,2026-03-11,,,directa_hoja,2026-03-07,2026-03-11,PENDIENTE,CUMPLE,6.0,,,False,False
20260327,20260305,20260309,20260310,20260319,20260318,20260310,20260317,78,1,2,2026-03-27,CAIU4773232,5700011067 P5 - 8000203 P2 - 212 P5 - 8000242 P4 F,RE-05174,MSC,TPG,MEDLOG,2026-03-05,2026-03-09,2026-03-10,2026-03-19,2026-03-18,,,directa_hoja,2026-03-10,2026-03-17,PENDIENTE,CUMPLE,5.0,,,False,False
20260327,20260320,20260324,20260325,20260409,,20260325,,79,3,0,2026-03-27,CAIU4863399,8000236 P1 FSC GE,RE-03395,MSC,NAPORTEC,MEDLOG,2026-03-20,2026-03-24,2026-03-25,2026-04-09,,,,directa_hoja,2026-03-25,,SIN_PLAN,CUMPLE,5.0,,,False,False
20260327,20260315,20260317,20260320,20260329,20260327,20260320,,84,3,0,2026-03-27,CAIU7038062,5700011108 P2 GG,RE-07749,MSC,TPG,MEDLOG,2026-03-15,2026-03-17,2026-03-20,2026-03-29,2026-03-27,,,directa_hoja,2026-03-20,,PENDIENTE,CUMPLE,5.0,,,False,False
20260327,20260305,20260309,20260310,20260319,20260318,20260310,20260317,86,1,2,2026-03-27,CAIU7355473,5700011067 P5 - 8000203 P2 - 212 P5 - 8000242 P4 F,RE-05174,MSC,TPG,MEDLOG,2026-03-05,2026-03-09,2026-03-10,2026-03-19,2026-03-18,,,directa_hoja,2026-03-10,2026-03-17,PENDIENTE,CUMPLE,5.0,,,False,False
20260327,20260320,20260324,20260325,20260409,,20260325,,89,3,0,2026-03-27,CAIU7555614,8000236 P1 FSC GE,RE-03395,MSC,NAPORTEC,MEDLOG,2026-03-20,2026-03-24,2026-03-25,2026-04-09,,,,directa_hoja,2026-03-25,,SIN_PLAN,CUMPLE,5.0,,,False,False
20260327,20260305,20260309,20260310,20260319,20260317,20260310,20260317,94,1,2,2026-03-27,CAIU8711732,5700011067 P5 - 8000203 P2 - 212 P5 - 8000242 P4 F,RE-05174,MSC,TPG,MEDLOG,2026-03-05,2026-03-09,2026-03-10,2026-03-19,2026-03-17,,,directa_hoja,2026-03-10,2026-03-17,PENDIENTE,CUMPLE,5.0,,,False,False
20260327,20260312,20260316,20260319,20260401,20260328,20260319,,108,3,0,2026-03-27,CGMU5094767,8000239 P1 FSC GE,RE-04663,CMA CGM,TPG,BLASTI,2026-03-12,2026-03-16,2026-03-19,2026-04-01,2026-03-28,,,directa_hoja,2026-03-19,,PENDIENTE,CUMPLE,7.0,,,False,False
20260327,20260312,20260316,20260319,20260401,20260328,20260319,,113,3,0,2026-03-27,CGMU5270700,8000239 P1 FSC GE,RE-04663,CMA CGM,TPG,BLASTI,2026-03-12,2026-03-16,2026-03-19,2026-04-01,2026-03-28,,,directa_hoja,2026-03-19,,PENDIENTE,CUMPLE,7.0,,,False,False
20260327,20260312,20260316,20260319,20260401,20260328,20260319,,116,3,0,2026-03-27,CGMU5356825,8000239 P1 FSC GE,RE-04663,CMA CGM,TPG,BLASTI,2026-03-12,2026-03-16,2026-03-19,2026-04-01,2026-03-28,,,directa_hoja,2026-03-19,,PENDIENTE,CUMPLE,7.0,,,False,False
20260327,20260312,20260316,20260319,20260401,20260328,20260319,,119,3,0,2026-03-27,CGMU5415759,8000239 P1 FSC GE,RE-04663,CMA CGM,TPG,BLASTI,2026-03-12,2026-03-16,2026-03-19,2026-04-01,2026-03-28,,,directa_hoja,2026-03-19,,PENDIENTE,CUMPLE,7.0,,,False,False
20260327,20260312,20260316,20260319,20260401,,20260319,,125,3,0,2026-03-27,CGMU5786209,8000239 P1 FSC GE,RE-04663,CMA CGM,TPG,BLASTI,2026-03-12,2026-03-16,2026-03-19,2026-04-01,,,,directa_hoja,2026-03-19,,SIN_PLAN,CUMPLE,7.0,,,False,False
20260327,20260312,20260316,20260319,20260401,,20260319,,127,3,0,2026-03-27,CGMU6568916,8000239 P1 FSC GE,RE-04663,CMA CGM,TPG,BLASTI,2026-03-12,2026-03-16,2026-03-19,2026-04-01,,,,directa_hoja,2026-03-19,,SIN_PLAN,CUMPLE,7.0,,,False,False
20260327,20260312,20260316,20260319,20260401,,20260319,,128,3,0,2026-03-27,CGMU6584516,8000239 P1 FSC GE,RE-04663,CMA CGM,TPG,BLASTI,2026-03-12,2026-03-16,2026-03-19,2026-04-01,,,,directa_hoja,2026-03-19,,SIN_PLAN,CUMPLE,7.0,,,False,False
20260327,20260312,20260316,20260319,20260401,,20260319,,130,3,0,2026-03-27,CGMU6593760,8000239 P1 FSC GE,RE-04663,CMA CGM,TPG,BLASTI,2026-03-12,2026-03-16,2026-03-19,2026-04-01,,,,directa_hoja,2026-03-19,,SIN_PLAN,CUMPLE,7.0,,,False,False
20260327,20260312,20260316,20260319,20260401,,20260319,,135,3,0,2026-03-27,CGMU7027752,8000239 P1 FSC GE,RE-04663,CMA CGM,TPG,BLASTI,2026-03-12,2026-03-16,2026-03-19,2026-04-01,,,,directa_hoja,2026-03-19,,SIN_PLAN,CUMPLE,7.0,,,False,False
20260327,20260312,20260316,20260319,20260401,,20260319,,137,3,0,2026-03-27,CGMU8002851,8000239 P1 FSC GE,RE-04663,CMA CGM,TPG,BLASTI,2026-03-12,2026-03-16,2026-03-19,2026-04-01,,,,directa_hoja,2026-03-19,,SIN_PLAN,CUMPLE,7.0,,,False,False
20260327,20260312,20260316,20260319,20260401,,20260319,,141,3,0,2026-03-27,CGMU9313251,8000239 P1 FSC GE,RE-04663,CMA CGM,TPG,BLASTI,2026-03-12,2026-03-16,2026-03-19,2026-04-01,,,,directa_hoja,2026-03-19,,SIN_PLAN,CUMPLE,7.0,,,False,False
20260327,20260220,20260225,20260225,20260312,20260307,20260225,20260307,147,1,2,2026-03-27,CMAU4584165,8000235 P1 FSC GE,RE-54923,CMA CGM,TPG,BLASTI,2026-02-20,2026-02-25,2026-02-25,2026-03-12,2026-03-07,,,directa_hoja,2026-02-25,2026-03-07,PENDIENTE,CUMPLE,5.0,,,False,False
20260327,20260220,20260225,20260225,20260312,20260307,20260225,20260307,148,1,2,2026-03-27,CMAU4719888,8000235 P1 FSC GE,RE-54923,CMA CGM,TPG,BLASTI,2026-02-20,2026-02-25,2026-02-25,2026-03-12,2026-03-07,,,directa_hoja,2026-02-25,2026-03-07,PENDIENTE,CUMPLE,5.0,,,False,False
20260327,20260312,20260316,20260319,20260401,20260328,20260319,,149,3,0,2026-03-27,CMAU6466032,8000239 P1 FSC GE,RE-04663,CMA CGM,TPG,BLASTI,2026-03-12,2026-03-16,2026-03-19,2026-04-01,2026-03-28,,,directa_hoja,2026-03-19,,PENDIENTE,CUMPLE,7.0,,,False,False
20260327,20260312,20260316,20260319,20260401,20260328,20260319,,151,3,0,2026-03-27,CMAU7678490,8000239 P1 FSC GE,RE-04663,CMA CGM,TPG,BLASTI,2026-03-12,2026-03-16,2026-03-19,2026-04-01,2026-03-28,,,directa_hoja,2026-03-19,,PENDIENTE,CUMPLE,7.0,,,False,False
20260327,20260315,20260317,20260320,20260329,20260327,20260320,,155,3,0,2026-03-27,CXDU2042270,5700011108 P2 GG,RE-07749,MSC,TPG,MEDLOG,2026-03-15,2026-03-17,2026-03-20,2026-03-29,2026-03-27,,,directa_hoja,2026-03-20,,PENDIENTE,CUMPLE,5.0,,,False,False
20260327,20260305,20260309,20260310,20260319,20260317,20260310,20260317,157,1,2,2026-03-27,CXDU2149308,5700011067 P5 - 8000203 P2 - 212 P5 - 8000242 P4 F,RE-05174,MSC,TPG,MEDLOG,2026-03-05,2026-03-09,2026-03-10,2026-03-19,2026-03-17,,,directa_hoja,2026-03-10,2026-03-17,PENDIENTE,CUMPLE,5.0,,,False,False
20260327,20260312,20260316,20260319,20260401,,20260319,,162,3,0,2026-03-27,CXRU1628450,8000239 P1 FSC GE,RE-04663,CMA CGM,TPG,BLASTI,2026-03-12,2026-03-16,2026-03-19,2026-04-01,,,,directa_hoja,2026-03-19,,SIN_PLAN,CUMPLE,7.0,,,False,False
20260327,20260214,20260219,20260221,20260306,20260305,20260221,20260305,163,1,2,2026-03-27,DFSU6595086,8000215 P1 FSC GG,RE-54392,MSC,TPG,MEDLOG,2026-02-14,2026-02-19,2026-02-21,2026-03-06,2026-03-05,,,directa_hoja,2026-02-21,2026-03-05,PENDIENTE,CUMPLE,7.0,,,False,False
20260327,20260302,20260305,20260307,20260322,20260312,20260307,20260319,164,1,2,2026-03-27,DFSU7418866,8000271 P1 FSC GE,RE-05719,HALO,TPG,TPG,2026-03-02,2026-03-05,2026-03-07,2026-03-22,2026-03-12,,,directa_hoja,2026-03-07,2026-03-19,PENDIENTE,CUMPLE,5.0,,,False,False
20260327,20260305,20260309,20260310,20260319,20260317,20260310,20260317,165,1,2,2026-03-27,DFSU7790298,5700011067 P5 - 8000203 P2 - 212 P5 - 8000242 P4 F,RE-05174,MSC,TPG,MEDLOG,2026-03-05,2026-03-09,2026-03-10,2026-03-19,2026-03-17,,,directa_hoja,2026-03-10,2026-03-17,PENDIENTE,CUMPLE,5.0,,,False,False
20260327,20260305,20260309,20260310,20260319,20260317,20260310,20260317,166,1,2,2026-03-27,DRYU9385816,5700011067 P5 - 8000203 P2 - 212 P5 - 8000242 P4 F,RE-05174,MSC,TPG,MEDLOG,2026-03-05,2026-03-09,2026-03-10,2026-03-19,2026-03-17,,,directa_hoja,2026-03-10,2026-03-17,PENDIENTE,CUMPLE,5.0,,,False,False
20260327,20260214,20260219,20260221,20260306,20260305,20260221,20260305,167,1,2,2026-03-27,DRYU9712729,8000215 P1 FSC GG,RE-54392,MSC,TPG,MEDLOG,2026-02-14,2026-02-19,2026-02-21,2026-03-06,2026-03-05,,,directa_hoja,2026-02-21,2026-03-05,PENDIENTE,CUMPLE,7.0,,,False,False
20260327,20260220,20260225,20260225,20260312,20260307,20260225,20260307,169,1,2,2026-03-27,ECMU7056288,8000235 P1 FSC GE,RE-54923,CMA CGM,TPG,BLASTI,2026-02-20,2026-02-25,2026-02-25,2026-03-12,2026-03-07,,,directa_hoja,2026-02-25,2026-03-07,PENDIENTE,CUMPLE,5.0,,,False,False
20260327,20260302,20260305,20260307,20260322,20260313,20260307,20260317,170,1,2,2026-03-27,FANU1183469,8000271 P1 FSC GE,RE-05719,HALO,TPG,TPG,2026-03-02,2026-03-05,2026-03-07,2026-03-22,2026-03-13,,,directa_hoja,2026-03-07,2026-03-17,PENDIENTE,CUMPLE,5.0,,,False,False
20260327,20260302,20260305,20260307,20260322,20260313,20260307,20260312,171,1,2,2026-03-27,FANU1494455,8000271 P1 FSC GE,RE-05719,HALO,TPG,TPG,2026-03-02,2026-03-05,2026-03-07,2026-03-22,2026-03-13,,,directa_hoja,2026-03-07,2026-03-12,PENDIENTE,CUMPLE,5.0,,,False,False
20260327,20260302,20260305,20260307,20260322,20260312,20260307,20260319,172,1,2,2026-03-27,FANU1494882,8000271 P1 FSC GE,RE-05719,HALO,TPG,TPG,2026-03-02,2026-03-05,2026-03-07,2026-03-22,2026-03-12,,,directa_hoja,2026-03-07,2026-03-19,PENDIENTE,CUMPLE,5.0,,,False,False
20260327,20260302,20260305,20260307,20260322,20260313,20260307,20260317,176,1,2,2026-03-27,FANU3252445,8000271 P1 FSC GE,RE-05719,HALO,TPG,TPG,2026-03-02,2026-03-05,2026-03-07,2026-03-22,2026-03-13,,,directa_hoja,2026-03-07,2026-03-17,PENDIENTE,CUMPLE,5.0,,,False,False
20260327,20260302,20260305,20260307,20260322,20260312,20260307,20260319,177,1,2,2026-03-27,FANU3261196,8000271 P1 FSC GE,RE-05719,HALO,TPG,TPG,2026-03-02,2026-03-05,2026-03-07,2026-03-22,2026-03-12,,,directa_hoja,2026-03-07,2026-03-19,PENDIENTE,CUMPLE,5.0,,,False,False
20260327,20260302,20260305,20260307,20260322,20260313,20260307,20260319,181,1,2,2026-03-27,FANU3355720,8000271 P1 FSC GE,RE-05719,HALO,TPG,TPG,2026-03-02,2026-03-05,2026-03-07,2026-03-22,2026-03-13,,,directa_hoja,2026-03-07,2026-03-19,PENDIENTE,CUMPLE,5.0,,,False,False
20260327,20260225,20260226,20260227,20260227,20260227,20260227,20260227,183,1,3,2026-03-27,FANU3425751,5700011308 P1 ARCLAD GE,RE-05556,HALO,TPG,TPG,2026-02-25,2026-02-26,2026-02-27,2026-02-27,2026-02-27,,,directa_hoja,2026-02-27,2026-02-27,PENDIENTE,CUMPLE,,,,False,False
20260327,20260302,20260310,20260310,20260310,20260310,20260310,20260310,185,1,2,2026-03-27,FANU3449305,SPLIT 8000220 P1 FSC GE,RE-54108,HALO,TPG,TPG,2026-03-02,2026-03-10,2026-03-10,2026-03-10,2026-03-10,,,directa_hoja,2026-03-10,2026-03-10,PENDIENTE,CUMPLE,,,,False,False
20260327,20260316,20260318,20260323,20260405,,20260323,,186,3,0,2026-03-27,FANU3529057,URG SPLIT 8000220 P2 FSC GE,RE-07265,HALO,TPG,TERCON,2026-03-16,2026-03-18,2026-03-23,2026-04-05,,,,directa_hoja,2026-03-23,,SIN_PLAN,CUMPLE,7.0,,,False,False
20260327,20260316,20260318,20260319,20260405,20260319,20260319,20260319,188,1,2,2026-03-27,FANU3745903,URG SPLIT 8000220 P2 FSC GE,RE-07265,HALO,TPG,TERCON,2026-03-16,2026-03-18,2026-03-19,2026-04-05,2026-03-19,,,directa_hoja,2026-03-19,2026-03-19,PENDIENTE,CUMPLE,,,,False,False
20260327,20260312,20260316,20260319,20260401,20260328,20260319,,190,3,0,2026-03-27,FBIU5082801,8000239 P1 FSC GE,RE-04663,CMA CGM,TPG,BLASTI,2026-03-12,2026-03-16,2026-03-19,2026-04-01,2026-03-28,,,directa_hoja,2026-03-19,,PENDIENTE,CUMPLE,7.0,,,False,False
20260327,20260301,20260305,20260307,20260321,20260311,20260307,20260311,194,1,2,2026-03-27,FBLU0116328,8000218 P1 FSC GE,RE-54910,MSC,NAPORTEC,MEDLOG,2026-03-01,2026-03-05,2026-03-07,2026-03-21,2026-03-11,,,directa_hoja,2026-03-07,2026-03-11,PENDIENTE,CUMPLE,6.0,,,False,False
20260327,20260305,20260309,20260310,20260319,20260315,20260310,20260315,195,1,3,2026-03-27,FCIU7382456,5700011067 P5 - 8000203 P2 - 212 P5 - 8000242 P4 F,RE-05174,MSC,TPG,MEDLOG,2026-03-05,2026-03-09,2026-03-10,2026-03-19,2026-03-15,,,directa_hoja,2026-03-10,2026-03-15,PENDIENTE,CUMPLE,5.0,,,False,False
20260327,20260315,20260318,20260321,20260329,,20260321,,197,3,0,2026-03-27,FCIU7421948,5700011284 P1 P3 GE,RE-06848,MSC,TPG,MEDLOG,2026-03-15,2026-03-18,2026-03-21,2026-03-29,,,,directa_hoja,2026-03-21,,SIN_PLAN,CUMPLE,6.0,,,False,False
20260327,20260301,20260305,20260307,20260321,20260311,20260307,20260311,198,1,2,2026-03-27,FCIU9027867,8000218 P1 FSC GE,RE-54910,MSC,NAPORTEC,MEDLOG,2026-03-01,2026-03-05,2026-03-07,2026-03-21,2026-03-11,,,directa_hoja,2026-03-07,2026-03-11,PENDIENTE,CUMPLE,6.0,,,False,False
20260327,20260214,20260219,20260221,20260306,20260305,20260221,20260305,201,1,2,2026-03-27,FDCU0091063,8000215 P1 FSC GG,RE-54392,MSC,TPG,MEDLOG,2026-02-14,2026-02-19,2026-02-21,2026-03-06,2026-03-05,,,directa_hoja,2026-02-21,2026-03-05,PENDIENTE,CUMPLE,7.0,,,False,False
20260327,20260302,20260305,20260307,20260322,20260312,20260307,20260318,204,1,2,2026-03-27,FFAU1231692,8000271 P1 FSC GE,RE-05719,HALO,TPG,TPG,2026-03-02,2026-03-05,2026-03-07,2026-03-22,2026-03-12,,,directa_hoja,2026-03-07,2026-03-18,PENDIENTE,CUMPLE,5.0,,,False,False
20260327,20260305,20260309,20260310,20260319,20260315,20260310,20260315,205,1,3,2026-03-27,FFAU1563001,5700011067 P5 - 8000203 P2 - 212 P5 - 8000242 P4 F,RE-05174,MSC,TPG,MEDLOG,2026-03-05,2026-03-09,2026-03-10,2026-03-19,2026-03-15,,,directa_hoja,2026-03-10,2026-03-15,PENDIENTE,CUMPLE,5.0,,,False,False
20260327,20260306,20260309,20260312,20260327,20260318,20260312,20260318,210,1,2,2026-03-27,FFAU1972170,8000229 P1 FSC GE,RE-06198,MSC,NAPORTEC,MEDLOG,2026-03-06,2026-03-09,2026-03-12,2026-03-27,2026-03-18,,,directa_hoja,2026-03-12,2026-03-18,PENDIENTE,CUMPLE,6.0,,,False,False
20260327,20260305,20260309,20260310,20260319,20260313,20260310,20260313,213,1,2,2026-03-27,FFAU2265378,5700011067 P5 - 8000203 P2 - 212 P5 - 8000242 P4 F,RE-05174,MSC,TPG,MEDLOG,2026-03-05,2026-03-09,2026-03-10,2026-03-19,2026-03-13,,,directa_hoja,2026-03-10,2026-03-13,PENDIENTE,CUMPLE,5.0,,,False,False
20260327,20260305,20260309,20260310,20260319,20260313,20260310,20260313,218,1,3,2026-03-27,FFAU3505513,5700011067 P5 - 8000203 P2 - 212 P5 - 8000242 P4 F,RE-05174,MSC,TPG,MEDLOG,2026-03-05,2026-03-09,2026-03-10,2026-03-19,2026-03-13,,,directa_hoja,2026-03-10,2026-03-13,PENDIENTE,CUMPLE,5.0,,,False,False
20260327,20260320,20260323,20260326,20260409,,20260326,,222,3,0,2026-03-27,FFAU3894570,8000236 P4 FSC GE,RE-04220,MSC,NAPORTEC,MEDLOG,2026-03-20,2026-03-23,2026-03-26,2026-04-09,,,,directa_hoja,2026-03-26,,SIN_PLAN,CUMPLE,6.0,,,False,False
20260327,20260303,20260306,20260309,20260318,20260311,20260309,20260312,231,1,3,2026-03-27,FFAU4938565,5700011308 P2 ARCLAD GE,RE-05572,HALO,TPG,TPG,2026-03-03,2026-03-06,2026-03-09,2026-03-18,2026-03-11,,,directa_hoja,2026-03-09,2026-03-12,PENDIENTE,CUMPLE,6.0,,,False,False
20260327,20260308,20260309,20260312,20260328,20260324,20260312,20260325,239,1,2,2026-03-27,FFAU5721893,8000261 P1 P2 P3 P4 P5 FSC GG,RE-06142,MAERKS,TPG,OPACIFIC,2026-03-08,2026-03-09,2026-03-12,2026-03-28,2026-03-24,,,directa_hoja,2026-03-12,2026-03-25,PENDIENTE,CUMPLE,4.0,,,False,False
20260327,20260215,20260219,20260223,20260307,20260306,20260223,20260306,240,1,2,2026-03-27,FFAU5730257,8000214 P2 FSC GG,RE-54128,MSC,NAPORTEC,MEDLOG,2026-02-15,2026-02-19,2026-02-23,2026-03-07,2026-03-06,,,directa_hoja,2026-02-23,2026-03-06,PENDIENTE,CUMPLE,8.0,,,False,False
20260327,20260301,20260305,20260307,20260321,20260310,20260307,20260310,241,1,2,2026-03-27,FFAU5739655,8000218 P1 FSC GE,RE-54910,MSC,NAPORTEC,MEDLOG,2026-03-01,2026-03-05,2026-03-07,2026-03-21,2026-03-10,,,directa_hoja,2026-03-07,2026-03-10,PENDIENTE,CUMPLE,6.0,,,False,False
20260327,20260306,20260309,20260311,20260327,20260319,20260311,20260320,245,1,2,2026-03-27,FFAU6608388,8000229 P1 FSC GE,RE-06198,MSC,NAPORTEC,MEDLOG,2026-03-06,2026-03-09,2026-03-11,2026-03-27,2026-03-19,,,directa_hoja,2026-03-11,2026-03-20,PENDIENTE,CUMPLE,5.0,,,False,False
20260327,20260320,20260324,20260325,20260409,,20260325,,248,3,0,2026-03-27,FSCU7112969,8000236 P1 FSC GE,RE-03395,MSC,NAPORTEC,MEDLOG,2026-03-20,2026-03-24,2026-03-25,2026-04-09,,,,directa_hoja,2026-03-25,,SIN_PLAN,CUMPLE,5.0,,,False,False
20260327,20260215,20260219,20260223,20260307,20260306,20260223,20260306,251,1,2,2026-03-27,FSCU8331025,8000214 P2 FSC GG,RE-54128,MSC,NAPORTEC,MEDLOG,2026-02-15,2026-02-19,2026-02-23,2026-03-07,2026-03-06,,,directa_hoja,2026-02-23,2026-03-06,PENDIENTE,CUMPLE,8.0,,,False,False
20260327,20260308,20260309,20260312,20260328,20260325,20260312,20260326,257,1,2,2026-03-27,GAOU7278951,8000261 P1 P2 P3 P4 P5 FSC GG,RE-06142,MAERKS,TPG,OPACIFIC,2026-03-08,2026-03-09,2026-03-12,2026-03-28,2026-03-25,,,directa_hoja,2026-03-12,2026-03-26,PENDIENTE,CUMPLE,4.0,,,False,False
20260327,20260305,20260309,20260310,20260319,20260313,20260310,20260313,258,1,3,2026-03-27,GAOU7436086,5700011067 P5 - 8000203 P2 - 212 P5 - 8000242 P4 F,RE-05174,MSC,TPG,MEDLOG,2026-03-05,2026-03-09,2026-03-10,2026-03-19,2026-03-13,,,directa_hoja,2026-03-10,2026-03-13,PENDIENTE,CUMPLE,5.0,,,False,False
20260327,20260308,20260309,20260312,20260328,20260324,20260312,20260324,260,1,2,2026-03-27,GCXU5553824,8000261 P1 P2 P3 P4 P5 FSC GG,RE-06142,MAERKS,TPG,OPACIFIC,2026-03-08,2026-03-09,2026-03-12,2026-03-28,2026-03-24,,,directa_hoja,2026-03-12,2026-03-24,PENDIENTE,CUMPLE,4.0,,,False,False
20260327,20260308,20260309,20260312,20260328,20260323,20260312,20260323,262,1,2,2026-03-27,GCXU5752744,8000261 P1 P2 P3 P4 P5 FSC GG,RE-06142,MAERKS,TPG,OPACIFIC,2026-03-08,2026-03-09,2026-03-12,2026-03-28,2026-03-23,,,directa_hoja,2026-03-12,2026-03-23,PENDIENTE,CUMPLE,4.0,,,False,False
20260327,20260302,20260305,20260307,20260322,20260313,20260307,20260319,264,1,2,2026-03-27,GCXU5981890,8000271 P1 FSC GE,RE-05719,HALO,TPG,TPG,2026-03-02,2026-03-05,2026-03-07,2026-03-22,2026-03-13,,,directa_hoja,2026-03-07,2026-03-19,PENDIENTE,CUMPLE,5.0,,,False,False
20260327,20260312,20260316,20260319,20260401,,20260319,,267,3,0,2026-03-27,GESU9452515,8000239 P1 FSC GE,RE-04663,CMA CGM,TPG,BLASTI,2026-03-12,2026-03-16,2026-03-19,2026-04-01,,,,directa_hoja,2026-03-19,,SIN_PLAN,CUMPLE,7.0,,,False,False
20260327,20260218,20260223,20260224,20260324,20260307,20260224,20260307,272,1,2,2026-03-27,HAMU1495932,8000198 P5 FSC GE,RE-03838,HALO,TPG,TERCON,2026-02-18,2026-02-23,2026-02-24,2026-03-24,2026-03-07,,,directa_hoja,2026-02-24,2026-03-07,PENDIENTE,CUMPLE,6.0,,,False,False
20260327,20260316,20260318,20260323,20260405,,20260323,,274,3,0,2026-03-27,HAMU1540501,URG SPLIT 8000220 P2 FSC GE,RE-07265,HALO,TPG,TERCON,2026-03-16,2026-03-18,2026-03-23,2026-04-05,,,,directa_hoja,2026-03-23,,SIN_PLAN,CUMPLE,7.0,,,False,False
20260327,20260218,20260223,20260224,20260324,20260307,20260224,20260307,278,1,2,2026-03-27,HAMU1730477,8000198 P5 FSC GE,RE-03838,HALO,TPG,TERCON,2026-02-18,2026-02-23,2026-02-24,2026-03-24,2026-03-07,,,directa_hoja,2026-02-24,2026-03-07,PENDIENTE,CUMPLE,6.0,,,False,False
20260327,20260302,20260305,20260307,20260322,20260313,20260307,20260318,279,1,2,2026-03-27,HAMU1764944,8000271 P1 FSC GE,RE-05719,HALO,TPG,TPG,2026-03-02,2026-03-05,2026-03-07,2026-03-22,2026-03-13,,,directa_hoja,2026-03-07,2026-03-18,PENDIENTE,CUMPLE,5.0,,,False,False
20260327,20260218,20260223,20260224,20260324,20260307,20260224,20260307,280,1,2,2026-03-27,HAMU1837655,8000198 P5 FSC GE,RE-03838,HALO,TPG,TERCON,2026-02-18,2026-02-23,2026-02-24,2026-03-24,2026-03-07,,,directa_hoja,2026-02-24,2026-03-07,PENDIENTE,CUMPLE,6.0,,,False,False
20260327,20260316,20260318,20260323,20260405,,20260323,,284,3,0,2026-03-27,HAMU2193876,URG SPLIT 8000220 P2 FSC GE,RE-07265,HALO,TPG,TERCON,2026-03-16,2026-03-18,2026-03-23,2026-04-05,,,,directa_hoja,2026-03-23,,SIN_PLAN,CUMPLE,7.0,,,False,False
20260327,20260316,20260318,20260323,20260405,,20260323,,285,3,0,2026-03-27,HAMU2198970,URG SPLIT 8000220 P2 FSC GE,RE-07265,HALO,TPG,TERCON,2026-03-16,2026-03-18,2026-03-23,2026-04-05,,,,directa_hoja,2026-03-23,,SIN_PLAN,CUMPLE,7.0,,,False,False
20260327,20260316,20260318,20260323,20260405,,20260323,,288,3,0,2026-03-27,HAMU2447008,URG SPLIT 8000220 P2 FSC GE,RE-07265,HALO,TPG,TERCON,2026-03-16,2026-03-18,2026-03-23,2026-04-05,,,,directa_hoja,2026-03-23,,SIN_PLAN,CUMPLE,7.0,,,False,False
20260327,20260316,20260318,20260323,20260405,,20260323,,290,3,0,2026-03-27,HAMU2484932,URG SPLIT 8000220 P2 FSC GE,RE-07265,HALO,TPG,TERCON,2026-03-16,2026-03-18,2026-03-23,2026-04-05,,,,directa_hoja,2026-03-23,,SIN_PLAN,CUMPLE,7.0,,,False,False
20260327,20260316,20260318,20260323,20260405,,20260323,,292,3,0,2026-03-27,HAMU2551650,URG SPLIT 8000220 P2 FSC GE,RE-07265,HALO,TPG,TERCON,2026-03-16,2026-03-18,2026-03-23,2026-04-05,,,,directa_hoja,2026-03-23,,SIN_PLAN,CUMPLE,7.0,,,False,False
20260327,20260316,20260318,20260323,20260405,,20260323,,293,3,0,2026-03-27,HAMU2559820,URG SPLIT 8000220 P2 FSC GE,RE-07265,HALO,TPG,TERCON,2026-03-16,2026-03-18,2026-03-23,2026-04-05,,,,directa_hoja,2026-03-23,,SIN_PLAN,CUMPLE,7.0,,,False,False
20260327,20260218,20260223,20260224,20260324,20260307,20260224,20260307,296,1,2,2026-03-27,HAMU3016350,8000198 P5 FSC GE,RE-03838,HALO,TPG,TERCON,2026-02-18,2026-02-23,2026-02-24,2026-03-24,2026-03-07,,,directa_hoja,2026-02-24,2026-03-07,PENDIENTE,CUMPLE,6.0,,,False,False
20260327,20260316,20260318,20260323,20260405,,20260323,,297,3,0,2026-03-27,HAMU3097671,URG SPLIT 8000220 P2 FSC GE,RE-07265,HALO,TPG,TERCON,2026-03-16,2026-03-18,2026-03-23,2026-04-05,,,,directa_hoja,2026-03-23,,SIN_PLAN,CUMPLE,7.0,,,False,False
20260327,20260316,20260318,20260323,20260405,,20260323,,301,3,0,2026-03-27,HAMU3228513,URG SPLIT 8000220 P2 FSC GE,RE-07265,HALO,TPG,TERCON,2026-03-16,2026-03-18,2026-03-23,2026-04-05,,,,directa_hoja,2026-03-23,,SIN_PLAN,CUMPLE,7.0,,,False,False
20260327,20260316,20260318,20260323,20260405,,20260323,,306,3,0,2026-03-27,HAMU3285827,URG SPLIT 8000220 P2 FSC GE,RE-07265,HALO,TPG,TERCON,2026-03-16,2026-03-18,2026-03-23,2026-04-05,,,,directa_hoja,2026-03-23,,SIN_PLAN,CUMPLE,7.0,,,False,False
20260327,20260316,20260318,20260323,20260405,,20260323,,307,3,0,2026-03-27,HAMU3414056,URG SPLIT 8000220 P2 FSC GE,RE-07265,HALO,TPG,TERCON,2026-03-16,2026-03-18,2026-03-23,2026-04-05,,,,directa_hoja,2026-03-23,,SIN_PLAN,CUMPLE,7.0,,,False,False
20260327,20260316,20260318,20260323,20260405,,20260323,,313,3,0,2026-03-27,HAMU3769689,URG SPLIT 8000220 P2 FSC GE,RE-07265,HALO,TPG,TERCON,2026-03-16,2026-03-18,2026-03-23,2026-04-05,,,,directa_hoja,2026-03-23,,SIN_PLAN,CUMPLE,7.0,,,False,False
20260327,20260316,20260318,20260323,20260405,,20260323,,315,3,0,2026-03-27,HAMU3822206,URG SPLIT 8000220 P2 FSC GE,RE-07265,HALO,TPG,TERCON,2026-03-16,2026-03-18,2026-03-23,2026-04-05,,,,directa_hoja,2026-03-23,,SIN_PLAN,CUMPLE,7.0,,,False,False
20260327,20260316,20260318,20260323,20260405,,20260323,,316,3,0,2026-03-27,HAMU3843019,URG SPLIT 8000220 P2 FSC GE,RE-07265,HALO,TPG,TERCON,2026-03-16,2026-03-18,2026-03-23,2026-04-05,,,,directa_hoja,2026-03-23,,SIN_PLAN,CUMPLE,7.0,,,False,False
20260327,20260225,20260226,20260227,20260227,20260303,20260227,20260303,317,1,3,2026-03-27,HAMU3858615,5700011308 P1 ARCLAD GE,RE-05556,HALO,TPG,TPG,2026-02-25,2026-02-26,2026-02-27,2026-02-27,2026-03-03,,,directa_hoja,2026-02-27,2026-03-03,PENDIENTE,CUMPLE,2.0,,,False,False
20260327,20260316,20260318,20260323,20260405,,20260323,,327,3,0,2026-03-27,HAMU4447096,URG SPLIT 8000220 P2 FSC GE,RE-07265,HALO,TPG,TERCON,2026-03-16,2026-03-18,2026-03-23,2026-04-05,,,,directa_hoja,2026-03-23,,SIN_PLAN,CUMPLE,7.0,,,False,False
20260327,20260316,20260318,20260323,20260405,,20260323,,331,3,0,2026-03-27,HAMU5122290,URG SPLIT 8000220 P2 FSC GE,RE-07265,HALO,TPG,TERCON,2026-03-16,2026-03-18,2026-03-23,2026-04-05,,,,directa_hoja,2026-03-23,,SIN_PLAN,CUMPLE,7.0,,,False,False
20260327,20260302,20260305,20260307,20260322,20260313,20260307,20260312,332,1,2,2026-03-27,HAMU5149310,8000271 P1 FSC GE,RE-05719,HALO,TPG,TPG,2026-03-02,2026-03-05,2026-03-07,2026-03-22,2026-03-13,,,directa_hoja,2026-03-07,2026-03-12,PENDIENTE,CUMPLE,5.0,,,False,False
20260327,20260308,20260309,20260311,20260328,20260323,20260311,20260323,333,1,2,2026-03-27,HASU4861580,8000261 P1 P2 P3 P4 P5 FSC GG,RE-06142,MAERKS,TPG,OPACIFIC,2026-03-08,2026-03-09,2026-03-11,2026-03-28,2026-03-23,,,directa_hoja,2026-03-11,2026-03-23,PENDIENTE,CUMPLE,3.0,,,False,False
20260327,20260302,20260305,20260307,20260322,20260312,20260307,20260312,336,1,2,2026-03-27,HLBU2271752,8000271 P1 FSC GE,RE-05719,HALO,TPG,TPG,2026-03-02,2026-03-05,2026-03-07,2026-03-22,2026-03-12,,,directa_hoja,2026-03-07,2026-03-12,PENDIENTE,CUMPLE,5.0,,,False,False
20260327,20260302,20260305,20260307,20260322,20260312,20260307,20260317,337,1,2,2026-03-27,HLBU2683385,8000271 P1 FSC GE,RE-05719,HALO,TPG,TPG,2026-03-02,2026-03-05,2026-03-07,2026-03-22,2026-03-12,,,directa_hoja,2026-03-07,2026-03-17,PENDIENTE,CUMPLE,5.0,,,False,False
20260327,20260302,20260305,20260307,20260322,20260312,20260307,20260317,338,1,2,2026-03-27,HLBU3219086,8000271 P1 FSC GE,RE-05719,HALO,TPG,TPG,2026-03-02,2026-03-05,2026-03-07,2026-03-22,2026-03-12,,,directa_hoja,2026-03-07,2026-03-17,PENDIENTE,CUMPLE,5.0,,,False,False
20260327,20260218,20260223,20260224,20260324,20260307,20260224,20260307,339,1,2,2026-03-27,HLXU8164846,8000198 P5 FSC GE,RE-03838,HALO,TPG,TERCON,2026-02-18,2026-02-23,2026-02-24,2026-03-24,2026-03-07,,,directa_hoja,2026-02-24,2026-03-07,PENDIENTE,CUMPLE,6.0,,,False,False
20260327,20260218,20260223,20260224,20260324,20260307,20260224,20260307,341,1,2,2026-03-27,HLXU8605453,8000198 P5 FSC GE,RE-03838,HALO,TPG,TERCON,2026-02-18,2026-02-23,2026-02-24,2026-03-24,2026-03-07,,,directa_hoja,2026-02-24,2026-03-07,PENDIENTE,CUMPLE,6.0,,,False,False
20260327,20260214,20260219,20260221,20260306,20260305,20260221,20260305,342,1,2,2026-03-27,HNSU5026296,8000215 P1 FSC GG,RE-54392,MSC,TPG,MEDLOG,2026-02-14,2026-02-19,2026-02-21,2026-03-06,2026-03-05,,,directa_hoja,2026-02-21,2026-03-05,PENDIENTE,CUMPLE,7.0,,,False,False
20260327,20260306,20260309,20260314,20260326,20260320,20260314,20260321,353,1,2,2026-03-27,MEDU4505056,8000215 P2 FSC GE,RE-06205,MSC,NAPORTEC,MEDLOG,2026-03-06,2026-03-09,2026-03-14,2026-03-26,2026-03-20,,,directa_hoja,2026-03-14,2026-03-21,PENDIENTE,CUMPLE,8.0,,,False,False
20260327,20260306,20260309,20260314,20260326,20260320,20260314,20260321,356,1,2,2026-03-27,MEDU4618237,8000215 P2 FSC GE,RE-06205,MSC,NAPORTEC,MEDLOG,2026-03-06,2026-03-09,2026-03-14,2026-03-26,2026-03-20,,,directa_hoja,2026-03-14,2026-03-21,PENDIENTE,CUMPLE,8.0,,,False,False
20260327,20260214,20260219,20260221,20260306,20260305,20260221,20260305,358,1,2,2026-03-27,MEDU4779458,8000215 P1 FSC GG,RE-54392,MSC,TPG,MEDLOG,2026-02-14,2026-02-19,2026-02-21,2026-03-06,2026-03-05,,,directa_hoja,2026-02-21,2026-03-05,PENDIENTE,CUMPLE,7.0,,,False,False
20260327,20260320,20260324,20260325,20260409,,20260325,,363,3,0,2026-03-27,MEDU7075920,8000236 P1 FSC GE,RE-03395,MSC,NAPORTEC,MEDLOG,2026-03-20,2026-03-24,2026-03-25,2026-04-09,,,,directa_hoja,2026-03-25,,SIN_PLAN,CUMPLE,5.0,,,False,False
20260327,20260306,20260309,20260313,20260326,20260320,20260313,20260321,368,1,2,2026-03-27,MEDU7217520,8000215 P2 FSC GE,RE-06205,MSC,NAPORTEC,MEDLOG,2026-03-06,2026-03-09,2026-03-13,2026-03-26,2026-03-20,,,directa_hoja,2026-03-13,2026-03-21,PENDIENTE,CUMPLE,7.0,,,False,False
20260327,20260320,20260324,20260325,20260409,,20260325,,370,3,0,2026-03-27,MEDU7419239,8000236 P1 FSC GE,RE-03395,MSC,NAPORTEC,MEDLOG,2026-03-20,2026-03-24,2026-03-25,2026-04-09,,,,directa_hoja,2026-03-25,,SIN_PLAN,CUMPLE,5.0,,,False,False
20260327,20260306,20260309,20260313,20260326,20260320,20260313,20260320,380,1,2,2026-03-27,MEDU8863470,8000215 P2 FSC GE,RE-06205,MSC,NAPORTEC,MEDLOG,2026-03-06,2026-03-09,2026-03-13,2026-03-26,2026-03-20,,,directa_hoja,2026-03-13,2026-03-20,PENDIENTE,CUMPLE,7.0,,,False,False
20260327,20260305,20260309,20260310,20260319,20260315,20260310,20260315,382,1,3,2026-03-27,MEDU9369775,5700011067 P5 - 8000203 P2 - 212 P5 - 8000242 P4 F,RE-05174,MSC,TPG,MEDLOG,2026-03-05,2026-03-09,2026-03-10,2026-03-19,2026-03-15,,,directa_hoja,2026-03-10,2026-03-15,PENDIENTE,CUMPLE,5.0,,,False,False
20260327,20260308,20260309,20260312,20260328,20260325,20260312,20260325,388,1,2,2026-03-27,MRKU2642765,8000261 P1 P2 P3 P4 P5 FSC GG,RE-06142,MAERKS,TPG,OPACIFIC,2026-03-08,2026-03-09,2026-03-12,2026-03-28,2026-03-25,,,directa_hoja,2026-03-12,2026-03-25,PENDIENTE,CUMPLE,4.0,,,False,False
20260327,20260308,20260309,20260311,20260328,20260323,20260311,20260326,389,1,2,2026-03-27,MRKU2824918,8000261 P1 P2 P3 P4 P5 FSC GG,RE-06142,MAERKS,TPG,OPACIFIC,2026-03-08,2026-03-09,2026-03-11,2026-03-28,2026-03-23,,,directa_hoja,2026-03-11,2026-03-26,PENDIENTE,CUMPLE,3.0,,,False,False
20260327,20260308,20260309,20260312,20260328,20260325,20260312,20260325,391,1,2,2026-03-27,MRKU3677508,8000261 P1 P2 P3 P4 P5 FSC GG,RE-06142,MAERKS,TPG,OPACIFIC,2026-03-08,2026-03-09,2026-03-12,2026-03-28,2026-03-25,,,directa_hoja,2026-03-12,2026-03-25,PENDIENTE,CUMPLE,4.0,,,False,False
20260327,20260308,20260309,20260311,20260328,20260323,20260311,20260324,392,1,2,2026-03-27,MRKU4857612,8000261 P1 P2 P3 P4 P5 FSC GG,RE-06142,MAERKS,TPG,OPACIFIC,2026-03-08,2026-03-09,2026-03-11,2026-03-28,2026-03-23,,,directa_hoja,2026-03-11,2026-03-24,PENDIENTE,CUMPLE,3.0,,,False,False
20260327,20260308,20260309,20260312,20260328,20260325,20260312,20260325,393,1,2,2026-03-27,MRKU4866260,8000261 P1 P2 P3 P4 P5 FSC GG,RE-06142,MAERKS,TPG,OPACIFIC,2026-03-08,2026-03-09,2026-03-12,2026-03-28,2026-03-25,,,directa_hoja,2026-03-12,2026-03-25,PENDIENTE,CUMPLE,4.0,,,False,False
20260327,20260308,20260309,20260311,20260328,20260323,20260311,20260323,394,1,2,2026-03-27,MRKU4884238,8000261 P1 P2 P3 P4 P5 FSC GG,RE-06142,MAERKS,TPG,OPACIFIC,2026-03-08,2026-03-09,2026-03-11,2026-03-28,2026-03-23,,,directa_hoja,2026-03-11,2026-03-23,PENDIENTE,CUMPLE,3.0,,,False,False
20260327,20260308,20260309,20260312,20260328,20260324,20260312,20260324,396,1,2,2026-03-27,MRKU5169276,8000261 P1 P2 P3 P4 P5 FSC GG,RE-06142,MAERKS,TPG,OPACIFIC,2026-03-08,2026-03-09,2026-03-12,2026-03-28,2026-03-24,,,directa_hoja,2026-03-12,2026-03-24,PENDIENTE,CUMPLE,4.0,,,False,False
20260327,20260308,20260309,20260311,20260328,20260323,20260311,20260323,398,1,2,2026-03-27,MRKU5520570,8000261 P1 P2 P3 P4 P5 FSC GG,RE-06142,MAERKS,TPG,OPACIFIC,2026-03-08,2026-03-09,2026-03-11,2026-03-28,2026-03-23,,,directa_hoja,2026-03-11,2026-03-23,PENDIENTE,CUMPLE,3.0,,,False,False
20260327,20260308,20260309,20260311,20260328,20260323,20260311,20260323,400,1,2,2026-03-27,MRKU5799634,8000261 P1 P2 P3 P4 P5 FSC GG,RE-06142,MAERKS,TPG,OPACIFIC,2026-03-08,2026-03-09,2026-03-11,2026-03-28,2026-03-23,,,directa_hoja,2026-03-11,2026-03-23,PENDIENTE,CUMPLE,3.0,,,False,False
20260327,20260308,20260309,20260311,20260328,20260323,20260311,20260324,401,1,2,2026-03-27,MRKU5838330,8000261 P1 P2 P3 P4 P5 FSC GG,RE-06142,MAERKS,TPG,OPACIFIC,2026-03-08,2026-03-09,2026-03-11,2026-03-28,2026-03-23,,,directa_hoja,2026-03-11,2026-03-24,PENDIENTE,CUMPLE,3.0,,,False,False
20260327,20260308,20260309,20260311,20260328,20260323,20260311,20260323,404,1,2,2026-03-27,MRKU6138562,8000261 P1 P2 P3 P4 P5 FSC GG,RE-06142,MAERKS,TPG,OPACIFIC,2026-03-08,2026-03-09,2026-03-11,2026-03-28,2026-03-23,,,directa_hoja,2026-03-11,2026-03-23,PENDIENTE,CUMPLE,3.0,,,False,False
20260327,20260308,20260309,20260311,20260328,20260324,20260311,20260326,406,1,2,2026-03-27,MRKU6337965,8000261 P1 P2 P3 P4 P5 FSC GG,RE-06142,MAERKS,TPG,OPACIFIC,2026-03-08,2026-03-09,2026-03-11,2026-03-28,2026-03-24,,,directa_hoja,2026-03-11,2026-03-26,PENDIENTE,CUMPLE,3.0,,,False,False
20260327,20260308,20260309,20260312,20260328,20260325,20260312,20260324,407,1,2,2026-03-27,MRKU6379805,8000261 P1 P2 P3 P4 P5 FSC GG,RE-06142,MAERKS,TPG,OPACIFIC,2026-03-08,2026-03-09,2026-03-12,2026-03-28,2026-03-25,,,directa_hoja,2026-03-12,2026-03-24,PENDIENTE,CUMPLE,4.0,,,False,False
20260327,20260308,20260309,20260312,20260328,20260325,20260312,20260325,410,1,2,2026-03-27,MRKU6492370,8000261 P1 P2 P3 P4 P5 FSC GG,RE-06142,MAERKS,TPG,OPACIFIC,2026-03-08,2026-03-09,2026-03-12,2026-03-28,2026-03-25,,,directa_hoja,2026-03-12,2026-03-25,PENDIENTE,CUMPLE,4.0,,,False,False
20260327,20260308,20260309,20260311,20260328,20260323,20260311,20260323,411,1,2,2026-03-27,MRSU3110137,8000261 P1 P2 P3 P4 P5 FSC GG,RE-06142,MAERKS,TPG,OPACIFIC,2026-03-08,2026-03-09,2026-03-11,2026-03-28,2026-03-23,,,directa_hoja,2026-03-11,2026-03-23,PENDIENTE,CUMPLE,3.0,,,False,False
20260327,20260308,20260309,20260311,20260328,20260324,20260311,20260325,414,1,2,2026-03-27,MRSU3910700,8000261 P1 P2 P3 P4 P5 FSC GG,RE-06142,MAERKS,TPG,OPACIFIC,2026-03-08,2026-03-09,2026-03-11,2026-03-28,2026-03-24,,,directa_hoja,2026-03-11,2026-03-25,PENDIENTE,CUMPLE,3.0,,,False,False
20260327,20260308,20260309,20260311,20260328,20260323,20260311,20260323,417,1,2,2026-03-27,MRSU4145760,8000261 P1 P2 P3 P4 P5 FSC GG,RE-06142,MAERKS,TPG,OPACIFIC,2026-03-08,2026-03-09,2026-03-11,2026-03-28,2026-03-23,,,directa_hoja,2026-03-11,2026-03-23,PENDIENTE,CUMPLE,3.0,,,False,False
20260327,20260308,20260309,20260312,20260328,20260325,20260312,20260326,418,1,2,2026-03-27,MRSU4204610,8000261 P1 P2 P3 P4 P5 FSC GG,RE-06142,MAERKS,TPG,OPACIFIC,2026-03-08,2026-03-09,2026-03-12,2026-03-28,2026-03-25,,,directa_hoja,2026-03-12,2026-03-26,PENDIENTE,CUMPLE,4.0,,,False,False
20260327,20260308,20260309,20260311,20260328,20260324,20260311,20260324,422,1,2,2026-03-27,MRSU4552391,8000261 P1 P2 P3 P4 P5 FSC GG,RE-06142,MAERKS,TPG,OPACIFIC,2026-03-08,2026-03-09,2026-03-11,2026-03-28,2026-03-24,,,directa_hoja,2026-03-11,2026-03-24,PENDIENTE,CUMPLE,3.0,,,False,False
20260327,20260308,20260309,20260312,20260328,20260324,20260312,20260324,426,1,2,2026-03-27,MRSU4715307,8000261 P1 P2 P3 P4 P5 FSC GG,RE-06142,MAERKS,TPG,OPACIFIC,2026-03-08,2026-03-09,2026-03-12,2026-03-28,2026-03-24,,,directa_hoja,2026-03-12,2026-03-24,PENDIENTE,CUMPLE,4.0,,,False,False
20260327,20260308,20260309,20260311,20260328,20260323,20260311,20260326,439,1,2,2026-03-27,MRSU6069090,8000261 P1 P2 P3 P4 P5 FSC GG,RE-06142,MAERKS,TPG,OPACIFIC,2026-03-08,2026-03-09,2026-03-11,2026-03-28,2026-03-23,,,directa_hoja,2026-03-11,2026-03-26,PENDIENTE,CUMPLE,3.0,,,False,False
20260327,20260308,20260309,20260311,20260328,20260323,20260311,20260326,441,1,2,2026-03-27,MRSU6570460,8000261 P1 P2 P3 P4 P5 FSC GG,RE-06142,MAERKS,TPG,OPACIFIC,2026-03-08,2026-03-09,2026-03-11,2026-03-28,2026-03-23,,,directa_hoja,2026-03-11,2026-03-26,PENDIENTE,CUMPLE,3.0,,,False,False
20260327,20260308,20260309,20260312,20260328,20260324,20260312,20260324,449,1,2,2026-03-27,MRSU7118244,8000261 P1 P2 P3 P4 P5 FSC GG,RE-06142,MAERKS,TPG,OPACIFIC,2026-03-08,2026-03-09,2026-03-12,2026-03-28,2026-03-24,,,directa_hoja,2026-03-12,2026-03-24,PENDIENTE,CUMPLE,4.0,,,False,False
20260327,20260214,20260219,20260221,20260306,20260305,20260221,20260305,458,1,2,2026-03-27,MSBU5084265,8000215 P1 FSC GG,RE-54392,MSC,TPG,MEDLOG,2026-02-14,2026-02-19,2026-02-21,2026-03-06,2026-03-05,,,directa_hoja,2026-02-21,2026-03-05,PENDIENTE,CUMPLE,7.0,,,False,False
20260327,20260306,20260309,20260312,20260327,20260318,20260312,20260318,462,1,2,2026-03-27,MSBU5207420,8000229 P1 FSC GE,RE-06198,MSC,NAPORTEC,MEDLOG,2026-03-06,2026-03-09,2026-03-12,2026-03-27,2026-03-18,,,directa_hoja,2026-03-12,2026-03-18,PENDIENTE,CUMPLE,6.0,,,False,False
20260327,20260320,20260323,20260326,20260409,,20260326,,463,3,0,2026-03-27,MSBU5222810,8000236 P4 FSC GE,RE-04220,MSC,NAPORTEC,MEDLOG,2026-03-20,2026-03-23,2026-03-26,2026-04-09,,,,directa_hoja,2026-03-26,,SIN_PLAN,CUMPLE,6.0,,,False,False
20260327,20260315,20260318,20260321,20260329,,20260321,,464,3,0,2026-03-27,MSBU5255115,5700011284 P1 P3 GE,RE-06848,MSC,TPG,MEDLOG,2026-03-15,2026-03-18,2026-03-21,2026-03-29,,,,directa_hoja,2026-03-21,,SIN_PLAN,CUMPLE,6.0,,,False,False
20260327,20260215,20260219,20260223,20260307,20260306,20260223,20260306,465,1,2,2026-03-27,MSBU5350088,8000214 P2 FSC GG,RE-54128,MSC,NAPORTEC,MEDLOG,2026-02-15,2026-02-19,2026-02-23,2026-03-07,2026-03-06,,,directa_hoja,2026-02-23,2026-03-06,PENDIENTE,CUMPLE,8.0,,,False,False
20260327,20260306,20260309,20260313,20260326,20260320,20260313,20260320,471,1,2,2026-03-27,MSBU5547879,8000215 P2 FSC GE,RE-06205,MSC,NAPORTEC,MEDLOG,2026-03-06,2026-03-09,2026-03-13,2026-03-26,2026-03-20,,,directa_hoja,2026-03-13,2026-03-20,PENDIENTE,CUMPLE,7.0,,,False,False
20260327,20260320,20260323,20260326,20260409,,20260326,,472,3,0,2026-03-27,MSBU5560166,8000236 P4 FSC GE,RE-04220,MSC,NAPORTEC,MEDLOG,2026-03-20,2026-03-23,2026-03-26,2026-04-09,,,,directa_hoja,2026-03-26,,SIN_PLAN,CUMPLE,6.0,,,False,False
20260327,20260301,20260303,20260304,20260315,20260311,20260304,20260311,473,1,2,2026-03-27,MSBU5608275,8000242 P2 P3 FSC GG,RE-05051,MSC,TPG,MEDLOG,2026-03-01,2026-03-03,2026-03-04,2026-03-15,2026-03-11,,,directa_hoja,2026-03-04,2026-03-11,PENDIENTE,CUMPLE,3.0,,,False,False
20260327,20260306,20260309,20260313,20260326,20260320,20260313,20260320,474,1,2,2026-03-27,MSBU6526593,8000215 P2 FSC GE,RE-06205,MSC,NAPORTEC,MEDLOG,2026-03-06,2026-03-09,2026-03-13,2026-03-26,2026-03-20,,,directa_hoja,2026-03-13,2026-03-20,PENDIENTE,CUMPLE,7.0,,,False,False
20260327,20260301,20260305,20260307,20260321,20260310,20260307,20260310,475,1,2,2026-03-27,MSBU6539841,8000218 P1 FSC GE,RE-54910,MSC,NAPORTEC,MEDLOG,2026-03-01,2026-03-05,2026-03-07,2026-03-21,2026-03-10,,,directa_hoja,2026-03-07,2026-03-10,PENDIENTE,CUMPLE,6.0,,,False,False
20260327,20260215,20260219,20260223,20260307,20260306,20260223,20260306,480,1,2,2026-03-27,MSBU6849385,8000214 P2 FSC GG,RE-54128,MSC,NAPORTEC,MEDLOG,2026-02-15,2026-02-19,2026-02-23,2026-03-07,2026-03-06,,,directa_hoja,2026-02-23,2026-03-06,PENDIENTE,CUMPLE,8.0,,,False,False
20260327,20260306,20260309,20260313,20260326,20260320,20260313,20260320,481,1,2,2026-03-27,MSBU6871692,8000215 P2 FSC GE,RE-06205,MSC,NAPORTEC,MEDLOG,2026-03-06,2026-03-09,2026-03-13,2026-03-26,2026-03-20,,,directa_hoja,2026-03-13,2026-03-20,PENDIENTE,CUMPLE,7.0,,,False,False
20260327,20260215,20260219,20260223,20260307,20260306,20260223,20260306,482,1,2,2026-03-27,MSBU6906274,8000214 P2 FSC GG,RE-54128,MSC,NAPORTEC,MEDLOG,2026-02-15,2026-02-19,2026-02-23,2026-03-07,2026-03-06,,,directa_hoja,2026-02-23,2026-03-06,PENDIENTE,CUMPLE,8.0,,,False,False
20260327,20260215,20260219,20260223,20260307,20260306,20260223,20260306,484,1,2,2026-03-27,MSBU6955089,8000214 P2 FSC GG,RE-54128,MSC,NAPORTEC,MEDLOG,2026-02-15,2026-02-19,2026-02-23,2026-03-07,2026-03-06,,,directa_hoja,2026-02-23,2026-03-06,PENDIENTE,CUMPLE,8.0,,,False,False
20260327,20260214,20260219,20260221,20260306,20260305,20260221,20260305,486,1,2,2026-03-27,MSBU7111293,8000215 P1 FSC GG,RE-54392,MSC,TPG,MEDLOG,2026-02-14,2026-02-19,2026-02-21,2026-03-06,2026-03-05,,,directa_hoja,2026-02-21,2026-03-05,PENDIENTE,CUMPLE,7.0,,,False,False
20260327,20260305,20260309,20260310,20260319,20260317,20260310,20260318,496,1,2,2026-03-27,MSBU7425720,5700011067 P5 - 8000203 P2 - 212 P5 - 8000242 P4 F,RE-05174,MSC,TPG,MEDLOG,2026-03-05,2026-03-09,2026-03-10,2026-03-19,2026-03-17,,,directa_hoja,2026-03-10,2026-03-18,PENDIENTE,CUMPLE,5.0,,,False,False
20260327,20260306,20260309,20260311,20260327,20260319,20260311,20260320,497,1,2,2026-03-27,MSBU7472526,8000229 P1 FSC GE,RE-06198,MSC,NAPORTEC,MEDLOG,2026-03-06,2026-03-09,2026-03-11,2026-03-27,2026-03-19,,,directa_hoja,2026-03-11,2026-03-20,PENDIENTE,CUMPLE,5.0,,,False,False
20260327,20260214,20260219,20260221,20260306,20260305,20260221,20260305,498,1,2,2026-03-27,MSBU7536997,8000215 P1 FSC GG,RE-54392,MSC,TPG,MEDLOG,2026-02-14,2026-02-19,2026-02-21,2026-03-06,2026-03-05,,,directa_hoja,2026-02-21,2026-03-05,PENDIENTE,CUMPLE,7.0,,,False,False
20260327,20260214,20260219,20260221,20260306,20260305,20260221,20260305,499,1,2,2026-03-27,MSBU7544539,8000215 P1 FSC GG,RE-54392,MSC,TPG,MEDLOG,2026-02-14,2026-02-19,2026-02-21,2026-03-06,2026-03-05,,,directa_hoja,2026-02-21,2026-03-05,PENDIENTE,CUMPLE,7.0,,,False,False
20260327,20260320,20260324,20260325,20260409,,20260325,,500,3,0,2026-03-27,MSBU8125727,8000236 P1 FSC GE,RE-03395,MSC,NAPORTEC,MEDLOG,2026-03-20,2026-03-24,2026-03-25,2026-04-09,,,,directa_hoja,2026-03-25,,SIN_PLAN,CUMPLE,5.0,,,False,False
20260327,20260315,20260317,20260320,20260329,20260327,20260320,,503,3,0,2026-03-27,MSBU8277150,5700011108 P2 GG,RE-07749,MSC,TPG,MEDLOG,2026-03-15,2026-03-17,2026-03-20,2026-03-29,2026-03-27,,,directa_hoja,2026-03-20,,PENDIENTE,CUMPLE,5.0,,,False,False
20260327,20260214,20260219,20260221,20260306,20260305,20260221,20260305,507,1,2,2026-03-27,MSCU5148698,8000215 P1 FSC GG,RE-54392,MSC,TPG,MEDLOG,2026-02-14,2026-02-19,2026-02-21,2026-03-06,2026-03-05,,,directa_hoja,2026-02-21,2026-03-05,PENDIENTE,CUMPLE,7.0,,,False,False
20260327,20260305,20260309,20260310,20260319,20260313,20260310,20260313,510,1,3,2026-03-27,MSCU5239951,5700011067 P5 - 8000203 P2 - 212 P5 - 8000242 P4 F,RE-05174,MSC,TPG,MEDLOG,2026-03-05,2026-03-09,2026-03-10,2026-03-19,2026-03-13,,,directa_hoja,2026-03-10,2026-03-13,PENDIENTE,CUMPLE,5.0,,,False,False
20260327,20260305,20260309,20260310,20260319,20260315,20260310,20260315,512,1,3,2026-03-27,MSCU5332133,5700011067 P5 - 8000203 P2 - 212 P5 - 8000242 P4 F,RE-05174,MSC,TPG,MEDLOG,2026-03-05,2026-03-09,2026-03-10,2026-03-19,2026-03-15,,,directa_hoja,2026-03-10,2026-03-15,PENDIENTE,CUMPLE,5.0,,,False,False
20260327,20260320,20260324,20260325,20260409,,20260325,,513,3,0,2026-03-27,MSCU5367757,8000236 P1 FSC GE,RE-03395,MSC,NAPORTEC,MEDLOG,2026-03-20,2026-03-24,2026-03-25,2026-04-09,,,,directa_hoja,2026-03-25,,SIN_PLAN,CUMPLE,5.0,,,False,False
20260327,20260320,20260323,20260326,20260409,,20260326,,527,3,0,2026-03-27,MSDU5590872,8000236 P4 FSC GE,RE-04220,MSC,NAPORTEC,MEDLOG,2026-03-20,2026-03-23,2026-03-26,2026-04-09,,,,directa_hoja,2026-03-26,,SIN_PLAN,CUMPLE,6.0,,,False,False
20260327,20260305,20260309,20260310,20260319,20260317,20260310,20260317,528,1,2,2026-03-27,MSDU5603687,5700011067 P5 - 8000203 P2 - 212 P5 - 8000242 P4 F,RE-05174,MSC,TPG,MEDLOG,2026-03-05,2026-03-09,2026-03-10,2026-03-19,2026-03-17,,,directa_hoja,2026-03-10,2026-03-17,PENDIENTE,CUMPLE,5.0,,,False,False
20260327,20260320,20260323,20260326,20260409,,20260326,,529,3,0,2026-03-27,MSDU5622455,8000236 P4 FSC GE,RE-04220,MSC,NAPORTEC,MEDLOG,2026-03-20,2026-03-23,2026-03-26,2026-04-09,,,,directa_hoja,2026-03-26,,SIN_PLAN,CUMPLE,6.0,,,False,False
20260327,20260306,20260309,20260314,20260326,20260320,20260314,20260321,531,1,2,2026-03-27,MSDU5714171,8000215 P2 FSC GE,RE-06205,MSC,NAPORTEC,MEDLOG,2026-03-06,2026-03-09,2026-03-14,2026-03-26,2026-03-20,,,directa_hoja,2026-03-14,2026-03-21,PENDIENTE,CUMPLE,8.0,,,False,False
20260327,20260214,20260219,20260221,20260306,20260305,20260221,20260305,533,1,2,2026-03-27,MSDU5915197,8000215 P1 FSC GG,RE-54392,MSC,TPG,MEDLOG,2026-02-14,2026-02-19,2026-02-21,2026-03-06,2026-03-05,,,directa_hoja,2026-02-21,2026-03-05,PENDIENTE,CUMPLE,7.0,,,False,False
20260327,20260320,20260324,20260325,20260409,,20260325,,534,3,0,2026-03-27,MSDU5967117,8000236 P1 FSC GE,RE-03395,MSC,NAPORTEC,MEDLOG,2026-03-20,2026-03-24,2026-03-25,2026-04-09,,,,directa_hoja,2026-03-25,,SIN_PLAN,CUMPLE,5.0,,,False,False
20260327,20260306,20260309,20260311,20260327,20260319,20260311,20260320,539,1,2,2026-03-27,MSDU6163556,8000229 P1 FSC GE,RE-06198,MSC,NAPORTEC,MEDLOG,2026-03-06,2026-03-09,2026-03-11,2026-03-27,2026-03-19,,,directa_hoja,2026-03-11,2026-03-20,PENDIENTE,CUMPLE,5.0,,,False,False
20260327,20260306,20260309,20260312,20260327,20260318,20260312,20260318,541,1,2,2026-03-27,MSDU6213451,8000229 P1 FSC GE,RE-06198,MSC,NAPORTEC,MEDLOG,2026-03-06,2026-03-09,2026-03-12,2026-03-27,2026-03-18,,,directa_hoja,2026-03-12,2026-03-18,PENDIENTE,CUMPLE,6.0,,,False,False
20260327,20260306,20260309,20260313,20260326,20260320,20260313,20260320,542,1,2,2026-03-27,MSDU6217040,8000215 P2 FSC GE,RE-06205,MSC,NAPORTEC,MEDLOG,2026-03-06,2026-03-09,2026-03-13,2026-03-26,2026-03-20,,,directa_hoja,2026-03-13,2026-03-20,PENDIENTE,CUMPLE,7.0,,,False,False
20260327,20260315,20260317,20260320,20260329,20260327,20260320,,545,3,0,2026-03-27,MSDU6396162,5700011108 P2 GG,RE-07749,MSC,TPG,MEDLOG,2026-03-15,2026-03-17,2026-03-20,2026-03-29,2026-03-27,,,directa_hoja,2026-03-20,,PENDIENTE,CUMPLE,5.0,,,False,False
20260327,20260306,20260309,20260311,20260327,20260319,20260311,20260320,548,1,2,2026-03-27,MSDU6466470,8000229 P1 FSC GE,RE-06198,MSC,NAPORTEC,MEDLOG,2026-03-06,2026-03-09,2026-03-11,2026-03-27,2026-03-19,,,directa_hoja,2026-03-11,2026-03-20,PENDIENTE,CUMPLE,5.0,,,False,False
20260327,20260305,20260309,20260310,20260319,20260315,20260310,20260315,550,1,3,2026-03-27,MSDU6533223,5700011067 P5 - 8000203 P2 - 212 P5 - 8000242 P4 F,RE-05174,MSC,TPG,MEDLOG,2026-03-05,2026-03-09,2026-03-10,2026-03-19,2026-03-15,,,directa_hoja,2026-03-10,2026-03-15,PENDIENTE,CUMPLE,5.0,,,False,False
20260327,20260306,20260309,20260312,20260327,20260319,20260312,20260319,555,1,2,2026-03-27,MSDU6780901,8000229 P1 FSC GE,RE-06198,MSC,NAPORTEC,MEDLOG,2026-03-06,2026-03-09,2026-03-12,2026-03-27,2026-03-19,,,directa_hoja,2026-03-12,2026-03-19,PENDIENTE,CUMPLE,6.0,,,False,False
20260327,20260305,20260309,20260310,20260319,20260318,20260310,20260318,556,1,2,2026-03-27,MSDU6841015,5700011067 P5 - 8000203 P2 - 212 P5 - 8000242 P4 F,RE-05174,MSC,TPG,MEDLOG,2026-03-05,2026-03-09,2026-03-10,2026-03-19,2026-03-18,,,directa_hoja,2026-03-10,2026-03-18,PENDIENTE,CUMPLE,5.0,,,False,False
20260327,20260305,20260309,20260310,20260319,20260317,20260310,20260317,557,1,2,2026-03-27,MSDU6895114,5700011067 P5 - 8000203 P2 - 212 P5 - 8000242 P4 F,RE-05174,MSC,TPG,MEDLOG,2026-03-05,2026-03-09,2026-03-10,2026-03-19,2026-03-17,,,directa_hoja,2026-03-10,2026-03-17,PENDIENTE,CUMPLE,5.0,,,False,False
20260327,20260215,20260219,20260223,20260307,20260306,20260223,20260306,559,1,2,2026-03-27,MSDU6959353,8000214 P2 FSC GG,RE-54128,MSC,NAPORTEC,MEDLOG,2026-02-15,2026-02-19,2026-02-23,2026-03-07,2026-03-06,,,directa_hoja,2026-02-23,2026-03-06,PENDIENTE,CUMPLE,8.0,,,False,False
20260327,20260301,20260305,20260307,20260321,20260310,20260307,20260310,564,1,2,2026-03-27,MSDU7198407,8000218 P1 FSC GE,RE-54910,MSC,NAPORTEC,MEDLOG,2026-03-01,2026-03-05,2026-03-07,2026-03-21,2026-03-10,,,directa_hoja,2026-03-07,2026-03-10,PENDIENTE,CUMPLE,6.0,,,False,False
20260327,20260320,20260324,20260325,20260409,,20260325,,567,3,0,2026-03-27,MSDU7429390,8000236 P1 FSC GE,RE-03395,MSC,NAPORTEC,MEDLOG,2026-03-20,2026-03-24,2026-03-25,2026-04-09,,,,directa_hoja,2026-03-25,,SIN_PLAN,CUMPLE,5.0,,,False,False
20260327,20260305,20260309,20260310,20260319,20260313,20260310,20260313,570,1,3,2026-03-27,MSDU7528160,5700011067 P5 - 8000203 P2 - 212 P5 - 8000242 P4 F,RE-05174,MSC,TPG,MEDLOG,2026-03-05,2026-03-09,2026-03-10,2026-03-19,2026-03-13,,,directa_hoja,2026-03-10,2026-03-13,PENDIENTE,CUMPLE,5.0,,,False,False
20260327,20260306,20260309,20260311,20260327,20260319,20260311,20260320,574,1,2,2026-03-27,MSDU7770298,8000229 P1 FSC GE,RE-06198,MSC,NAPORTEC,MEDLOG,2026-03-06,2026-03-09,2026-03-11,2026-03-27,2026-03-19,,,directa_hoja,2026-03-11,2026-03-20,PENDIENTE,CUMPLE,5.0,,,False,False
20260327,20260320,20260324,20260325,20260409,,20260325,,580,3,0,2026-03-27,MSDU7995273,8000236 P1 FSC GE,RE-03395,MSC,NAPORTEC,MEDLOG,2026-03-20,2026-03-24,2026-03-25,2026-04-09,,,,directa_hoja,2026-03-25,,SIN_PLAN,CUMPLE,5.0,,,False,False
20260327,20260306,20260309,20260314,20260326,20260320,20260314,20260321,582,1,2,2026-03-27,MSDU8051200,8000215 P2 FSC GE,RE-06205,MSC,NAPORTEC,MEDLOG,2026-03-06,2026-03-09,2026-03-14,2026-03-26,2026-03-20,,,directa_hoja,2026-03-14,2026-03-21,PENDIENTE,CUMPLE,8.0,,,False,False
20260327,20260214,20260219,20260221,20260306,20260305,20260221,20260305,585,1,2,2026-03-27,MSDU8264550,8000215 P1 FSC GG,RE-54392,MSC,TPG,MEDLOG,2026-02-14,2026-02-19,2026-02-21,2026-03-06,2026-03-05,,,directa_hoja,2026-02-21,2026-03-05,PENDIENTE,CUMPLE,7.0,,,False,False
20260327,20260301,20260305,20260307,20260321,20260310,20260307,20260310,586,1,2,2026-03-27,MSDU8342925,8000218 P1 FSC GE,RE-54910,MSC,NAPORTEC,MEDLOG,2026-03-01,2026-03-05,2026-03-07,2026-03-21,2026-03-10,,,directa_hoja,2026-03-07,2026-03-10,PENDIENTE,CUMPLE,6.0,,,False,False
20260327,20260214,20260219,20260221,20260306,20260305,20260221,20260305,590,1,2,2026-03-27,MSDU8560547,8000215 P1 FSC GG,RE-54392,MSC,TPG,MEDLOG,2026-02-14,2026-02-19,2026-02-21,2026-03-06,2026-03-05,,,directa_hoja,2026-02-21,2026-03-05,PENDIENTE,CUMPLE,7.0,,,False,False
20260327,20260315,20260318,20260321,20260329,,20260321,,591,3,0,2026-03-27,MSDU8613729,5700011284 P1 P3 GE,RE-06848,MSC,TPG,MEDLOG,2026-03-15,2026-03-18,2026-03-21,2026-03-29,,,,directa_hoja,2026-03-21,,SIN_PLAN,CUMPLE,6.0,,,False,False
20260327,20260315,20260317,20260320,20260329,20260327,20260320,,593,3,0,2026-03-27,MSDU8733370,5700011108 P2 GG,RE-07749,MSC,TPG,MEDLOG,2026-03-15,2026-03-17,2026-03-20,2026-03-29,2026-03-27,,,directa_hoja,2026-03-20,,PENDIENTE,CUMPLE,5.0,,,False,False
20260327,20260315,20260317,20260320,20260329,20260327,20260320,,595,3,0,2026-03-27,MSDU8762580,5700011108 P2 GG,RE-07749,MSC,TPG,MEDLOG,2026-03-15,2026-03-17,2026-03-20,2026-03-29,2026-03-27,,,directa_hoja,2026-03-20,,PENDIENTE,CUMPLE,5.0,,,False,False
20260327,20260315,20260318,20260321,20260329,,20260321,,597,3,0,2026-03-27,MSDU8765613,5700011284 P1 P3 GE,RE-06848,MSC,TPG,MEDLOG,2026-03-15,2026-03-18,2026-03-21,2026-03-29,,,,directa_hoja,2026-03-21,,SIN_PLAN,CUMPLE,6.0,,,False,False
20260327,20260320,20260323,20260326,20260409,,20260326,,598,3,0,2026-03-27,MSDU8803776,8000236 P4 FSC GE,RE-04220,MSC,NAPORTEC,MEDLOG,2026-03-20,2026-03-23,2026-03-26,2026-04-09,,,,directa_hoja,2026-03-26,,SIN_PLAN,CUMPLE,6.0,,,False,False
20260327,20260215,20260219,20260223,20260307,20260306,20260223,20260306,600,1,2,2026-03-27,MSDU8851882,8000214 P2 FSC GG,RE-54128,MSC,NAPORTEC,MEDLOG,2026-02-15,2026-02-19,2026-02-23,2026-03-07,2026-03-06,,,directa_hoja,2026-02-23,2026-03-06,PENDIENTE,CUMPLE,8.0,,,False,False
20260327,20260305,20260309,20260310,20260319,20260313,20260310,20260313,604,1,3,2026-03-27,MSDU8922250,5700011067 P5 - 8000203 P2 - 212 P5 - 8000242 P4 F,RE-05174,MSC,TPG,MEDLOG,2026-03-05,2026-03-09,2026-03-10,2026-03-19,2026-03-13,,,directa_hoja,2026-03-10,2026-03-13,PENDIENTE,CUMPLE,5.0,,,False,False
20260327,20260306,20260309,20260313,20260326,20260320,20260313,20260321,605,1,2,2026-03-27,MSDU8923642,8000215 P2 FSC GE,RE-06205,MSC,NAPORTEC,MEDLOG,2026-03-06,2026-03-09,2026-03-13,2026-03-26,2026-03-20,,,directa_hoja,2026-03-13,2026-03-21,PENDIENTE,CUMPLE,7.0,,,False,False
20260327,20260305,20260309,20260310,20260319,20260313,20260310,20260313,609,1,3,2026-03-27,MSMU4036651,5700011067 P5 - 8000203 P2 - 212 P5 - 8000242 P4 F,RE-05174,MSC,TPG,MEDLOG,2026-03-05,2026-03-09,2026-03-10,2026-03-19,2026-03-13,,,directa_hoja,2026-03-10,2026-03-13,PENDIENTE,CUMPLE,5.0,,,False,False
20260327,20260215,20260219,20260223,20260307,20260306,20260223,20260306,615,1,2,2026-03-27,MSMU4184129,8000214 P2 FSC GG,RE-54128,MSC,NAPORTEC,MEDLOG,2026-02-15,2026-02-19,2026-02-23,2026-03-07,2026-03-06,,,directa_hoja,2026-02-23,2026-03-06,PENDIENTE,CUMPLE,8.0,,,False,False
20260327,20260305,20260309,20260310,20260319,20260317,20260310,20260318,616,1,2,2026-03-27,MSMU4189310,5700011067 P5 - 8000203 P2 - 212 P5 - 8000242 P4 F,RE-05174,MSC,TPG,MEDLOG,2026-03-05,2026-03-09,2026-03-10,2026-03-19,2026-03-17,,,directa_hoja,2026-03-10,2026-03-18,PENDIENTE,CUMPLE,5.0,,,False,False
20260327,20260215,20260219,20260223,20260307,20260306,20260223,20260306,622,1,2,2026-03-27,MSMU4382253,8000214 P2 FSC GG,RE-54128,MSC,NAPORTEC,MEDLOG,2026-02-15,2026-02-19,2026-02-23,2026-03-07,2026-03-06,,,directa_hoja,2026-02-23,2026-03-06,PENDIENTE,CUMPLE,8.0,,,False,False
20260327,20260320,20260324,20260325,20260409,,20260325,,624,3,0,2026-03-27,MSMU4429535,8000236 P1 FSC GE,RE-03395,MSC,NAPORTEC,MEDLOG,2026-03-20,2026-03-24,2026-03-25,2026-04-09,,,,directa_hoja,2026-03-25,,SIN_PLAN,CUMPLE,5.0,,,False,False
20260327,20260315,20260317,20260320,20260329,20260327,20260320,,625,3,0,2026-03-27,MSMU4608464,5700011108 P2 GG,RE-07749,MSC,TPG,MEDLOG,2026-03-15,2026-03-17,2026-03-20,2026-03-29,2026-03-27,,,directa_hoja,2026-03-20,,PENDIENTE,CUMPLE,5.0,,,False,False
20260327,20260306,20260309,20260311,20260327,20260319,20260311,20260320,628,1,2,2026-03-27,MSMU4806011,8000229 P1 FSC GE,RE-06198,MSC,NAPORTEC,MEDLOG,2026-03-06,2026-03-09,2026-03-11,2026-03-27,2026-03-19,,,directa_hoja,2026-03-11,2026-03-20,PENDIENTE,CUMPLE,5.0,,,False,False
20260327,20260305,20260309,20260310,20260319,20260315,20260310,20260315,630,1,3,2026-03-27,MSMU4933572,5700011067 P5 - 8000203 P2 - 212 P5 - 8000242 P4 F,RE-05174,MSC,TPG,MEDLOG,2026-03-05,2026-03-09,2026-03-10,2026-03-19,2026-03-15,,,directa_hoja,2026-03-10,2026-03-15,PENDIENTE,CUMPLE,5.0,,,False,False
20260327,20260320,20260323,20260326,20260409,,20260326,,631,3,0,2026-03-27,MSMU4963875,8000236 P4 FSC GE,RE-04220,MSC,NAPORTEC,MEDLOG,2026-03-20,2026-03-23,2026-03-26,2026-04-09,,,,directa_hoja,2026-03-26,,SIN_PLAN,CUMPLE,6.0,,,False,False
20260327,20260306,20260309,20260313,20260326,20260320,20260313,20260321,637,1,2,2026-03-27,MSMU5139274,8000215 P2 FSC GE,RE-06205,MSC,NAPORTEC,MEDLOG,2026-03-06,2026-03-09,2026-03-13,2026-03-26,2026-03-20,,,directa_hoja,2026-03-13,2026-03-21,PENDIENTE,CUMPLE,7.0,,,False,False
20260327,20260215,20260219,20260223,20260307,20260306,20260223,20260306,638,1,2,2026-03-27,MSMU5174969,8000214 P2 FSC GG,RE-54128,MSC,NAPORTEC,MEDLOG,2026-02-15,2026-02-19,2026-02-23,2026-03-07,2026-03-06,,,directa_hoja,2026-02-23,2026-03-06,PENDIENTE,CUMPLE,8.0,,,False,False
20260327,20260315,20260318,20260321,20260329,,20260321,,647,3,0,2026-03-27,MSMU5403896,5700011284 P1 P3 GE,RE-06848,MSC,TPG,MEDLOG,2026-03-15,2026-03-18,2026-03-21,2026-03-29,,,,directa_hoja,2026-03-21,,SIN_PLAN,CUMPLE,6.0,,,False,False
20260327,20260315,20260318,20260321,20260329,,20260321,,649,3,0,2026-03-27,MSMU5483295,5700011284 P1 P3 GE,RE-06848,MSC,TPG,MEDLOG,2026-03-15,2026-03-18,2026-03-21,2026-03-29,,,,directa_hoja,2026-03-21,,SIN_PLAN,CUMPLE,6.0,,,False,False
20260327,20260215,20260219,20260223,20260307,20260306,20260223,20260306,653,1,2,2026-03-27,MSMU5560513,8000214 P2 FSC GG,RE-54128,MSC,NAPORTEC,MEDLOG,2026-02-15,2026-02-19,2026-02-23,2026-03-07,2026-03-06,,,directa_hoja,2026-02-23,2026-03-06,PENDIENTE,CUMPLE,8.0,,,False,False
20260327,20260301,20260303,20260304,20260315,20260311,20260304,20260311,655,1,2,2026-03-27,MSMU5615133,8000242 P2 P3 FSC GG,RE-05051,MSC,TPG,MEDLOG,2026-03-01,2026-03-03,2026-03-04,2026-03-15,2026-03-11,,,directa_hoja,2026-03-04,2026-03-11,PENDIENTE,CUMPLE,3.0,,,False,False
20260327,20260320,20260323,20260326,20260409,,20260326,,660,3,0,2026-03-27,MSMU5840601,8000236 P4 FSC GE,RE-04220,MSC,NAPORTEC,MEDLOG,2026-03-20,2026-03-23,2026-03-26,2026-04-09,,,,directa_hoja,2026-03-26,,SIN_PLAN,CUMPLE,6.0,,,False,False
20260327,20260305,20260309,20260310,20260319,20260317,20260310,20260317,674,1,2,2026-03-27,MSMU6460247,5700011067 P5 - 8000203 P2 - 212 P5 - 8000242 P4 F,RE-05174,MSC,TPG,MEDLOG,2026-03-05,2026-03-09,2026-03-10,2026-03-19,2026-03-17,,,directa_hoja,2026-03-10,2026-03-17,PENDIENTE,CUMPLE,5.0,,,False,False
20260327,20260320,20260324,20260325,20260409,,20260325,,677,3,0,2026-03-27,MSMU6569897,8000236 P1 FSC GE,RE-03395,MSC,NAPORTEC,MEDLOG,2026-03-20,2026-03-24,2026-03-25,2026-04-09,,,,directa_hoja,2026-03-25,,SIN_PLAN,CUMPLE,5.0,,,False,False
20260327,20260301,20260305,20260307,20260321,20260311,20260307,20260311,678,1,2,2026-03-27,MSMU6604684,8000218 P1 FSC GE,RE-54910,MSC,NAPORTEC,MEDLOG,2026-03-01,2026-03-05,2026-03-07,2026-03-21,2026-03-11,,,directa_hoja,2026-03-07,2026-03-11,PENDIENTE,CUMPLE,6.0,,,False,False
20260327,20260320,20260323,20260326,20260409,,20260326,,682,3,0,2026-03-27,MSMU6730297,8000236 P4 FSC GE,RE-04220,MSC,NAPORTEC,MEDLOG,2026-03-20,2026-03-23,2026-03-26,2026-04-09,,,,directa_hoja,2026-03-26,,SIN_PLAN,CUMPLE,6.0,,,False,False
20260327,20260301,20260305,20260307,20260321,20260311,20260307,20260311,687,1,2,2026-03-27,MSMU6809302,8000218 P1 FSC GE,RE-54910,MSC,NAPORTEC,MEDLOG,2026-03-01,2026-03-05,2026-03-07,2026-03-21,2026-03-11,,,directa_hoja,2026-03-07,2026-03-11,PENDIENTE,CUMPLE,6.0,,,False,False
20260327,20260214,20260219,20260221,20260306,20260305,20260221,20260305,691,1,2,2026-03-27,MSMU6920002,8000215 P1 FSC GG,RE-54392,MSC,TPG,MEDLOG,2026-02-14,2026-02-19,2026-02-21,2026-03-06,2026-03-05,,,directa_hoja,2026-02-21,2026-03-05,PENDIENTE,CUMPLE,7.0,,,False,False
20260327,20260215,20260219,20260223,20260307,20260306,20260223,20260306,692,1,2,2026-03-27,MSMU6929102,8000214 P2 FSC GG,RE-54128,MSC,NAPORTEC,MEDLOG,2026-02-15,2026-02-19,2026-02-23,2026-03-07,2026-03-06,,,directa_hoja,2026-02-23,2026-03-06,PENDIENTE,CUMPLE,8.0,,,False,False
20260327,20260306,20260309,20260311,20260327,20260319,20260311,20260320,694,1,2,2026-03-27,MSMU7056409,8000229 P1 FSC GE,RE-06198,MSC,NAPORTEC,MEDLOG,2026-03-06,2026-03-09,2026-03-11,2026-03-27,2026-03-19,,,directa_hoja,2026-03-11,2026-03-20,PENDIENTE,CUMPLE,5.0,,,False,False
20260327,20260305,20260309,20260310,20260319,20260317,20260310,20260318,700,1,2,2026-03-27,MSMU7489836,5700011067 P5 - 8000203 P2 - 212 P5 - 8000242 P4 F,RE-05174,MSC,TPG,MEDLOG,2026-03-05,2026-03-09,2026-03-10,2026-03-19,2026-03-17,,,directa_hoja,2026-03-10,2026-03-18,PENDIENTE,CUMPLE,5.0,,,False,False
20260327,20260315,20260318,20260321,20260329,,20260321,,703,3,0,2026-03-27,MSMU7695204,5700011284 P1 P3 GE,RE-06848,MSC,TPG,MEDLOG,2026-03-15,2026-03-18,2026-03-21,2026-03-29,,,,directa_hoja,2026-03-21,,SIN_PLAN,CUMPLE,6.0,,,False,False
20260327,20260315,20260317,20260320,20260329,20260327,20260320,,704,3,0,2026-03-27,MSMU7710422,5700011108 P2 GG,RE-07749,MSC,TPG,MEDLOG,2026-03-15,2026-03-17,2026-03-20,2026-03-29,2026-03-27,,,directa_hoja,2026-03-20,,PENDIENTE,CUMPLE,5.0,,,False,False
20260327,20260315,20260317,20260320,20260329,20260327,20260320,,707,3,0,2026-03-27,MSMU7799488,5700011108 P2 GG,RE-07749,MSC,TPG,MEDLOG,2026-03-15,2026-03-17,2026-03-20,2026-03-29,2026-03-27,,,directa_hoja,2026-03-20,,PENDIENTE,CUMPLE,5.0,,,False,False
20260327,20260301,20260305,20260307,20260321,20260311,20260307,20260311,710,1,2,2026-03-27,MSMU7895286,8000218 P1 FSC GE,RE-54910,MSC,NAPORTEC,MEDLOG,2026-03-01,2026-03-05,2026-03-07,2026-03-21,2026-03-11,,,directa_hoja,2026-03-07,2026-03-11,PENDIENTE,CUMPLE,6.0,,,False,False
20260327,20260305,20260309,20260310,20260319,20260313,20260310,20260313,715,1,3,2026-03-27,MSMU8096751,5700011067 P5 - 8000203 P2 - 212 P5 - 8000242 P4 F,RE-05174,MSC,TPG,MEDLOG,2026-03-05,2026-03-09,2026-03-10,2026-03-19,2026-03-13,,,directa_hoja,2026-03-10,2026-03-13,PENDIENTE,CUMPLE,5.0,,,False,False
20260327,20260315,20260317,20260320,20260329,20260327,20260320,,722,3,0,2026-03-27,MSMU8187661,5700011108 P2 GG,RE-07749,MSC,TPG,MEDLOG,2026-03-15,2026-03-17,2026-03-20,2026-03-29,2026-03-27,,,directa_hoja,2026-03-20,,PENDIENTE,CUMPLE,5.0,,,False,False
20260327,20260214,20260219,20260221,20260306,20260305,20260221,20260305,723,1,2,2026-03-27,MSMU8207330,8000215 P1 FSC GG,RE-54392,MSC,TPG,MEDLOG,2026-02-14,2026-02-19,2026-02-21,2026-03-06,2026-03-05,,,directa_hoja,2026-02-21,2026-03-05,PENDIENTE,CUMPLE,7.0,,,False,False
20260327,20260306,20260309,20260313,20260326,20260320,20260313,20260321,724,1,2,2026-03-27,MSMU8274576,8000215 P2 FSC GE,RE-06205,MSC,NAPORTEC,MEDLOG,2026-03-06,2026-03-09,2026-03-13,2026-03-26,2026-03-20,,,directa_hoja,2026-03-13,2026-03-21,PENDIENTE,CUMPLE,7.0,,,False,False
20260327,20260306,20260309,20260312,20260327,20260318,20260312,20260318,725,1,2,2026-03-27,MSMU8336301,8000229 P1 FSC GE,RE-06198,MSC,NAPORTEC,MEDLOG,2026-03-06,2026-03-09,2026-03-12,2026-03-27,2026-03-18,,,directa_hoja,2026-03-12,2026-03-18,PENDIENTE,CUMPLE,6.0,,,False,False
20260327,20260305,20260309,20260310,20260319,20260313,20260310,20260313,730,1,2,2026-03-27,MSMU8626110,5700011067 P5 - 8000203 P2 - 212 P5 - 8000242 P4 F,RE-05174,MSC,TPG,MEDLOG,2026-03-05,2026-03-09,2026-03-10,2026-03-19,2026-03-13,,,directa_hoja,2026-03-10,2026-03-13,PENDIENTE,CUMPLE,5.0,,,False,False
20260327,20260320,20260323,20260326,20260409,,20260326,,731,3,0,2026-03-27,MSMU8647788,8000236 P4 FSC GE,RE-04220,MSC,NAPORTEC,MEDLOG,2026-03-20,2026-03-23,2026-03-26,2026-04-09,,,,directa_hoja,2026-03-26,,SIN_PLAN,CUMPLE,6.0,,,False,False
20260327,20260320,20260323,20260326,20260409,,20260326,,738,3,0,2026-03-27,MSMU8912578,8000236 P4 FSC GE,RE-04220,MSC,NAPORTEC,MEDLOG,2026-03-20,2026-03-23,2026-03-26,2026-04-09,,,,directa_hoja,2026-03-26,,SIN_PLAN,CUMPLE,6.0,,,False,False
20260327,20260320,20260323,20260326,20260409,,20260326,,743,3,0,2026-03-27,MSNU5139180,8000236 P4 FSC GE,RE-04220,MSC,NAPORTEC,MEDLOG,2026-03-20,2026-03-23,2026-03-26,2026-04-09,,,,directa_hoja,2026-03-26,,SIN_PLAN,CUMPLE,6.0,,,False,False
20260327,20260315,20260317,20260320,20260329,20260327,20260320,,744,3,0,2026-03-27,MSNU5140746,5700011108 P2 GG,RE-07749,MSC,TPG,MEDLOG,2026-03-15,2026-03-17,2026-03-20,2026-03-29,2026-03-27,,,directa_hoja,2026-03-20,,PENDIENTE,CUMPLE,5.0,,,False,False
20260327,20260306,20260309,20260313,20260326,20260320,20260313,20260321,746,1,2,2026-03-27,MSNU5203778,8000215 P2 FSC GE,RE-06205,MSC,NAPORTEC,MEDLOG,2026-03-06,2026-03-09,2026-03-13,2026-03-26,2026-03-20,,,directa_hoja,2026-03-13,2026-03-21,PENDIENTE,CUMPLE,7.0,,,False,False
20260327,20260320,20260324,20260325,20260409,,20260325,,747,3,0,2026-03-27,MSNU5216374,8000236 P1 FSC GE,RE-03395,MSC,NAPORTEC,MEDLOG,2026-03-20,2026-03-24,2026-03-25,2026-04-09,,,,directa_hoja,2026-03-25,,SIN_PLAN,CUMPLE,5.0,,,False,False
20260327,20260306,20260309,20260311,20260327,20260319,20260311,20260320,750,1,2,2026-03-27,MSNU5329998,8000229 P1 FSC GE,RE-06198,MSC,NAPORTEC,MEDLOG,2026-03-06,2026-03-09,2026-03-11,2026-03-27,2026-03-19,,,directa_hoja,2026-03-11,2026-03-20,PENDIENTE,CUMPLE,5.0,,,False,False
20260327,20260305,20260309,20260310,20260319,20260315,20260310,20260315,752,1,3,2026-03-27,MSNU5427490,5700011067 P5 - 8000203 P2 - 212 P5 - 8000242 P4 F,RE-05174,MSC,TPG,MEDLOG,2026-03-05,2026-03-09,2026-03-10,2026-03-19,2026-03-15,,,directa_hoja,2026-03-10,2026-03-15,PENDIENTE,CUMPLE,5.0,,,False,False
20260327,20260305,20260309,20260310,20260319,20260315,20260310,20260315,753,1,3,2026-03-27,MSNU5427660,5700011067 P5 - 8000203 P2 - 212 P5 - 8000242 P4 F,RE-05174,MSC,TPG,MEDLOG,2026-03-05,2026-03-09,2026-03-10,2026-03-19,2026-03-15,,,directa_hoja,2026-03-10,2026-03-15,PENDIENTE,CUMPLE,5.0,,,False,False
20260327,20260215,20260219,20260223,20260307,20260306,20260223,20260306,756,1,2,2026-03-27,MSNU5478646,8000214 P2 FSC GG,RE-54128,MSC,NAPORTEC,MEDLOG,2026-02-15,2026-02-19,2026-02-23,2026-03-07,2026-03-06,,,directa_hoja,2026-02-23,2026-03-06,PENDIENTE,CUMPLE,8.0,,,False,False
20260327,20260305,20260309,20260310,20260319,20260313,20260310,20260313,759,1,3,2026-03-27,MSNU5605801,5700011067 P5 - 8000203 P2 - 212 P5 - 8000242 P4 F,RE-05174,MSC,TPG,MEDLOG,2026-03-05,2026-03-09,2026-03-10,2026-03-19,2026-03-13,,,directa_hoja,2026-03-10,2026-03-13,PENDIENTE,CUMPLE,5.0,,,False,False
20260327,20260320,20260324,20260325,20260409,,20260325,,761,3,0,2026-03-27,MSNU5672081,8000236 P1 FSC GE,RE-03395,MSC,NAPORTEC,MEDLOG,2026-03-20,2026-03-24,2026-03-25,2026-04-09,,,,directa_hoja,2026-03-25,,SIN_PLAN,CUMPLE,5.0,,,False,False
20260327,20260320,20260323,20260326,20260409,,20260326,,764,3,0,2026-03-27,MSNU5843116,8000236 P4 FSC GE,RE-04220,MSC,NAPORTEC,MEDLOG,2026-03-20,2026-03-23,2026-03-26,2026-04-09,,,,directa_hoja,2026-03-26,,SIN_PLAN,CUMPLE,6.0,,,False,False
20260327,20260315,20260318,20260321,20260329,,20260321,,769,3,0,2026-03-27,MSNU6083044,5700011284 P1 P3 GE,RE-06848,MSC,TPG,MEDLOG,2026-03-15,2026-03-18,2026-03-21,2026-03-29,,,,directa_hoja,2026-03-21,,SIN_PLAN,CUMPLE,6.0,,,False,False
20260327,20260320,20260324,20260325,20260409,,20260325,,777,3,0,2026-03-27,MSNU6764686,8000236 P1 FSC GE,RE-03395,MSC,NAPORTEC,MEDLOG,2026-03-20,2026-03-24,2026-03-25,2026-04-09,,,,directa_hoja,2026-03-25,,SIN_PLAN,CUMPLE,5.0,,,False,False
20260327,20260214,20260219,20260221,20260306,20260305,20260221,20260305,778,1,2,2026-03-27,MSNU6814771,8000215 P1 FSC GG,RE-54392,MSC,TPG,MEDLOG,2026-02-14,2026-02-19,2026-02-21,2026-03-06,2026-03-05,,,directa_hoja,2026-02-21,2026-03-05,PENDIENTE,CUMPLE,7.0,,,False,False
20260327,20260306,20260309,20260313,20260326,20260320,20260313,20260321,779,1,2,2026-03-27,MSNU7058724,8000215 P2 FSC GE,RE-06205,MSC,NAPORTEC,MEDLOG,2026-03-06,2026-03-09,2026-03-13,2026-03-26,2026-03-20,,,directa_hoja,2026-03-13,2026-03-21,PENDIENTE,CUMPLE,7.0,,,False,False
20260327,20260306,20260309,20260313,20260326,20260320,20260313,20260321,784,1,2,2026-03-27,MSNU7300859,8000215 P2 FSC GE,RE-06205,MSC,NAPORTEC,MEDLOG,2026-03-06,2026-03-09,2026-03-13,2026-03-26,2026-03-20,,,directa_hoja,2026-03-13,2026-03-21,PENDIENTE,CUMPLE,7.0,,,False,False
20260327,20260305,20260309,20260310,20260319,20260313,20260310,20260313,786,1,3,2026-03-27,MSNU7366943,5700011067 P5 - 8000203 P2 - 212 P5 - 8000242 P4 F,RE-05174,MSC,TPG,MEDLOG,2026-03-05,2026-03-09,2026-03-10,2026-03-19,2026-03-13,,,directa_hoja,2026-03-10,2026-03-13,PENDIENTE,CUMPLE,5.0,,,False,False
20260327,20260305,20260309,20260310,20260319,20260315,20260310,20260315,787,1,3,2026-03-27,MSNU7384150,5700011067 P5 - 8000203 P2 - 212 P5 - 8000242 P4 F,RE-05174,MSC,TPG,MEDLOG,2026-03-05,2026-03-09,2026-03-10,2026-03-19,2026-03-15,,,directa_hoja,2026-03-10,2026-03-15,PENDIENTE,CUMPLE,5.0,,,False,False
20260327,20260315,20260317,20260320,20260329,20260327,20260320,,796,3,0,2026-03-27,MSNU7832785,5700011108 P2 GG,RE-07749,MSC,TPG,MEDLOG,2026-03-15,2026-03-17,2026-03-20,2026-03-29,2026-03-27,,,directa_hoja,2026-03-20,,PENDIENTE,CUMPLE,5.0,,,False,False
20260327,20260306,20260309,20260312,20260327,20260318,20260312,20260318,804,1,2,2026-03-27,MSNU8423117,8000229 P1 FSC GE,RE-06198,MSC,NAPORTEC,MEDLOG,2026-03-06,2026-03-09,2026-03-12,2026-03-27,2026-03-18,,,directa_hoja,2026-03-12,2026-03-18,PENDIENTE,CUMPLE,6.0,,,False,False
20260327,20260320,20260323,20260326,20260409,,20260326,,805,3,0,2026-03-27,MSNU8498482,8000236 P4 FSC GE,RE-04220,MSC,NAPORTEC,MEDLOG,2026-03-20,2026-03-23,2026-03-26,2026-04-09,,,,directa_hoja,2026-03-26,,SIN_PLAN,CUMPLE,6.0,,,False,False
20260327,20260320,20260324,20260325,20260409,,20260325,,806,3,0,2026-03-27,MSNU8499848,8000236 P1 FSC GE,RE-03395,MSC,NAPORTEC,MEDLOG,2026-03-20,2026-03-24,2026-03-25,2026-04-09,,,,directa_hoja,2026-03-25,,SIN_PLAN,CUMPLE,5.0,,,False,False
20260327,20260306,20260309,20260314,20260326,20260320,20260314,20260321,812,1,2,2026-03-27,MSNU9008846,8000215 P2 FSC GE,RE-06205,MSC,NAPORTEC,MEDLOG,2026-03-06,2026-03-09,2026-03-14,2026-03-26,2026-03-20,,,directa_hoja,2026-03-14,2026-03-21,PENDIENTE,CUMPLE,8.0,,,False,False
20260327,20260215,20260219,20260223,20260307,20260306,20260223,20260306,813,1,2,2026-03-27,MSNU9064201,8000214 P2 FSC GG,RE-54128,MSC,NAPORTEC,MEDLOG,2026-02-15,2026-02-19,2026-02-23,2026-03-07,2026-03-06,,,directa_hoja,2026-02-23,2026-03-06,PENDIENTE,CUMPLE,8.0,,,False,False
20260327,20260301,20260305,20260307,20260321,20260310,20260307,20260310,817,1,2,2026-03-27,MSNU9170760,8000218 P1 FSC GE,RE-54910,MSC,NAPORTEC,MEDLOG,2026-03-01,2026-03-05,2026-03-07,2026-03-21,2026-03-10,,,directa_hoja,2026-03-07,2026-03-10,PENDIENTE,CUMPLE,6.0,,,False,False
20260327,20260305,20260309,20260310,20260319,20260317,20260310,20260317,818,1,2,2026-03-27,MSNU9305741,5700011067 P5 - 8000203 P2 - 212 P5 - 8000242 P4 F,RE-05174,MSC,TPG,MEDLOG,2026-03-05,2026-03-09,2026-03-10,2026-03-19,2026-03-17,,,directa_hoja,2026-03-10,2026-03-17,PENDIENTE,CUMPLE,5.0,,,False,False
20260327,20260315,20260317,20260320,20260329,20260327,20260320,,824,3,0,2026-03-27,MSNU9712686,5700011108 P2 GG,RE-07749,MSC,TPG,MEDLOG,2026-03-15,2026-03-17,2026-03-20,2026-03-29,2026-03-27,,,directa_hoja,2026-03-20,,PENDIENTE,CUMPLE,5.0,,,False,False
20260327,20260305,20260309,20260310,20260319,20260317,20260310,20260317,826,1,2,2026-03-27,MSNU9754737,5700011067 P5 - 8000203 P2 - 212 P5 - 8000242 P4 F,RE-05174,MSC,TPG,MEDLOG,2026-03-05,2026-03-09,2026-03-10,2026-03-19,2026-03-17,,,directa_hoja,2026-03-10,2026-03-17,PENDIENTE,CUMPLE,5.0,,,False,False
20260327,20260308,20260309,20260312,20260328,20260325,20260312,20260325,828,1,2,2026-03-27,MTSU9624380,8000261 P1 P2 P3 P4 P5 FSC GG,RE-06142,MAERKS,TPG,OPACIFIC,2026-03-08,2026-03-09,2026-03-12,2026-03-28,2026-03-25,,,directa_hoja,2026-03-12,2026-03-25,PENDIENTE,CUMPLE,4.0,,,False,False
20260327,20260308,20260309,20260311,20260328,20260323,20260311,20260323,839,1,2,2026-03-27,SEGU4261866,8000261 P1 P2 P3 P4 P5 FSC GG,RE-06142,MAERKS,TPG,OPACIFIC,2026-03-08,2026-03-09,2026-03-11,2026-03-28,2026-03-23,,,directa_hoja,2026-03-11,2026-03-23,PENDIENTE,CUMPLE,3.0,,,False,False
20260327,20260312,20260316,20260319,20260401,20260328,20260319,,843,3,0,2026-03-27,SEGU9409391,8000239 P1 FSC GE,RE-04663,CMA CGM,TPG,BLASTI,2026-03-12,2026-03-16,2026-03-19,2026-04-01,2026-03-28,,,directa_hoja,2026-03-19,,PENDIENTE,CUMPLE,7.0,,,False,False
20260327,20260312,20260316,20260319,20260401,20260328,20260319,,844,3,0,2026-03-27,SEGU9425643,8000239 P1 FSC GE,RE-04663,CMA CGM,TPG,BLASTI,2026-03-12,2026-03-16,2026-03-19,2026-04-01,2026-03-28,,,directa_hoja,2026-03-19,,PENDIENTE,CUMPLE,7.0,,,False,False
20260327,20260320,20260324,20260325,20260409,,20260325,,848,3,0,2026-03-27,SEKU4088694,8000236 P1 FSC GE,RE-03395,MSC,NAPORTEC,MEDLOG,2026-03-20,2026-03-24,2026-03-25,2026-04-09,,,,directa_hoja,2026-03-25,,SIN_PLAN,CUMPLE,5.0,,,False,False
20260327,20260305,20260309,20260310,20260319,20260313,20260310,20260313,859,1,3,2026-03-27,SEKU6778960,5700011067 P5 - 8000203 P2 - 212 P5 - 8000242 P4 F,RE-05174,MSC,TPG,MEDLOG,2026-03-05,2026-03-09,2026-03-10,2026-03-19,2026-03-13,,,directa_hoja,2026-03-10,2026-03-13,PENDIENTE,CUMPLE,5.0,,,False,False
20260327,20260215,20260219,20260223,20260307,20260306,20260223,20260306,861,1,2,2026-03-27,SEKU6822127,8000214 P2 FSC GG,RE-54128,MSC,NAPORTEC,MEDLOG,2026-02-15,2026-02-19,2026-02-23,2026-03-07,2026-03-06,,,directa_hoja,2026-02-23,2026-03-06,PENDIENTE,CUMPLE,8.0,,,False,False
20260327,20260312,20260316,20260319,20260401,,20260319,,869,3,0,2026-03-27,SEKU9248516,8000239 P1 FSC GE,RE-04663,CMA CGM,TPG,BLASTI,2026-03-12,2026-03-16,2026-03-19,2026-04-01,,,,directa_hoja,2026-03-19,,SIN_PLAN,CUMPLE,7.0,,,False,False
20260327,20260307,20260314,20260314,20260316,20260316,20260314,20260316,874,1,3,2026-03-27,SMLU3136960,5700011297 - 5700011298,,CITYCOLD,CGSA,RFS,2026-03-07,2026-03-14,2026-03-14,2026-03-16,2026-03-16,,,directa_hoja,2026-03-14,2026-03-16,PENDIENTE,CUMPLE,7.0,,,False,False
20260327,,20260227,20260228,20260203,20260203,20260228,20260302,875,1,1,2026-03-27,SMLU3138557,5700011203 / 5700011204,,,CGSA,RFS,,2026-02-27,2026-02-28,2026-02-03,2026-02-03,,,directa_hoja,2026-02-28,2026-03-02,PENDIENTE,CUMPLE,1.0,,,False,False
20260327,,20260227,20260228,20260203,20260203,20260228,20260302,876,1,1,2026-03-27,SMLU7867243,5700011203 / 5700011204,,,CGSA,RFS,,2026-02-27,2026-02-28,2026-02-03,2026-02-03,,,directa_hoja,2026-02-28,2026-03-02,PENDIENTE,CUMPLE,1.0,,,False,False
20260327,20260307,20260314,20260314,20260316,20260316,20260314,20260316,877,1,3,2026-03-27,SMLU7915043,5700011297 - 5700011298,,CITYCOLD,CGSA,RFS,2026-03-07,2026-03-14,2026-03-14,2026-03-16,2026-03-16,,,directa_hoja,2026-03-14,2026-03-16,PENDIENTE,CUMPLE,7.0,,,False,False
20260327,20260312,20260316,20260320,20260401,20260328,20260320,,883,3,0,2026-03-27,SZLU9663840,8000239 P1 FSC GE,RE-04663,CMA CGM,TPG,BLASTI,2026-03-12,2026-03-16,2026-03-20,2026-04-01,2026-03-28,,,directa_hoja,2026-03-20,,PENDIENTE,CUMPLE,8.0,,,False,False
20260327,20260312,20260316,20260320,20260401,20260328,20260320,,884,3,0,2026-03-27,SZLU9866540,8000239 P1 FSC GE,RE-04663,CMA CGM,TPG,BLASTI,2026-03-12,2026-03-16,2026-03-20,2026-04-01,2026-03-28,,,directa_hoja,2026-03-20,,PENDIENTE,CUMPLE,8.0,,,False,False
20260327,20260312,20260316,20260319,20260401,20260328,20260319,,886,2,2,2026-03-27,SZLU9916403,8000239 P1 FSC GE,RE-04663,CMA CGM,TPG,BLASTI,2026-03-12,2026-03-16,2026-03-19,2026-04-01,2026-03-28,,,directa_hoja,2026-03-19,,CUMPLE,CUMPLE,7.0,1.0,,False,False
20260327,20260316,20260318,20260320,20260404,,20260320,,887,3,0,2026-03-27,TCKU6524496,8000256 P1 FSC GE,RE-05271,MAERKS,TPG,OPACIFIC,2026-03-16,2026-03-18,2026-03-20,2026-04-04,,,,directa_hoja,2026-03-20,,SIN_PLAN,CUMPLE,4.0,,,False,False
20260327,20260308,20260309,20260312,20260328,20260325,20260312,20260324,888,1,2,2026-03-27,TCKU6959879,8000261 P1 P2 P3 P4 P5 FSC GG,RE-06142,MAERKS,TPG,OPACIFIC,2026-03-08,2026-03-09,2026-03-12,2026-03-28,2026-03-25,,,directa_hoja,2026-03-12,2026-03-24,PENDIENTE,CUMPLE,4.0,,,False,False
20260327,20260308,20260309,20260312,20260328,20260324,20260312,20260324,891,1,2,2026-03-27,TCKU7766637,8000261 P1 P2 P3 P4 P5 FSC GG,RE-06142,MAERKS,TPG,OPACIFIC,2026-03-08,2026-03-09,2026-03-12,2026-03-28,2026-03-24,,,directa_hoja,2026-03-12,2026-03-24,PENDIENTE,CUMPLE,4.0,,,False,False
20260327,20260312,20260316,20260319,20260401,20260328,20260319,,894,3,0,2026-03-27,TCLU1242558,8000239 P1 FSC GE,RE-04663,CMA CGM,TPG,BLASTI,2026-03-12,2026-03-16,2026-03-19,2026-04-01,2026-03-28,,,directa_hoja,2026-03-19,,PENDIENTE,CUMPLE,7.0,,,False,False
20260327,20260303,20260306,20260309,20260318,20260311,20260309,20260316,896,1,3,2026-03-27,TCLU3379977,5700011308 P2 ARCLAD GE,RE-05572,HALO,TPG,TPG,2026-03-03,2026-03-06,2026-03-09,2026-03-18,2026-03-11,,,directa_hoja,2026-03-09,2026-03-16,PENDIENTE,CUMPLE,6.0,,,False,False
20260327,20260305,20260309,20260310,20260319,20260317,20260310,20260317,897,1,2,2026-03-27,TCLU4991781,5700011067 P5 - 8000203 P2 - 212 P5 - 8000242 P4 F,RE-05174,MSC,TPG,MEDLOG,2026-03-05,2026-03-09,2026-03-10,2026-03-19,2026-03-17,,,directa_hoja,2026-03-10,2026-03-17,PENDIENTE,CUMPLE,5.0,,,False,False
20260327,20260301,20260305,20260307,20260321,20260311,20260307,20260311,899,1,2,2026-03-27,TCLU7223513,8000218 P1 FSC GE,RE-54910,MSC,NAPORTEC,MEDLOG,2026-03-01,2026-03-05,2026-03-07,2026-03-21,2026-03-11,,,directa_hoja,2026-03-07,2026-03-11,PENDIENTE,CUMPLE,6.0,,,False,False
20260327,20260305,20260309,20260310,20260319,20260313,20260310,20260313,900,1,3,2026-03-27,TCLU7769905,5700011067 P5 - 8000203 P2 - 212 P5 - 8000242 P4 F,RE-05174,MSC,TPG,MEDLOG,2026-03-05,2026-03-09,2026-03-10,2026-03-19,2026-03-13,,,directa_hoja,2026-03-10,2026-03-13,PENDIENTE,CUMPLE,5.0,,,False,False
20260327,20260302,20260305,20260307,20260322,20260313,20260307,20260318,907,1,2,2026-03-27,TCNU1383701,8000271 P1 FSC GE,RE-05719,HALO,TPG,TPG,2026-03-02,2026-03-05,2026-03-07,2026-03-22,2026-03-13,,,directa_hoja,2026-03-07,2026-03-18,PENDIENTE,CUMPLE,5.0,,,False,False
20260327,20260315,20260318,20260321,20260329,,20260321,,909,3,0,2026-03-27,TCNU1420404,5700011284 P1 P3 GE,RE-06848,MSC,TPG,MEDLOG,2026-03-15,2026-03-18,2026-03-21,2026-03-29,,,,directa_hoja,2026-03-21,,SIN_PLAN,CUMPLE,6.0,,,False,False
20260327,20260308,20260309,20260312,20260328,20260325,20260312,20260325,911,1,2,2026-03-27,TCNU1830688,8000261 P1 P2 P3 P4 P5 FSC GG,RE-06142,MAERKS,TPG,OPACIFIC,2026-03-08,2026-03-09,2026-03-12,2026-03-28,2026-03-25,,,directa_hoja,2026-03-12,2026-03-25,PENDIENTE,CUMPLE,4.0,,,False,False
20260327,20260308,20260309,20260311,20260328,20260323,20260311,20260326,915,1,2,2026-03-27,TCNU4471236,8000261 P1 P2 P3 P4 P5 FSC GG,RE-06142,MAERKS,TPG,OPACIFIC,2026-03-08,2026-03-09,2026-03-11,2026-03-28,2026-03-23,,,directa_hoja,2026-03-11,2026-03-26,PENDIENTE,CUMPLE,3.0,,,False,False
20260327,20260305,20260309,20260310,20260319,20260315,20260310,20260315,920,1,3,2026-03-27,TCNU9368236,5700011067 P5 - 8000203 P2 - 212 P5 - 8000242 P4 F,RE-05174,MSC,TPG,MEDLOG,2026-03-05,2026-03-09,2026-03-10,2026-03-19,2026-03-15,,,directa_hoja,2026-03-10,2026-03-15,PENDIENTE,CUMPLE,5.0,,,False,False
20260327,20260302,20260305,20260307,20260322,20260312,20260307,20260312,923,1,2,2026-03-27,TEMU7499601,8000271 P1 FSC GE,RE-05719,HALO,TPG,TPG,2026-03-02,2026-03-05,2026-03-07,2026-03-22,2026-03-12,,,directa_hoja,2026-03-07,2026-03-12,PENDIENTE,CUMPLE,5.0,,,False,False
20260327,20260220,20260225,20260225,20260312,20260307,20260225,20260307,924,1,2,2026-03-27,TEMU7598800,8000235 P1 FSC GE,RE-54923,CMA CGM,TPG,BLASTI,2026-02-20,2026-02-25,2026-02-25,2026-03-12,2026-03-07,,,directa_hoja,2026-02-25,2026-03-07,PENDIENTE,CUMPLE,5.0,,,False,False
20260327,20260305,20260309,20260310,20260319,20260317,20260310,20260318,925,1,2,2026-03-27,TEMU7643323,5700011067 P5 - 8000203 P2 - 212 P5 - 8000242 P4 F,RE-05174,MSC,TPG,MEDLOG,2026-03-05,2026-03-09,2026-03-10,2026-03-19,2026-03-17,,,directa_hoja,2026-03-10,2026-03-18,CUMPLE,CUMPLE,5.0,7.0,1.0,False,False
20260327,20260315,20260317,20260320,20260329,20260327,20260320,,926,3,0,2026-03-27,TEMU7964030,5700011108 P2 GG,RE-07749,MSC,TPG,MEDLOG,2026-03-15,2026-03-17,2026-03-20,2026-03-29,2026-03-27,,,directa_hoja,2026-03-20,,PENDIENTE,CUMPLE,5.0,,,False,False
20260327,20260301,20260305,20260307,20260321,20260311,20260307,20260311,929,1,2,2026-03-27,TEMU8184933,8000218 P1 FSC GE,RE-54910,MSC,NAPORTEC,MEDLOG,2026-03-01,2026-03-05,2026-03-07,2026-03-21,2026-03-11,,,directa_hoja,2026-03-07,2026-03-11,PENDIENTE,CUMPLE,6.0,,,False,False
20260327,20260312,20260316,20260319,20260401,20260328,20260319,,935,3,0,2026-03-27,TEMU9109111,8000239 P1 FSC GE,RE-04663,CMA CGM,TPG,BLASTI,2026-03-12,2026-03-16,2026-03-19,2026-04-01,2026-03-28,,,directa_hoja,2026-03-19,,PENDIENTE,CUMPLE,7.0,,,False,False
20260327,20260312,20260316,20260319,20260401,20260328,20260319,,937,3,0,2026-03-27,TEMU9268685,8000239 P1 FSC GE,RE-04663,CMA CGM,TPG,BLASTI,2026-03-12,2026-03-16,2026-03-19,2026-04-01,2026-03-28,,,directa_hoja,2026-03-19,,PENDIENTE,CUMPLE,7.0,,,False,False
20260327,20260305,20260309,20260310,20260319,20260315,20260310,20260315,946,1,3,2026-03-27,TGBU5908254,5700011067 P5 - 8000203 P2 - 212 P5 - 8000242 P4 F,RE-05174,MSC,TPG,MEDLOG,2026-03-05,2026-03-09,2026-03-10,2026-03-19,2026-03-15,,,directa_hoja,2026-03-10,2026-03-15,PENDIENTE,CUMPLE,5.0,,,False,False
20260327,20260302,20260305,20260307,20260322,20260312,20260307,20260312,949,1,2,2026-03-27,TGBU6115960,8000271 P1 FSC GE,RE-05719,HALO,TPG,TPG,2026-03-02,2026-03-05,2026-03-07,2026-03-22,2026-03-12,,,directa_hoja,2026-03-07,2026-03-12,PENDIENTE,CUMPLE,5.0,,,False,False
20260327,20260215,20260219,20260223,20260307,20260306,20260223,20260306,950,1,2,2026-03-27,TGBU6181196,8000214 P2 FSC GG,RE-54128,MSC,NAPORTEC,MEDLOG,2026-02-15,2026-02-19,2026-02-23,2026-03-07,2026-03-06,,,directa_hoja,2026-02-23,2026-03-06,PENDIENTE,CUMPLE,8.0,,,False,False
20260327,20260308,20260309,20260312,20260328,20260323,20260312,20260323,954,1,2,2026-03-27,TGBU6688220,8000261 P1 P2 P3 P4 P5 FSC GG,RE-06142,MAERKS,TPG,OPACIFIC,2026-03-08,2026-03-09,2026-03-12,2026-03-28,2026-03-23,,,directa_hoja,2026-03-12,2026-03-23,PENDIENTE,CUMPLE,4.0,,,False,False
20260327,20260320,20260324,20260325,20260409,,20260325,,955,3,0,2026-03-27,TGBU7170977,8000236 P1 FSC GE,RE-03395,MSC,NAPORTEC,MEDLOG,2026-03-20,2026-03-24,2026-03-25,2026-04-09,,,,directa_hoja,2026-03-25,,SIN_PLAN,CUMPLE,5.0,,,False,False
20260327,20260214,20260219,20260221,20260306,20260305,20260221,20260305,957,1,2,2026-03-27,TGBU7494301,8000215 P1 FSC GG,RE-54392,MSC,TPG,MEDLOG,2026-02-14,2026-02-19,2026-02-21,2026-03-06,2026-03-05,,,directa_hoja,2026-02-21,2026-03-05,PENDIENTE,CUMPLE,7.0,,,False,False
20260327,20260315,20260318,20260321,20260329,,20260321,,961,3,0,2026-03-27,TGBU7989738,5700011284 P1 P3 GE,RE-06848,MSC,TPG,MEDLOG,2026-03-15,2026-03-18,2026-03-21,2026-03-29,,,,directa_hoja,2026-03-21,,SIN_PLAN,CUMPLE,6.0,,,False,False
20260327,20260301,20260305,20260307,20260321,20260310,20260307,20260310,962,1,2,2026-03-27,TGBU7995448,8000218 P1 FSC GE,RE-54910,MSC,NAPORTEC,MEDLOG,2026-03-01,2026-03-05,2026-03-07,2026-03-21,2026-03-10,,,directa_hoja,2026-03-07,2026-03-10,PENDIENTE,CUMPLE,6.0,,,False,False
20260327,20260305,20260309,20260310,20260319,20260318,20260310,20260317,965,1,2,2026-03-27,TGBU9599507,5700011067 P5 - 8000203 P2 - 212 P5 - 8000242 P4 F,RE-05174,MSC,TPG,MEDLOG,2026-03-05,2026-03-09,2026-03-10,2026-03-19,2026-03-18,,,directa_hoja,2026-03-10,2026-03-17,PENDIENTE,CUMPLE,5.0,,,False,False
20260327,20260306,20260309,20260313,20260326,20260320,20260313,20260321,970,1,2,2026-03-27,TGCU5111330,8000215 P2 FSC GE,RE-06205,MSC,NAPORTEC,MEDLOG,2026-03-06,2026-03-09,2026-03-13,2026-03-26,2026-03-20,,,directa_hoja,2026-03-13,2026-03-21,PENDIENTE,CUMPLE,7.0,,,False,False
20260327,20260220,20260225,20260225,20260312,20260307,20260225,20260307,974,1,2,2026-03-27,TGCU5466330,8000235 P1 FSC GE,RE-54923,CMA CGM,TPG,BLASTI,2026-02-20,2026-02-25,2026-02-25,2026-03-12,2026-03-07,,,directa_hoja,2026-02-25,2026-03-07,PENDIENTE,CUMPLE,5.0,,,False,False
20260327,20260301,20260305,20260307,20260321,20260310,20260307,20260310,975,1,2,2026-03-27,TGHU6071307,8000218 P1 FSC GE,RE-54910,MSC,NAPORTEC,MEDLOG,2026-03-01,2026-03-05,2026-03-07,2026-03-21,2026-03-10,,,directa_hoja,2026-03-07,2026-03-10,PENDIENTE,CUMPLE,6.0,,,False,False
20260327,20260306,20260309,20260313,20260326,20260320,20260313,20260321,976,1,2,2026-03-27,TGHU6094365,8000215 P2 FSC GE,RE-06205,MSC,NAPORTEC,MEDLOG,2026-03-06,2026-03-09,2026-03-13,2026-03-26,2026-03-20,,,directa_hoja,2026-03-13,2026-03-21,PENDIENTE,CUMPLE,7.0,,,False,False
20260327,20260320,20260324,20260325,20260409,,20260325,,977,3,0,2026-03-27,TGHU6147188,8000236 P1 FSC GE,RE-03395,MSC,NAPORTEC,MEDLOG,2026-03-20,2026-03-24,2026-03-25,2026-04-09,,,,directa_hoja,2026-03-25,,SIN_PLAN,CUMPLE,5.0,,,False,False
20260327,20260306,20260309,20260313,20260326,20260320,20260313,20260321,978,1,2,2026-03-27,TGHU6164499,8000215 P2 FSC GE,RE-06205,MSC,NAPORTEC,MEDLOG,2026-03-06,2026-03-09,2026-03-13,2026-03-26,2026-03-20,,,directa_hoja,2026-03-13,2026-03-21,PENDIENTE,CUMPLE,7.0,,,False,False
20260327,20260301,20260305,20260307,20260321,20260311,20260307,20260311,979,1,2,2026-03-27,TGHU6833589,8000218 P1 FSC GE,RE-54910,MSC,NAPORTEC,MEDLOG,2026-03-01,2026-03-05,2026-03-07,2026-03-21,2026-03-11,,,directa_hoja,2026-03-07,2026-03-11,PENDIENTE,CUMPLE,6.0,,,False,False
20260327,20260308,20260309,20260311,20260328,20260323,20260311,20260326,985,1,2,2026-03-27,TIIU4692344,8000261 P1 P2 P3 P4 P5 FSC GG,RE-06142,MAERKS,TPG,OPACIFIC,2026-03-08,2026-03-09,2026-03-11,2026-03-28,2026-03-23,,,directa_hoja,2026-03-11,2026-03-26,PENDIENTE,CUMPLE,3.0,,,False,False
20260327,20260320,20260323,20260326,20260409,,20260326,,989,3,0,2026-03-27,TIIU5095718,8000236 P4 FSC GE,RE-04220,MSC,NAPORTEC,MEDLOG,2026-03-20,2026-03-23,2026-03-26,2026-04-09,,,,directa_hoja,2026-03-26,,SIN_PLAN,CUMPLE,6.0,,,False,False
20260327,20260214,20260219,20260221,20260306,20260305,20260221,20260305,990,1,2,2026-03-27,TIIU5155519,8000215 P1 FSC GG,RE-54392,MSC,TPG,MEDLOG,2026-02-14,2026-02-19,2026-02-21,2026-03-06,2026-03-05,,,directa_hoja,2026-02-21,2026-03-05,PENDIENTE,CUMPLE,7.0,,,False,False
20260327,20260320,20260324,20260325,20260409,,20260325,,992,3,0,2026-03-27,TIIU5983724,8000236 P1 FSC GE,RE-03395,MSC,NAPORTEC,MEDLOG,2026-03-20,2026-03-24,2026-03-25,2026-04-09,,,,directa_hoja,2026-03-25,,SIN_PLAN,CUMPLE,5.0,,,False,False
20260327,20260315,20260318,20260321,20260329,,20260321,,995,3,0,2026-03-27,TLLU5120366,5700011284 P1 P3 GE,RE-06848,MSC,TPG,MEDLOG,2026-03-15,2026-03-18,2026-03-21,2026-03-29,,,,directa_hoja,2026-03-21,,SIN_PLAN,CUMPLE,6.0,,,False,False
20260327,20260308,20260309,20260311,20260328,20260324,20260311,20260324,996,1,2,2026-03-27,TLLU5983407,8000261 P1 P2 P3 P4 P5 FSC GG,RE-06142,MAERKS,TPG,OPACIFIC,2026-03-08,2026-03-09,2026-03-11,2026-03-28,2026-03-24,,,directa_hoja,2026-03-11,2026-03-24,PENDIENTE,CUMPLE,3.0,,,False,False
20260327,20260305,20260309,20260310,20260319,20260315,20260310,20260315,1002,1,3,2026-03-27,TLLU7855030,5700011067 P5 - 8000203 P2 - 212 P5 - 8000242 P4 F,RE-05174,MSC,TPG,MEDLOG,2026-03-05,2026-03-09,2026-03-10,2026-03-19,2026-03-15,,,directa_hoja,2026-03-10,2026-03-15,PENDIENTE,CUMPLE,5.0,,,False,False
20260327,20260215,20260219,20260223,20260307,20260306,20260223,20260306,1005,1,2,2026-03-27,TLLU8601220,8000214 P2 FSC GG,RE-54128,MSC,NAPORTEC,MEDLOG,2026-02-15,2026-02-19,2026-02-23,2026-03-07,2026-03-06,,,directa_hoja,2026-02-23,2026-03-06,PENDIENTE,CUMPLE,8.0,,,False,False
20260327,20260218,20260223,20260224,20260324,20260307,20260224,20260307,1006,1,2,2026-03-27,TRHU4531180,8000198 P5 FSC GE,RE-03838,HALO,TPG,TERCON,2026-02-18,2026-02-23,2026-02-24,2026-03-24,2026-03-07,,,directa_hoja,2026-02-24,2026-03-07,PENDIENTE,CUMPLE,6.0,,,False,False
20260327,20260312,20260316,20260319,20260401,20260328,20260319,,1011,3,0,2026-03-27,TRHU6012501,8000239 P1 FSC GE,RE-04663,CMA CGM,TPG,BLASTI,2026-03-12,2026-03-16,2026-03-19,2026-04-01,2026-03-28,,,directa_hoja,2026-03-19,,PENDIENTE,CUMPLE,7.0,,,False,False
20260327,20260315,20260317,20260320,20260329,20260327,20260320,,1016,3,0,2026-03-27,TRHU6380226,5700011108 P2 GG,RE-07749,MSC,TPG,MEDLOG,2026-03-15,2026-03-17,2026-03-20,2026-03-29,2026-03-27,,,directa_hoja,2026-03-20,,PENDIENTE,CUMPLE,5.0,,,False,False
20260327,20260315,20260318,20260321,20260329,,20260321,,1020,3,0,2026-03-27,TRHU7222415,5700011284 P1 P3 GE,RE-06848,MSC,TPG,MEDLOG,2026-03-15,2026-03-18,2026-03-21,2026-03-29,,,,directa_hoja,2026-03-21,,SIN_PLAN,CUMPLE,6.0,,,False,False
20260327,20260305,20260309,20260310,20260319,20260315,20260310,20260315,1026,1,3,2026-03-27,TRHU7607931,5700011067 P5 - 8000203 P2 - 212 P5 - 8000242 P4 F,RE-05174,MSC,TPG,MEDLOG,2026-03-05,2026-03-09,2026-03-10,2026-03-19,2026-03-15,,,directa_hoja,2026-03-10,2026-03-15,PENDIENTE,CUMPLE,5.0,,,False,False
20260327,20260320,20260323,20260326,20260409,,20260326,,1028,3,0,2026-03-27,TRHU7765979,8000236 P4 FSC GE,RE-04220,MSC,NAPORTEC,MEDLOG,2026-03-20,2026-03-23,2026-03-26,2026-04-09,,,,directa_hoja,2026-03-26,,SIN_PLAN,CUMPLE,6.0,,,False,False
20260327,20260306,20260309,20260312,20260327,20260318,20260312,20260318,1036,1,2,2026-03-27,TRHU8641843,8000229 P1 FSC GE,RE-06198,MSC,NAPORTEC,MEDLOG,2026-03-06,2026-03-09,2026-03-12,2026-03-27,2026-03-18,,,directa_hoja,2026-03-12,2026-03-18,PENDIENTE,CUMPLE,6.0,,,False,False
20260327,20260312,20260316,20260319,20260401,20260328,20260319,,1039,3,0,2026-03-27,TRIU8767814,8000239 P1 FSC GE,RE-04663,CMA CGM,TPG,BLASTI,2026-03-12,2026-03-16,2026-03-19,2026-04-01,2026-03-28,,,directa_hoja,2026-03-19,,PENDIENTE,CUMPLE,7.0,,,False,False
20260327,20260312,20260316,20260319,20260401,20260328,20260319,,1043,3,0,2026-03-27,TTNU8467432,8000239 P1 FSC GE,RE-04663,CMA CGM,TPG,BLASTI,2026-03-12,2026-03-16,2026-03-19,2026-04-01,2026-03-28,,,directa_hoja,2026-03-19,,PENDIENTE,CUMPLE,7.0,,,False,False
20260327,20260312,20260316,20260319,20260401,20260328,20260319,,1045,2,2,2026-03-27,TTNU8659142,8000239 P1 FSC GE,RE-04663,CMA CGM,TPG,BLASTI,2026-03-12,2026-03-16,2026-03-19,2026-04-01,2026-03-28,,,directa_hoja,2026-03-19,,CUMPLE,CUMPLE,7.0,1.0,,False,False
20260327,20260312,20260316,20260319,20260401,,20260319,,1049,3,0,2026-03-27,TTNU8958800,8000239 P1 FSC GE,RE-04663,CMA CGM,TPG,BLASTI,2026-03-12,2026-03-16,2026-03-19,2026-04-01,,,,directa_hoja,2026-03-19,,SIN_PLAN,CUMPLE,7.0,,,False,False
20260327,20260306,20260309,20260311,20260327,20260319,20260311,20260319,1056,1,2,2026-03-27,TXGU5449749,8000229 P1 FSC GE,RE-06198,MSC,NAPORTEC,MEDLOG,2026-03-06,2026-03-09,2026-03-11,2026-03-27,2026-03-19,,,directa_hoja,2026-03-11,2026-03-19,PENDIENTE,CUMPLE,5.0,,,False,False
20260327,20260320,20260323,20260326,20260409,,20260326,,1060,3,0,2026-03-27,TXGU6784593,8000236 P4 FSC GE,RE-04220,MSC,NAPORTEC,MEDLOG,2026-03-20,2026-03-23,2026-03-26,2026-04-09,,,,directa_hoja,2026-03-26,,SIN_PLAN,CUMPLE,6.0,,,False,False
20260327,20260302,20260305,20260307,20260322,20260313,20260307,20260318,1062,1,2,2026-03-27,TXGU6900034,8000271 P1 FSC GE,RE-05719,HALO,TPG,TPG,2026-03-02,2026-03-05,2026-03-07,2026-03-22,2026-03-13,,,directa_hoja,2026-03-07,2026-03-18,PENDIENTE,CUMPLE,5.0,,,False,False
20260327,20260320,20260323,20260326,20260409,,20260326,,1063,3,0,2026-03-27,TXGU7261745,8000236 P4 FSC GE,RE-04220,MSC,NAPORTEC,MEDLOG,2026-03-20,2026-03-23,2026-03-26,2026-04-09,,,,directa_hoja,2026-03-26,,SIN_PLAN,CUMPLE,6.0,,,False,False
20260327,20260320,20260324,20260325,20260409,,20260325,,1066,3,0,2026-03-27,TXGU8901030,8000236 P1 FSC GE,RE-03395,MSC,NAPORTEC,MEDLOG,2026-03-20,2026-03-24,2026-03-25,2026-04-09,,,,directa_hoja,2026-03-25,,SIN_PLAN,CUMPLE,5.0,,,False,False
20260327,20260305,20260309,20260310,20260319,20260317,20260310,20260318,1067,1,2,2026-03-27,TXGU8922990,5700011067 P5 - 8000203 P2 - 212 P5 - 8000242 P4 F,RE-05174,MSC,TPG,MEDLOG,2026-03-05,2026-03-09,2026-03-10,2026-03-19,2026-03-17,,,directa_hoja,2026-03-10,2026-03-18,PENDIENTE,CUMPLE,5.0,,,False,False
20260327,20260320,20260323,20260326,20260409,,20260326,,1071,3,0,2026-03-27,UETU6136275,8000236 P4 FSC GE,RE-04220,MSC,NAPORTEC,MEDLOG,2026-03-20,2026-03-23,2026-03-26,2026-04-09,,,,directa_hoja,2026-03-26,,SIN_PLAN,CUMPLE,6.0,,,False,False
20260327,20260218,20260223,20260224,20260324,20260307,20260224,20260307,1074,1,2,2026-03-27,UETU6392791,8000198 P5 FSC GE,RE-03838,HALO,TPG,TERCON,2026-02-18,2026-02-23,2026-02-24,2026-03-24,2026-03-07,,,directa_hoja,2026-02-24,2026-03-07,PENDIENTE,CUMPLE,6.0,,,False,False
20260327,20260315,20260317,20260320,20260329,20260327,20260320,,1077,3,0,2026-03-27,UETU6591598,5700011108 P2 GG,RE-07749,MSC,TPG,MEDLOG,2026-03-15,2026-03-17,2026-03-20,2026-03-29,2026-03-27,,,directa_hoja,2026-03-20,,PENDIENTE,CUMPLE,5.0,,,False,False
20260327,20260306,20260309,20260311,20260327,20260319,20260311,20260320,1079,1,2,2026-03-27,UETU6711775,8000229 P1 FSC GE,RE-06198,MSC,NAPORTEC,MEDLOG,2026-03-06,2026-03-09,2026-03-11,2026-03-27,2026-03-19,,,directa_hoja,2026-03-11,2026-03-20,PENDIENTE,CUMPLE,5.0,,,False,False
20260327,20260316,20260318,20260323,20260405,,20260323,,1081,3,0,2026-03-27,UETU6854544,URG SPLIT 8000220 P2 FSC GE,RE-07265,HALO,TPG,TERCON,2026-03-16,2026-03-18,2026-03-23,2026-04-05,,,,directa_hoja,2026-03-23,,SIN_PLAN,CUMPLE,7.0,,,False,False
20260327,20260306,20260309,20260312,20260327,20260318,20260312,20260318,1085,1,2,2026-03-27,UETU7401239,8000229 P1 FSC GE,RE-06198,MSC,NAPORTEC,MEDLOG,2026-03-06,2026-03-09,2026-03-12,2026-03-27,2026-03-18,,,directa_hoja,2026-03-12,2026-03-18,PENDIENTE,CUMPLE,6.0,,,False,False
20260327,20260315,20260318,20260321,20260329,,20260321,,1088,3,0,2026-03-27,UETU7674146,5700011284 P1 P3 GE,RE-06848,MSC,TPG,MEDLOG,2026-03-15,2026-03-18,2026-03-21,2026-03-29,,,,directa_hoja,2026-03-21,,SIN_PLAN,CUMPLE,6.0,,,False,False
20260327,20260215,20260219,20260223,20260307,20260306,20260223,20260306,1093,1,2,2026-03-27,UETU7928662,8000214 P2 FSC GG,RE-54128,MSC,NAPORTEC,MEDLOG,2026-02-15,2026-02-19,2026-02-23,2026-03-07,2026-03-06,,,directa_hoja,2026-02-23,2026-03-06,PENDIENTE,CUMPLE,8.0,,,False,False
20260327,20260214,20260219,20260221,20260306,20260305,20260221,20260305,1095,1,2,2026-03-27,UETU8092788,8000215 P1 FSC GG,RE-54392,MSC,TPG,MEDLOG,2026-02-14,2026-02-19,2026-02-21,2026-03-06,2026-03-05,,,directa_hoja,2026-02-21,2026-03-05,PENDIENTE,CUMPLE,7.0,,,False,False
